batter,batter_name,pitch_type,pitches_seen,swings,avg_bat_speed,avg_swing_length,avg_attack_angle,avg_attack_direction,avg_swing_path_tilt,whiff_rate,called_strike_rate,hard_hit_rate,contact_swings,avg_launch_speed,avg_launch_angle,avg_xwoba,outside_zone_pitches,chases,batter_chase_rate
455117,"Gallen, Zac",FF,191,89,67.104,6.819,9.145,-2.445,30.886,0.152,0.241,0.073,54,82.311,19.889,0.295,75,22,0.293
455117,"Gallen, Zac",SI,96,45,64.136,6.345,2.927,9.247,33.054,0.052,0.281,0.094,37,77.595,9.784,0.237,31,12,0.387
455117,"Gallen, Zac",SL,94,43,63.188,7.47,14.565,-14.823,32.801,0.213,0.202,0.032,21,73.2,3.762,0.215,48,17,0.354
456781,"Skubal, Tarik",CH,93,48,65.035,7.461,15.765,-11.121,36.331,0.172,0.065,0.011,29,79.945,14.552,0.18,57,19,0.333
456781,"Skubal, Tarik",FC,64,31,65.793,6.918,8.303,0.018,33.274,0.109,0.234,0.094,21,85.31,18.19,0.304,30,12,0.4
456781,"Skubal, Tarik",FF,225,113,63.007,6.321,1.204,10.489,30.906,0.098,0.218,0.089,86,85.508,27.14,0.252,103,36,0.35
456781,"Skubal, Tarik",SI,113,56,65.752,6.51,2.232,5.687,34.178,0.035,0.204,0.106,49,85.11,14.408,0.37,40,9,0.225
456781,"Skubal, Tarik",SL,90,51,64.286,7.118,12.41,-5.794,35.226,0.2,0.122,0.044,32,75.728,15.875,0.205,49,21,0.429
457705,"Peralta, Freddy",CH,156,70,69.125,7.931,17.982,-5.987,34.495,0.09,0.115,0.083,52,80.485,5.865,0.346,82,18,0.22
457705,"Peralta, Freddy",CU,140,60,66.397,8.095,18.301,-12.71,34.081,0.143,0.157,0.057,38,81.768,11.667,0.193,78,18,0.231
457705,"Peralta, Freddy",FC,191,68,68.555,7.548,13.085,2.291,34.175,0.089,0.236,0.026,47,77.736,22.298,0.355,96,15,0.156
457705,"Peralta, Freddy",FF,646,350,70.815,7.355,12.525,4.651,33.708,0.096,0.141,0.122,265,85.703,27.491,0.354,267,67,0.251
457705,"Peralta, Freddy",SI,415,197,71.829,7.421,11.344,5.48,36.186,0.084,0.173,0.104,143,84.581,6.438,0.384,176,31,0.176
457705,"Peralta, Freddy",SL,409,156,66.181,7.952,15.438,-6.07,34.56,0.144,0.176,0.042,85,81.336,10.094,0.335,213,35,0.164
457705,"Peralta, Freddy",ST,216,89,66.862,8.165,18.7,-11.448,33.121,0.139,0.144,0.037,50,81.526,19.36,0.187,128,30,0.234
457759,"Abbott, Andrew",CH,77,35,67.314,7.023,15.853,-6.906,35.092,0.078,0.052,0.026,26,79.127,5.154,0.234,51,16,0.314
457759,"Abbott, Andrew",FF,363,172,62.859,5.825,3.537,10.814,32.646,0.088,0.174,0.05,128,82.1,34.938,0.278,158,35,0.222
457759,"Abbott, Andrew",SI,110,53,64.792,6.141,6.746,4.626,35.436,0.009,0.227,0.118,51,83.214,24.431,0.332,39,9,0.231
457759,"Abbott, Andrew",SL,91,49,65.376,6.826,11.645,-2.831,37.085,0.11,0.044,0.121,38,85.442,18.211,0.357,54,19,0.352
467793,"Abbott, Andrew",CH,245,108,70.002,8.1,15.837,-15.114,26.425,0.147,0.106,0.069,68,81.453,6.412,0.262,167,54,0.323
467793,"Abbott, Andrew",CU,187,60,67.654,8.024,17.61,-16.909,26.314,0.107,0.225,0.032,34,75.332,-7.853,0.22,106,22,0.208
467793,"Abbott, Andrew",FC,180,90,68.852,7.333,11.95,0.145,25.816,0.094,0.156,0.106,68,82.713,16.088,0.289,74,14,0.189
467793,"Abbott, Andrew",FF,613,313,70.191,7.169,9.322,4.383,25.112,0.072,0.142,0.103,252,84.036,28.135,0.291,260,56,0.215
467793,"Abbott, Andrew",FS,98,47,67.973,8.055,17.367,-14.416,28.647,0.133,0.061,0.071,30,83.433,6.533,0.302,66,21,0.318
467793,"Abbott, Andrew",SI,247,110,71.358,7.406,9.497,2.552,28.433,0.069,0.186,0.126,85,87.349,17.718,0.371,114,30,0.263
467793,"Abbott, Andrew",SL,226,96,67.911,7.923,16.239,-13.012,29.151,0.15,0.181,0.053,51,80.798,15.353,0.28,118,33,0.28
467793,"Abbott, Andrew",ST,122,44,67.343,7.798,13.889,-14.003,27.94,0.107,0.18,0.041,26,77.688,15.692,0.27,67,13,0.194
500743,"Luzardo, Jesús",CH,124,59,67.197,7.576,13.714,-19.163,33.508,0.121,0.089,0.073,40,78.977,6.756,0.32,68,14,0.206
500743,"Luzardo, Jesús",FC,94,43,66.136,6.926,4.427,-6.833,31.204,0.064,0.128,0.032,34,77.397,20.118,0.244,48,10,0.208
500743,"Luzardo, Jesús",FF,376,166,65.389,6.481,3.036,4.263,31.232,0.029,0.221,0.074,149,82.803,26.691,0.302,166,37,0.223
500743,"Luzardo, Jesús",SI,214,91,65.659,6.534,1.777,6.244,32.808,0.014,0.262,0.121,84,84.352,5.583,0.31,86,18,0.209
500743,"Luzardo, Jesús",SL,166,88,64.161,7.42,10.382,-13.556,32.273,0.169,0.181,0.084,58,79.129,6.034,0.325,90,38,0.422
500743,"Luzardo, Jesús",ST,89,38,61.314,7.083,7.538,-4.652,31.132,0.079,0.135,0.034,31,69.955,26.71,0.232,55,15,0.273
502054,"Gray, Sonny",CH,108,53,73.337,7.553,12.344,-10.423,27.791,0.111,0.12,0.083,35,84.491,-3.229,0.321,57,17,0.298
502054,"Gray, Sonny",CU,104,34,69.656,7.3,13.577,-11.24,27.138,0.087,0.26,0.058,23,82.365,-7.217,0.144,52,11,0.212
502054,"Gray, Sonny",FC,143,68,70.913,6.755,5.419,6.366,27.549,0.105,0.161,0.07,42,86.093,18.674,0.332,56,9,0.161
502054,"Gray, Sonny",FF,484,200,71.189,6.444,4.814,12.245,26.547,0.076,0.213,0.105,149,87.693,20.523,0.399,198,22,0.111
502054,"Gray, Sonny",SI,340,152,71.992,6.683,4.689,5.104,28.515,0.032,0.215,0.135,130,86.552,0.477,0.333,129,25,0.194
502054,"Gray, Sonny",SL,291,121,72.031,7.434,10.275,-8.961,27.738,0.127,0.216,0.076,75,83.081,2.493,0.281,136,38,0.279
502054,"Gray, Sonny",ST,156,65,72.052,7.46,11.306,-11.132,27.036,0.115,0.212,0.032,45,76.878,22.244,0.167,71,13,0.183
502671,"Crochet, Garrett",CH,186,102,71.509,8.062,14.289,-5.166,33.753,0.151,0.091,0.113,65,83.846,10.969,0.331,102,36,0.353
502671,"Crochet, Garrett",CU,96,31,71.583,7.843,10.166,-0.416,34.242,0.042,0.198,0.083,25,86.976,19.04,0.357,54,8,0.148
502671,"Crochet, Garrett",FC,231,100,71.681,7.624,9.931,2.602,30.397,0.078,0.203,0.095,73,86.211,17.836,0.386,108,25,0.231
502671,"Crochet, Garrett",FF,627,336,71.572,7.194,6.258,8.633,29.269,0.069,0.152,0.12,267,85.734,35.337,0.364,255,68,0.267
502671,"Crochet, Garrett",FS,76,46,71.509,8.011,14.862,-5.417,35.162,0.118,0.053,0.105,36,83.064,9.444,0.254,42,16,0.381
502671,"Crochet, Garrett",SI,342,200,71.972,7.271,5.795,8.93,34.057,0.082,0.184,0.132,158,84.644,18.709,0.33,150,70,0.467
502671,"Crochet, Garrett",SL,342,129,69.626,7.817,12.287,-0.446,31.839,0.123,0.231,0.061,79,84.392,17.418,0.291,180,37,0.206
502671,"Crochet, Garrett",ST,189,61,71.011,7.77,12.504,-3.469,31.708,0.085,0.19,0.048,41,85.295,17.78,0.296,106,16,0.151
514888,"Severino, Luis",CH,216,115,66.162,7.658,17.549,-14.583,30.339,0.093,0.157,0.083,89,80.394,6.656,0.194,107,41,0.383
514888,"Severino, Luis",CU,115,57,63.86,7.494,19.471,-13.178,29.548,0.13,0.122,0.061,38,76.992,-5.103,0.282,68,26,0.382
514888,"Severino, Luis",FC,206,99,66.291,7.343,14.95,-2.103,27.953,0.068,0.189,0.131,80,83.205,21.888,0.304,111,45,0.405
514888,"Severino, Luis",FF,526,255,69.059,7.143,10.587,2.831,27.092,0.063,0.192,0.103,201,84.179,32.801,0.379,287,111,0.387
514888,"Severino, Luis",FS,82,38,67.668,7.815,17.852,-13.369,30.357,0.098,0.098,0.049,26,81.104,-1.038,0.368,50,15,0.3
514888,"Severino, Luis",SI,478,202,67.209,7.036,9.554,4.012,29.631,0.046,0.222,0.073,164,79.707,12.933,0.341,241,79,0.328
514888,"Severino, Luis",SL,399,221,66.5,7.784,17.427,-10.424,28.891,0.14,0.118,0.063,155,80.375,14.129,0.247,228,95,0.417
514888,"Severino, Luis",ST,241,122,62.984,7.594,17.285,-9.711,27.135,0.12,0.129,0.037,87,76.306,20.333,0.242,152,65,0.428
516782,"Luzardo, Jesús",CH,149,74,73.825,7.794,14.786,-10.601,36.678,0.174,0.121,0.06,41,82.088,4.293,0.33,83,26,0.313
516782,"Luzardo, Jesús",CU,63,32,67.406,7.297,9.122,0.208,36.291,0.127,0.206,0.175,22,85.068,3.818,0.424,32,13,0.406
516782,"Luzardo, Jesús",FC,120,60,71.014,7.085,8.085,3.061,34.272,0.125,0.117,0.075,39,80.936,16.051,0.39,56,14,0.25
516782,"Luzardo, Jesús",FF,389,192,69.076,6.677,2.566,8.539,33.167,0.059,0.19,0.111,158,82.668,25.101,0.339,150,32,0.213
516782,"Luzardo, Jesús",SI,199,101,70.777,6.891,3.368,4.289,37.419,0.095,0.191,0.106,74,81.697,-0.446,0.271,84,26,0.31
516782,"Luzardo, Jesús",SL,190,92,69.067,7.498,10.954,-4.504,36.271,0.168,0.195,0.037,53,76.313,6.811,0.267,105,42,0.4
516782,"Luzardo, Jesús",ST,82,46,68.124,7.238,6.382,1.031,35.798,0.159,0.098,0.061,24,75.492,18.958,0.263,44,15,0.341
518595,"Corbin, Patrick",CH,54,31,68.307,7.913,15.573,-6.585,35.127,0.241,0.037,0.093,15,83.713,-12.0,0.155,36,15,0.417
518595,"Corbin, Patrick",FC,68,39,69.635,7.762,14.166,-0.48,32.808,0.235,0.221,0.044,22,81.686,25.636,0.253,22,9,0.409
518595,"Corbin, Patrick",FF,266,156,69.225,7.374,11.202,5.558,29.92,0.132,0.154,0.094,108,85.259,31.593,0.3,117,48,0.41
518595,"Corbin, Patrick",SI,132,74,68.596,7.164,8.691,8.797,34.343,0.114,0.159,0.106,57,82.091,12.035,0.272,54,18,0.333
518595,"Corbin, Patrick",SL,167,79,69.23,7.996,16.774,-10.639,33.816,0.192,0.096,0.072,46,80.989,16.522,0.285,88,18,0.205
518595,"Corbin, Patrick",ST,93,50,66.941,7.947,18.006,-12.812,32.639,0.151,0.075,0.054,34,79.982,22.647,0.336,47,11,0.234
518692,"Pfaadt, Brandon",CH,284,129,68.388,7.302,14.574,-4.504,44.052,0.13,0.088,0.049,87,80.928,6.161,0.315,196,65,0.332
518692,"Pfaadt, Brandon",CU,211,95,67.749,7.387,16.988,-8.103,45.107,0.133,0.09,0.076,62,84.25,14.065,0.273,135,42,0.311
518692,"Pfaadt, Brandon",FC,246,120,69.584,6.616,8.898,4.413,43.274,0.118,0.142,0.069,84,81.038,14.667,0.359,108,22,0.204
518692,"Pfaadt, Brandon",FF,857,494,68.648,6.391,4.882,8.501,40.736,0.113,0.114,0.117,369,86.133,26.512,0.382,342,82,0.24
518692,"Pfaadt, Brandon",FS,121,57,68.248,7.516,18.724,-10.15,43.209,0.14,0.099,0.099,37,84.389,17.405,0.343,79,29,0.367
518692,"Pfaadt, Brandon",KC,73,31,66.043,7.53,18.925,-11.088,46.038,0.205,0.233,0.068,16,79.25,5.812,0.264,42,16,0.381
518692,"Pfaadt, Brandon",SI,352,197,69.469,6.545,5.008,8.721,43.437,0.114,0.131,0.148,145,87.35,10.621,0.399,158,51,0.323
518692,"Pfaadt, Brandon",SL,362,178,67.24,7.125,13.663,-4.793,43.424,0.188,0.11,0.064,100,82.805,11.07,0.303,205,59,0.288
518692,"Pfaadt, Brandon",ST,172,88,67.333,7.256,14.721,-4.03,43.292,0.18,0.099,0.081,52,84.048,19.904,0.337,87,22,0.253
518792,"Soriano, José",FF,98,48,73.302,7.836,5.661,0.73,28.69,0.061,0.214,0.122,39,83.182,24.359,0.267,36,8,0.222
518934,"Crochet, Garrett",FF,139,55,65.337,6.698,2.185,24.315,26.893,0.05,0.266,0.158,47,91.017,20.915,0.346,56,7,0.125
518934,"Crochet, Garrett",SI,122,49,64.0,6.506,-0.552,25.591,28.829,0.066,0.27,0.098,37,87.081,17.216,0.321,52,14,0.269
518934,"Crochet, Garrett",SL,91,48,66.209,7.521,8.994,6.288,27.913,0.132,0.099,0.143,34,82.874,2.735,0.295,46,13,0.283
519317,"Gausman, Kevin",CH,118,53,79.498,9.29,14.933,-11.875,29.887,0.169,0.127,0.119,29,92.355,1.862,0.357,80,31,0.388
519317,"Gausman, Kevin",CU,66,34,77.53,9.33,14.587,-15.275,29.494,0.167,0.152,0.136,23,87.004,17.478,0.327,37,14,0.378
519317,"Gausman, Kevin",FC,122,44,80.512,8.691,9.09,0.678,26.969,0.115,0.238,0.066,26,84.05,18.462,0.35,62,15,0.242
519317,"Gausman, Kevin",FF,405,178,78.822,8.073,5.322,8.535,26.417,0.133,0.195,0.074,106,85.767,29.717,0.353,161,24,0.149
519317,"Gausman, Kevin",SI,206,65,78.665,8.22,3.951,5.305,29.321,0.068,0.296,0.078,48,83.854,8.188,0.358,100,20,0.2
519317,"Gausman, Kevin",SL,221,102,78.591,9.33,14.987,-12.789,28.382,0.213,0.149,0.1,53,87.572,16.962,0.42,118,36,0.305
519317,"Gausman, Kevin",ST,114,49,79.527,9.077,12.513,-8.384,27.306,0.123,0.158,0.096,31,87.094,22.71,0.334,70,20,0.286
521692,"Ober, Bailey",CH,222,140,71.908,8.318,16.504,-12.658,37.263,0.162,0.068,0.095,97,81.235,8.588,0.276,148,81,0.547
521692,"Ober, Bailey",CU,131,69,68.814,8.31,18.719,-19.029,36.505,0.168,0.099,0.069,42,82.038,12.69,0.295,85,37,0.435
521692,"Ober, Bailey",FC,187,115,71.794,7.758,11.777,-1.233,32.307,0.144,0.086,0.096,81,81.598,18.963,0.373,96,42,0.438
521692,"Ober, Bailey",FF,643,371,71.728,7.277,7.607,5.609,32.131,0.132,0.107,0.109,256,85.07,30.637,0.381,282,92,0.326
521692,"Ober, Bailey",FS,53,32,72.647,8.357,16.292,-18.276,36.234,0.208,0.038,0.189,17,94.935,17.235,0.38,31,12,0.387
521692,"Ober, Bailey",SI,315,185,73.15,7.496,7.254,1.042,35.188,0.06,0.175,0.19,155,85.602,14.224,0.412,127,54,0.425
521692,"Ober, Bailey",SL,379,209,71.038,8.211,14.913,-11.518,35.399,0.174,0.113,0.119,132,84.878,18.492,0.346,222,93,0.419
521692,"Ober, Bailey",ST,266,146,69.1,8.312,18.006,-14.859,34.386,0.177,0.098,0.071,90,80.82,23.144,0.326,180,85,0.472
527038,"Freeland, Kyle",CH,202,98,64.917,7.364,15.983,-15.851,35.607,0.119,0.124,0.074,69,77.961,6.957,0.335,120,41,0.342
527038,"Freeland, Kyle",CU,94,34,63.291,7.128,16.482,-13.972,32.285,0.074,0.255,0.043,25,78.296,9.32,0.294,45,10,0.222
527038,"Freeland, Kyle",FC,137,53,65.424,6.982,12.142,-7.969,30.978,0.08,0.263,0.066,40,82.692,23.925,0.246,68,15,0.221
527038,"Freeland, Kyle",FF,610,334,63.434,6.461,6.094,3.651,29.883,0.061,0.177,0.08,276,82.537,32.152,0.299,258,83,0.322
527038,"Freeland, Kyle",SI,275,131,65.273,6.564,7.5,-0.019,33.498,0.033,0.225,0.113,112,84.318,9.407,0.343,111,33,0.297
527038,"Freeland, Kyle",SL,319,132,62.201,7.19,13.76,-13.506,32.756,0.138,0.232,0.041,85,78.374,17.188,0.215,171,51,0.298
527038,"Freeland, Kyle",ST,198,79,61.932,7.062,14.704,-12.515,32.411,0.136,0.217,0.04,48,79.467,20.979,0.214,105,27,0.257
542303,"Holmes, Clay",CH,250,101,72.129,7.698,18.991,-8.165,41.07,0.104,0.128,0.06,70,79.77,4.071,0.26,165,47,0.285
542303,"Holmes, Clay",CU,147,51,70.163,7.933,21.876,-15.9,39.752,0.102,0.19,0.054,34,78.603,4.294,0.396,93,27,0.29
542303,"Holmes, Clay",FC,166,57,72.07,6.837,9.948,6.618,35.902,0.066,0.313,0.072,40,84.715,24.475,0.505,64,6,0.094
542303,"Holmes, Clay",FF,726,296,70.17,6.538,7.052,10.485,33.769,0.074,0.222,0.072,215,84.659,28.935,0.406,296,49,0.166
542303,"Holmes, Clay",FS,91,42,71.67,7.678,18.95,-9.512,39.249,0.209,0.088,0.033,22,82.627,14.5,0.204,53,14,0.264
542303,"Holmes, Clay",SI,510,194,70.21,6.772,7.102,8.335,37.984,0.039,0.253,0.09,153,84.467,11.312,0.372,249,49,0.197
542303,"Holmes, Clay",SL,437,170,72.038,7.513,17.45,-5.233,37.7,0.13,0.137,0.059,99,83.196,13.737,0.332,269,62,0.23
542303,"Holmes, Clay",ST,236,103,70.978,7.626,18.086,-8.351,37.212,0.14,0.148,0.042,65,78.628,29.523,0.286,144,44,0.306
542932,"Rodón, Carlos",FF,128,68,69.479,6.999,-2.613,14.429,28.07,0.125,0.148,0.078,44,79.623,18.659,0.315,46,7,0.152
542932,"Rodón, Carlos",SI,79,39,71.208,7.203,-1.026,14.643,29.775,0.089,0.203,0.076,29,81.348,14.586,0.253,29,7,0.241
543309,"Kikuchi, Yusei",CH,137,74,69.032,7.663,18.003,-16.607,33.189,0.168,0.08,0.058,46,78.75,13.043,0.231,79,27,0.342
543309,"Kikuchi, Yusei",FC,81,40,70.678,7.232,13.013,-4.704,32.547,0.099,0.21,0.136,29,87.317,22.207,0.39,35,10,0.286
543309,"Kikuchi, Yusei",FF,352,171,70.19,6.811,9.498,0.936,31.839,0.045,0.236,0.108,146,84.957,28.932,0.31,129,32,0.248
543309,"Kikuchi, Yusei",SI,225,102,70.172,6.786,7.355,1.131,33.063,0.036,0.236,0.156,90,86.741,17.756,0.34,90,22,0.244
543309,"Kikuchi, Yusei",SL,203,96,66.152,7.518,14.147,-11.73,32.293,0.167,0.138,0.069,58,81.248,23.0,0.295,114,37,0.325
543309,"Kikuchi, Yusei",ST,118,34,62.491,7.318,13.184,-7.995,32.142,0.127,0.22,0.017,17,77.018,24.765,0.205,71,15,0.211
543510,"Sears, JP",FF,146,57,68.767,6.191,0.187,12.28,36.04,0.068,0.199,0.103,43,87.47,21.395,0.396,78,12,0.154
543510,"Sears, JP",SI,82,32,67.71,6.274,0.378,7.967,37.295,0.073,0.244,0.11,23,87.348,5.826,0.454,36,5,0.139
543510,"Sears, JP",SL,96,55,70.116,7.245,12.557,-12.233,38.476,0.188,0.104,0.135,31,85.81,4.625,0.364,49,21,0.429
543510,"Sears, JP",ST,65,42,67.731,7.483,17.824,-14.823,35.078,0.323,0.092,0.077,20,78.66,29.35,0.138,38,22,0.579
543760,"Kikuchi, Yusei",CH,184,87,67.337,8.085,20.337,-10.088,36.158,0.141,0.071,0.043,53,77.855,7.132,0.327,113,28,0.248
543760,"Kikuchi, Yusei",CU,83,38,65.668,8.041,21.641,-11.54,36.259,0.06,0.108,0.012,30,77.003,10.333,0.364,45,9,0.2
543760,"Kikuchi, Yusei",FC,197,110,65.736,7.606,14.623,-0.552,34.21,0.137,0.117,0.066,70,79.119,21.4,0.348,87,27,0.31
543760,"Kikuchi, Yusei",FF,580,322,68.502,7.433,12.364,1.509,33.46,0.079,0.116,0.091,259,84.885,34.039,0.311,243,50,0.206
543760,"Kikuchi, Yusei",SI,400,166,67.516,7.401,10.719,2.271,36.214,0.048,0.175,0.102,139,84.578,9.223,0.371,195,29,0.149
543760,"Kikuchi, Yusei",SL,348,162,63.615,7.851,16.222,-6.056,35.642,0.161,0.129,0.063,100,79.245,8.85,0.292,196,54,0.276
543760,"Kikuchi, Yusei",ST,180,80,63.696,7.901,18.87,-6.977,34.757,0.072,0.122,0.056,59,77.92,21.661,0.256,105,26,0.248
543807,"Fried, Max",CH,314,140,70.587,7.965,18.047,-8.674,37.527,0.108,0.102,0.064,92,78.828,6.587,0.374,188,43,0.229
543807,"Fried, Max",CU,127,44,69.145,7.879,17.003,-9.437,35.267,0.071,0.142,0.071,30,81.543,2.4,0.355,78,14,0.179
543807,"Fried, Max",FC,234,115,73.174,7.346,11.053,3.953,34.565,0.111,0.162,0.081,83,81.588,16.819,0.342,102,28,0.275
543807,"Fried, Max",FF,685,360,73.018,7.107,9.814,7.626,33.312,0.109,0.115,0.112,259,85.082,31.672,0.469,292,53,0.182
543807,"Fried, Max",FS,95,49,68.213,7.778,16.24,-8.031,38.918,0.179,0.074,0.042,24,74.533,2.958,0.163,50,14,0.28
543807,"Fried, Max",SI,461,213,72.52,7.166,7.86,7.805,36.032,0.052,0.176,0.128,175,85.772,14.503,0.478,189,23,0.122
543807,"Fried, Max",SL,402,175,69.281,7.676,15.223,-3.556,35.521,0.159,0.179,0.072,99,82.655,13.263,0.299,219,60,0.274
543807,"Fried, Max",ST,191,83,69.803,7.817,16.171,-6.417,35.361,0.141,0.147,0.084,54,84.631,24.519,0.398,111,27,0.243
543877,"Boyle, Joe",FC,71,33,66.474,6.89,9.74,-1.519,25.585,0.042,0.268,0.099,29,82.083,5.897,0.338,27,9,0.333
543877,"Boyle, Joe",FF,296,141,65.612,6.375,3.813,8.147,25.25,0.078,0.179,0.051,112,82.96,29.67,0.252,139,37,0.266
543877,"Boyle, Joe",SI,172,70,64.322,6.278,2.035,7.383,28.059,0.047,0.221,0.035,58,78.791,27.0,0.315,84,25,0.298
543877,"Boyle, Joe",SL,114,44,64.907,7.033,9.881,-6.405,27.829,0.061,0.184,0.096,36,82.758,16.75,0.316,65,14,0.215
545121,"Scott, Tanner",CH,51,30,71.307,7.989,12.5,-20.229,26.061,0.157,0.098,0.078,20,83.245,-1.25,0.276,27,11,0.407
545121,"Scott, Tanner",FF,143,71,69.412,6.86,0.531,6.377,22.211,0.028,0.28,0.119,63,84.605,20.714,0.265,47,17,0.362
545121,"Scott, Tanner",SL,62,36,66.825,7.744,7.368,-12.74,26.078,0.177,0.145,0.113,24,87.696,-1.292,0.25,36,17,0.472
545341,"Sale, Chris",CH,125,64,73.833,8.281,14.94,-17.74,29.065,0.168,0.08,0.152,40,88.962,4.425,0.281,76,25,0.329
545341,"Sale, Chris",FC,57,30,71.638,7.393,7.719,1.019,28.589,0.07,0.07,0.105,25,84.132,23.96,0.246,29,6,0.207
545341,"Sale, Chris",FF,352,173,71.337,6.946,4.428,11.026,26.082,0.057,0.159,0.102,138,85.52,33.304,0.375,156,40,0.256
545341,"Sale, Chris",SI,114,58,72.461,7.339,6.707,1.717,29.154,0.018,0.228,0.202,54,88.593,7.759,0.418,53,21,0.396
545341,"Sale, Chris",SL,228,123,73.579,8.102,12.863,-14.717,29.126,0.123,0.162,0.127,91,85.196,14.185,0.29,105,43,0.41
545361,"Corbin, Patrick",CH,153,75,72.78,8.3,17.54,-15.456,39.899,0.203,0.065,0.065,42,83.362,6.262,0.312,115,51,0.443
545361,"Corbin, Patrick",FC,198,78,71.784,7.534,7.937,0.4,36.988,0.091,0.242,0.076,53,83.242,19.264,0.377,88,20,0.227
545361,"Corbin, Patrick",FF,1128,454,72.36,6.977,2.445,8.784,34.815,0.104,0.168,0.054,291,82.426,32.27,0.354,473,48,0.101
545361,"Corbin, Patrick",SI,314,124,73.5,7.155,1.864,5.323,39.226,0.025,0.217,0.115,102,85.197,11.233,0.397,141,27,0.191
545361,"Corbin, Patrick",SL,311,112,70.298,8.051,13.959,-9.065,35.955,0.141,0.222,0.051,59,82.407,23.441,0.339,172,49,0.285
545361,"Corbin, Patrick",ST,212,60,69.781,7.781,11.605,-4.213,36.354,0.099,0.236,0.033,35,81.226,24.029,0.323,133,30,0.226
547180,"Parker, Mitchell",CH,184,97,73.688,7.626,14.094,-4.18,35.93,0.125,0.065,0.098,64,84.466,13.156,0.379,120,43,0.358
547180,"Parker, Mitchell",CU,259,155,71.979,7.984,18.829,-17.46,35.549,0.247,0.069,0.085,86,80.822,1.988,0.263,166,79,0.476
547180,"Parker, Mitchell",FC,114,64,74.219,7.212,11.646,-1.37,34.501,0.088,0.114,0.175,52,85.66,20.231,0.603,54,18,0.333
547180,"Parker, Mitchell",FF,640,332,73.006,6.572,2.772,12.794,35.274,0.125,0.086,0.088,222,85.964,29.108,0.426,335,85,0.254
547180,"Parker, Mitchell",FS,77,45,73.8,7.698,15.415,-7.729,36.679,0.143,0.013,0.195,34,88.618,3.971,0.333,49,18,0.367
547180,"Parker, Mitchell",KC,60,34,71.748,7.836,17.621,-13.06,34.171,0.25,0.083,0.083,19,78.958,-1.579,0.264,36,15,0.417
547180,"Parker, Mitchell",SI,286,145,71.327,6.551,1.952,12.546,36.322,0.066,0.157,0.129,114,85.198,6.939,0.372,132,39,0.295
547180,"Parker, Mitchell",SL,398,218,72.333,7.727,15.381,-9.834,35.521,0.216,0.07,0.08,116,82.277,14.552,0.274,253,101,0.399
547180,"Parker, Mitchell",ST,177,98,68.996,7.647,17.593,-11.859,33.62,0.209,0.079,0.079,59,81.68,23.492,0.392,105,41,0.39
553869,"Nelson, Ryne",CH,73,43,70.705,7.05,7.298,-12.02,30.926,0.178,0.068,0.11,26,81.392,1.654,0.269,46,21,0.457
553869,"Nelson, Ryne",FC,55,30,71.88,6.867,8.428,-5.006,28.849,0.182,0.091,0.127,17,84.082,21.059,0.306,26,6,0.231
553869,"Nelson, Ryne",FF,379,183,70.915,6.421,1.483,5.213,28.996,0.148,0.137,0.061,115,81.681,33.313,0.328,188,44,0.234
553869,"Nelson, Ryne",SI,139,75,70.714,6.384,1.131,5.226,30.29,0.094,0.23,0.158,56,85.898,15.821,0.337,47,15,0.319
553869,"Nelson, Ryne",SL,187,104,68.788,7.173,9.276,-11.519,28.18,0.23,0.123,0.053,54,80.319,17.071,0.195,98,36,0.367
553869,"Nelson, Ryne",ST,82,44,71.19,7.241,12.182,-15.273,27.16,0.244,0.134,0.012,23,75.422,25.13,0.114,41,14,0.341
553993,"Sale, Chris",CH,223,121,71.575,8.103,20.931,-11.71,39.562,0.197,0.072,0.112,71,86.141,9.239,0.281,137,50,0.365
553993,"Sale, Chris",CU,147,82,64.259,7.868,22.855,-14.836,38.91,0.245,0.177,0.041,39,77.91,4.744,0.139,83,41,0.494
553993,"Sale, Chris",FC,164,96,72.476,7.826,18.637,-3.301,38.699,0.146,0.104,0.11,62,82.892,21.129,0.368,75,26,0.347
553993,"Sale, Chris",FF,895,429,69.514,7.185,11.241,8.63,37.756,0.125,0.155,0.087,278,85.391,29.54,0.357,380,67,0.176
553993,"Sale, Chris",FS,82,43,70.96,8.347,25.1,-22.995,39.586,0.22,0.098,0.037,20,87.5,17.5,0.333,52,22,0.423
553993,"Sale, Chris",SI,459,209,71.403,7.413,11.52,3.727,39.902,0.094,0.209,0.083,151,81.33,9.424,0.337,193,40,0.207
553993,"Sale, Chris",SL,527,284,68.873,8.104,22.342,-12.291,39.425,0.226,0.102,0.089,146,84.579,12.589,0.329,300,117,0.39
553993,"Sale, Chris",ST,266,129,67.564,8.022,22.597,-13.832,39.268,0.154,0.158,0.075,74,80.847,24.257,0.241,148,56,0.378
570482,"Corbin, Patrick",FC,72,40,68.225,7.172,7.168,6.031,36.575,0.139,0.167,0.056,28,80.811,10.607,0.335,38,16,0.421
570482,"Corbin, Patrick",FF,202,113,66.554,6.795,7.625,13.026,32.752,0.149,0.119,0.074,76,83.824,19.539,0.268,87,23,0.264
570482,"Corbin, Patrick",SI,135,75,69.419,6.807,5.613,10.364,36.663,0.104,0.2,0.089,51,80.367,8.588,0.257,52,20,0.385
570482,"Corbin, Patrick",SL,110,66,65.648,7.531,13.317,-0.709,36.519,0.227,0.045,0.073,37,81.735,13.784,0.311,67,28,0.418
570482,"Corbin, Patrick",ST,67,32,65.35,7.372,13.449,-0.664,34.386,0.164,0.119,0.045,20,79.4,5.25,0.237,38,12,0.316
571448,"Abbott, Andrew",CH,137,81,70.355,8.744,12.168,-12.938,34.791,0.139,0.073,0.109,60,83.312,15.9,0.176,91,44,0.484
571448,"Abbott, Andrew",CU,62,31,69.987,8.742,13.901,-17.02,34.579,0.081,0.21,0.097,25,81.556,7.4,0.421,31,13,0.419
571448,"Abbott, Andrew",FC,111,52,69.765,8.296,8.783,-4.307,33.845,0.036,0.153,0.108,46,81.846,18.0,0.399,58,17,0.293
571448,"Abbott, Andrew",FF,452,232,69.698,7.927,6.433,-0.29,30.858,0.053,0.162,0.097,194,83.313,32.51,0.316,210,65,0.31
571448,"Abbott, Andrew",SI,297,126,71.238,8.028,6.298,-1.395,34.33,0.017,0.242,0.162,112,87.956,8.947,0.32,123,25,0.203
571448,"Abbott, Andrew",SL,302,149,68.178,8.789,13.655,-15.728,34.158,0.146,0.142,0.086,97,81.988,11.856,0.293,172,63,0.366
571448,"Abbott, Andrew",ST,149,72,66.296,8.649,12.943,-12.866,31.118,0.141,0.174,0.054,46,78.822,27.63,0.169,83,33,0.398
571657,"Boyd, Matthew",CH,95,49,67.843,7.466,20.98,-11.467,36.919,0.116,0.095,0.095,33,83.206,12.0,0.254,52,15,0.288
571657,"Boyd, Matthew",CU,58,30,64.834,7.176,19.317,-8.486,33.698,0.138,0.172,0.103,20,86.85,10.9,0.278,29,10,0.345
571657,"Boyd, Matthew",FF,410,191,63.801,6.206,4.65,11.713,30.983,0.078,0.234,0.071,147,83.739,26.272,0.33,165,41,0.248
571657,"Boyd, Matthew",SI,187,82,65.039,6.308,6.453,7.549,34.043,0.043,0.283,0.091,71,81.689,14.319,0.291,72,20,0.278
571657,"Boyd, Matthew",SL,157,83,65.672,7.298,18.88,-9.422,35.446,0.134,0.121,0.051,54,81.537,6.204,0.189,83,32,0.386
571657,"Boyd, Matthew",ST,102,45,65.034,7.275,18.912,-13.294,36.291,0.118,0.225,0.049,32,79.394,11.375,0.227,52,16,0.308
571771,"Sánchez, Cristopher",CH,121,70,70.797,7.968,14.742,-8.737,31.282,0.157,0.05,0.116,47,85.557,9.766,0.318,76,29,0.382
571771,"Sánchez, Cristopher",CU,101,49,67.657,7.722,14.176,-10.41,29.817,0.178,0.149,0.05,25,79.776,16.44,0.107,59,22,0.373
571771,"Sánchez, Cristopher",FC,73,33,70.036,7.364,7.245,0.296,29.076,0.082,0.233,0.11,26,86.085,26.962,0.501,31,11,0.355
571771,"Sánchez, Cristopher",FF,319,166,69.776,6.989,4.511,7.517,26.87,0.107,0.154,0.085,111,84.895,30.598,0.309,129,32,0.248
571771,"Sánchez, Cristopher",SI,213,102,68.691,6.956,3.058,10.532,30.277,0.085,0.216,0.085,73,84.762,17.699,0.285,96,31,0.323
571771,"Sánchez, Cristopher",SL,250,144,69.53,7.757,13.073,-10.495,30.469,0.204,0.08,0.072,85,82.955,18.047,0.211,135,50,0.37
571771,"Sánchez, Cristopher",ST,108,44,64.082,7.514,12.101,-11.052,28.36,0.167,0.157,0.019,22,75.182,31.773,0.232,70,20,0.286
571970,"Webb, Logan",CH,165,75,70.273,7.334,21.049,-8.029,35.46,0.17,0.097,0.079,39,83.954,8.436,0.409,106,35,0.33
571970,"Webb, Logan",CU,202,70,68.057,7.363,23.601,-11.895,35.955,0.114,0.188,0.05,41,81.307,-4.927,0.275,108,16,0.148
571970,"Webb, Logan",FC,184,76,68.412,6.571,13.643,4.007,34.395,0.06,0.179,0.082,58,83.874,24.712,0.332,91,14,0.154
571970,"Webb, Logan",FF,521,239,68.688,6.452,11.556,6.015,32.372,0.058,0.152,0.106,192,85.596,39.453,0.454,243,43,0.177
571970,"Webb, Logan",FS,85,38,71.681,7.461,23.838,-16.207,35.787,0.188,0.082,0.082,19,85.426,2.684,0.27,53,13,0.245
571970,"Webb, Logan",SI,213,84,69.332,6.475,9.472,7.058,34.224,0.047,0.235,0.117,68,86.318,16.809,0.493,91,9,0.099
571970,"Webb, Logan",SL,280,114,68.83,7.309,22.198,-12.615,36.167,0.125,0.182,0.079,68,84.574,10.456,0.266,138,29,0.21
571970,"Webb, Logan",ST,139,52,68.654,7.324,22.973,-11.696,36.695,0.144,0.158,0.072,29,88.431,14.931,0.303,78,18,0.231
572191,"Cantillo, Joey",CH,170,92,67.309,7.474,19.841,-12.779,32.847,0.294,0.076,0.053,33,79.945,16.0,0.195,110,43,0.391
572191,"Cantillo, Joey",CU,84,31,61.612,7.042,11.942,-16.935,34.141,0.131,0.131,0.036,18,78.206,9.722,0.213,49,12,0.245
572191,"Cantillo, Joey",FC,81,43,71.221,6.874,10.52,5.47,31.061,0.185,0.148,0.099,27,79.63,21.815,0.401,38,11,0.289
572191,"Cantillo, Joey",FF,399,215,66.892,6.119,7.305,15.285,31.648,0.163,0.12,0.09,135,84.035,32.222,0.317,156,35,0.224
572191,"Cantillo, Joey",SI,188,92,69.805,6.399,5.69,10.635,34.666,0.096,0.202,0.085,62,85.058,11.968,0.29,76,21,0.276
572191,"Cantillo, Joey",SL,171,83,68.428,7.401,16.824,-11.286,32.599,0.216,0.216,0.058,43,80.419,6.0,0.214,79,27,0.342
572191,"Cantillo, Joey",ST,106,46,64.193,7.366,17.145,-21.336,33.064,0.255,0.142,0.047,19,72.326,23.579,0.263,69,24,0.348
572233,"Hendricks, Kyle",CH,192,107,72.777,8.051,15.673,-17.522,30.893,0.193,0.083,0.115,63,86.578,11.734,0.233,104,36,0.346
572233,"Hendricks, Kyle",CU,180,83,66.503,7.903,16.677,-20.478,28.337,0.233,0.117,0.056,37,82.059,9.757,0.165,106,29,0.274
572233,"Hendricks, Kyle",FC,207,100,72.472,7.505,9.108,-4.627,29.083,0.068,0.126,0.097,84,81.204,22.131,0.324,108,28,0.259
572233,"Hendricks, Kyle",FF,841,473,72.446,6.969,4.023,7.344,27.657,0.145,0.12,0.076,315,83.642,36.092,0.323,349,81,0.232
572233,"Hendricks, Kyle",SI,425,228,74.07,7.154,4.5,2.673,32.379,0.071,0.16,0.155,181,85.514,8.768,0.385,173,49,0.283
572233,"Hendricks, Kyle",SL,380,186,70.089,7.874,12.98,-12.155,28.842,0.195,0.105,0.074,102,82.234,11.951,0.327,226,70,0.31
572233,"Hendricks, Kyle",ST,184,87,68.023,7.83,15.058,-14.999,28.272,0.207,0.103,0.065,44,82.698,22.114,0.314,116,37,0.319
573262,"Flaherty, Jack",CH,213,92,69.824,7.788,12.017,-5.169,31.056,0.07,0.075,0.089,71,82.048,14.472,0.399,140,40,0.286
573262,"Flaherty, Jack",CU,172,67,70.009,7.888,15.852,-12.952,32.779,0.064,0.215,0.076,53,83.491,7.019,0.263,96,30,0.312
573262,"Flaherty, Jack",FC,202,94,70.11,7.423,10.276,-2.979,31.168,0.084,0.198,0.124,73,84.878,29.356,0.355,86,16,0.186
573262,"Flaherty, Jack",FF,920,375,69.765,7.129,8.417,3.984,28.919,0.064,0.21,0.089,295,86.704,32.963,0.338,400,53,0.132
573262,"Flaherty, Jack",FS,88,41,68.023,7.705,11.288,-12.359,33.085,0.125,0.034,0.08,26,80.604,14.074,0.259,57,17,0.298
573262,"Flaherty, Jack",SI,264,108,68.963,7.08,7.086,6.877,30.851,0.064,0.246,0.087,84,84.318,16.821,0.347,113,27,0.239
573262,"Flaherty, Jack",SL,243,110,68.883,7.738,12.169,-10.799,31.71,0.078,0.173,0.099,83,84.102,12.807,0.267,134,40,0.299
573262,"Flaherty, Jack",ST,122,42,69.133,7.514,11.747,-6.51,31.06,0.066,0.156,0.041,31,76.729,19.29,0.353,73,16,0.219
575929,"Mlodzinski, Carmen",CH,181,89,73.994,8.266,14.306,-10.513,35.667,0.149,0.133,0.094,56,83.134,6.339,0.365,105,39,0.371
575929,"Mlodzinski, Carmen",CU,120,55,73.582,8.198,13.481,-13.317,33.714,0.183,0.208,0.092,29,87.886,6.448,0.268,63,22,0.349
575929,"Mlodzinski, Carmen",FC,120,63,75.189,7.898,8.922,1.84,31.981,0.125,0.175,0.108,45,82.369,16.756,0.373,59,23,0.39
575929,"Mlodzinski, Carmen",FF,672,301,74.24,7.405,3.032,10.467,31.196,0.094,0.161,0.095,212,84.683,28.717,0.429,300,55,0.183
575929,"Mlodzinski, Carmen",FS,69,34,73.77,8.388,15.092,-11.445,34.324,0.217,0.101,0.072,14,87.15,0.714,0.3,38,13,0.342
575929,"Mlodzinski, Carmen",SI,392,177,74.924,7.512,3.244,7.88,33.851,0.041,0.207,0.097,145,82.385,2.878,0.333,166,38,0.229
575929,"Mlodzinski, Carmen",SL,362,200,73.897,8.24,12.387,-6.444,32.63,0.191,0.13,0.088,122,81.32,9.066,0.31,190,78,0.411
575929,"Mlodzinski, Carmen",ST,189,107,73.169,8.231,14.734,-12.613,31.91,0.228,0.085,0.101,58,84.809,21.81,0.341,109,44,0.404
578428,"Ray, Robbie",CH,108,51,69.559,7.48,11.285,-11.175,35.353,0.148,0.139,0.065,33,79.967,4.091,0.287,68,24,0.353
578428,"Ray, Robbie",CU,79,33,66.376,7.179,9.645,-7.182,38.101,0.089,0.215,0.0,24,76.621,5.833,0.226,47,19,0.404
578428,"Ray, Robbie",FF,488,217,66.518,5.934,-2.392,15.714,30.789,0.055,0.244,0.064,177,80.694,24.452,0.325,226,65,0.288
578428,"Ray, Robbie",SI,279,109,67.188,6.031,-4.501,13.21,35.315,0.029,0.344,0.068,95,78.432,-7.115,0.286,103,30,0.291
578428,"Ray, Robbie",SL,195,100,65.771,6.978,5.835,-4.471,33.553,0.103,0.149,0.097,77,80.471,7.558,0.282,107,41,0.383
578428,"Ray, Robbie",ST,108,56,62.896,6.927,7.212,-0.576,31.831,0.111,0.176,0.037,42,76.54,15.5,0.213,61,28,0.459
592192,"Baz, Shane",FF,157,80,68.009,7.019,8.807,4.84,31.099,0.108,0.217,0.07,59,82.99,34.373,0.235,65,21,0.323
592192,"Baz, Shane",SI,99,44,67.679,7.093,8.388,6.627,32.134,0.03,0.222,0.131,35,85.774,18.629,0.375,38,6,0.158
592206,"Sale, Chris",CH,220,142,70.959,8.235,20.979,-13.499,41.133,0.218,0.027,0.064,77,80.216,8.364,0.278,147,73,0.497
592206,"Sale, Chris",CU,171,95,67.756,8.08,20.589,-13.913,42.04,0.211,0.047,0.064,54,80.256,3.796,0.307,116,48,0.414
592206,"Sale, Chris",FC,124,77,71.339,7.616,15.266,-2.742,37.96,0.137,0.081,0.081,54,78.831,18.185,0.297,54,15,0.278
592206,"Sale, Chris",FF,597,351,68.365,6.87,5.878,8.459,37.492,0.119,0.137,0.087,246,82.407,25.663,0.309,237,82,0.346
592206,"Sale, Chris",FS,52,30,69.486,8.028,21.478,-12.919,43.106,0.135,0.058,0.077,21,79.367,7.524,0.354,30,12,0.4
592206,"Sale, Chris",KC,60,36,69.22,8.249,22.075,-14.243,41.524,0.317,0.017,0.067,17,83.594,-6.882,0.325,41,19,0.463
592206,"Sale, Chris",SI,271,153,70.483,7.048,6.224,7.376,42.566,0.033,0.137,0.1,130,83.526,10.562,0.375,127,47,0.37
592206,"Sale, Chris",SL,474,271,67.41,8.078,18.412,-9.938,39.397,0.224,0.068,0.053,147,78.718,6.467,0.262,299,127,0.425
592206,"Sale, Chris",ST,231,146,67.455,8.096,19.278,-13.602,39.767,0.169,0.052,0.078,99,81.205,23.5,0.242,135,65,0.481
592450,"Crochet, Garrett",CH,299,117,75.857,8.524,20.493,-13.783,39.781,0.154,0.084,0.06,61,84.616,13.82,0.392,196,40,0.204
592450,"Crochet, Garrett",CU,150,57,75.388,8.629,21.865,-16.644,39.367,0.187,0.14,0.073,27,84.87,5.704,0.396,102,27,0.265
592450,"Crochet, Garrett",FC,232,96,76.01,8.073,13.291,-3.739,37.571,0.121,0.177,0.129,64,90.667,21.156,0.61,112,19,0.17
592450,"Crochet, Garrett",FF,701,338,74.898,7.473,6.35,4.698,37.155,0.118,0.157,0.114,233,88.216,32.687,0.506,285,48,0.168
592450,"Crochet, Garrett",FS,115,56,74.904,8.575,20.146,-15.218,40.273,0.252,0.061,0.061,22,85.495,18.045,0.188,73,23,0.315
592450,"Crochet, Garrett",SI,376,164,75.502,7.592,5.77,3.332,40.082,0.048,0.191,0.157,134,91.39,11.963,0.554,176,36,0.205
592450,"Crochet, Garrett",SL,523,232,74.294,8.426,18.187,-11.436,38.191,0.187,0.145,0.082,126,86.446,15.976,0.365,297,83,0.279
592450,"Crochet, Garrett",ST,272,102,72.764,8.428,19.027,-13.096,38.383,0.147,0.169,0.048,58,81.124,14.379,0.414,158,34,0.215
592518,"Imanaga, Shota",CH,261,131,74.095,8.312,12.294,-10.823,28.547,0.153,0.084,0.138,82,87.168,11.5,0.371,159,54,0.34
592518,"Imanaga, Shota",CU,146,58,71.075,8.435,14.107,-20.939,27.823,0.11,0.158,0.082,39,85.331,15.154,0.367,88,21,0.239
592518,"Imanaga, Shota",FC,165,84,73.099,7.858,8.097,1.018,25.283,0.139,0.17,0.091,54,82.183,21.204,0.344,80,23,0.288
592518,"Imanaga, Shota",FF,856,444,72.393,7.177,2.512,14.399,24.205,0.12,0.152,0.096,307,86.46,34.896,0.392,342,80,0.234
592518,"Imanaga, Shota",FS,76,46,72.143,8.439,14.895,-19.992,27.535,0.211,0.053,0.053,23,76.113,12.13,0.174,47,22,0.468
592518,"Imanaga, Shota",SI,454,215,73.821,7.369,1.534,11.907,28.596,0.059,0.189,0.15,173,87.875,12.034,0.37,203,55,0.271
592518,"Imanaga, Shota",SL,425,213,72.072,8.29,11.262,-10.978,27.324,0.165,0.118,0.087,131,83.971,15.833,0.334,238,81,0.34
592518,"Imanaga, Shota",ST,241,119,72.837,8.318,13.173,-12.77,26.446,0.104,0.108,0.079,89,82.028,26.292,0.283,147,49,0.333
592626,"Houck, Tanner",CH,167,75,72.482,7.865,12.096,-8.566,29.116,0.114,0.114,0.084,53,82.432,15.075,0.278,110,36,0.327
592626,"Houck, Tanner",CU,97,37,68.631,7.585,9.654,-19.28,30.701,0.113,0.155,0.052,22,84.936,4.455,0.268,63,18,0.286
592626,"Houck, Tanner",FC,89,43,72.729,7.467,10.129,-2.162,27.724,0.101,0.09,0.101,31,84.729,21.032,0.361,43,6,0.14
592626,"Houck, Tanner",FF,434,212,71.093,7.068,4.685,3.48,26.146,0.085,0.15,0.101,159,87.765,32.906,0.345,192,44,0.229
592626,"Houck, Tanner",SI,151,51,74.413,7.454,7.304,-1.274,30.356,0.04,0.298,0.119,42,88.671,9.909,0.376,75,16,0.213
592626,"Houck, Tanner",SL,149,68,71.103,7.966,14.47,-17.904,30.65,0.134,0.195,0.094,45,85.056,15.711,0.237,78,27,0.346
592663,"Gore, MacKenzie",CH,221,123,71.622,8.002,17.464,-6.71,36.614,0.172,0.077,0.104,76,82.768,11.566,0.288,146,67,0.459
592663,"Gore, MacKenzie",CU,136,56,68.34,7.985,15.281,-10.191,35.521,0.11,0.191,0.066,38,81.887,-1.263,0.253,74,22,0.297
592663,"Gore, MacKenzie",FC,180,85,71.379,7.517,13.508,-0.208,32.909,0.117,0.15,0.089,53,85.838,15.377,0.311,86,23,0.267
592663,"Gore, MacKenzie",FF,647,319,69.84,6.818,6.721,13.027,31.616,0.065,0.199,0.091,254,84.661,30.126,0.323,263,73,0.278
592663,"Gore, MacKenzie",FS,66,39,70.187,8.166,20.85,-12.874,36.775,0.197,0.015,0.076,21,78.09,-7.905,0.088,47,21,0.447
592663,"Gore, MacKenzie",SI,367,182,72.367,7.118,7.341,9.283,35.8,0.044,0.202,0.142,141,86.123,4.254,0.388,155,40,0.258
592663,"Gore, MacKenzie",SL,426,199,70.384,7.896,14.412,-5.386,34.793,0.127,0.138,0.094,137,83.064,11.855,0.313,240,72,0.3
592663,"Gore, MacKenzie",ST,142,66,67.13,8.009,18.043,-10.342,34.236,0.162,0.169,0.056,42,77.01,21.024,0.339,89,36,0.404
592669,"Valdez, Framber",FF,101,40,73.238,6.903,5.764,6.237,22.442,0.059,0.198,0.03,30,82.01,30.633,0.248,51,12,0.235
592669,"Valdez, Framber",SI,71,32,74.474,7.123,4.256,6.049,25.449,0.042,0.239,0.085,28,82.418,14.571,0.256,24,5,0.208
592885,"Abbott, Andrew",CH,189,86,72.581,7.958,14.591,2.235,35.654,0.111,0.106,0.079,51,84.057,0.25,0.397,122,37,0.303
592885,"Abbott, Andrew",CU,220,97,70.929,7.921,14.638,-5.054,37.302,0.145,0.177,0.086,59,84.715,2.949,0.256,125,40,0.32
592885,"Abbott, Andrew",FC,272,126,71.654,7.283,9.037,10.274,36.883,0.107,0.158,0.081,87,82.83,7.322,0.37,127,29,0.228
592885,"Abbott, Andrew",FF,912,408,70.129,6.913,2.037,20.862,35.693,0.084,0.169,0.088,309,84.245,18.495,0.388,431,77,0.179
592885,"Abbott, Andrew",FS,80,37,72.342,8.044,15.481,-0.723,36.422,0.175,0.125,0.062,22,79.077,-7.727,0.257,52,18,0.346
592885,"Abbott, Andrew",SI,402,168,69.651,6.931,0.405,16.619,37.169,0.06,0.214,0.09,122,84.034,-0.475,0.318,183,38,0.208
592885,"Abbott, Andrew",SL,389,186,72.684,7.835,14.004,-1.579,36.495,0.19,0.165,0.08,101,84.227,7.178,0.277,206,61,0.296
592885,"Abbott, Andrew",ST,207,100,70.525,7.755,13.329,-5.197,35.752,0.193,0.159,0.048,54,78.307,10.926,0.188,110,35,0.318
593428,"Boyd, Matthew",CH,216,101,69.187,7.76,15.323,-14.687,33.203,0.167,0.13,0.093,60,82.598,8.683,0.258,128,39,0.305
593428,"Boyd, Matthew",CU,125,41,71.178,7.649,14.221,-15.034,32.658,0.056,0.216,0.072,30,83.57,-0.433,0.388,73,15,0.205
593428,"Boyd, Matthew",FC,117,50,72.627,7.26,9.133,-5.317,30.206,0.068,0.239,0.103,36,86.039,26.667,0.394,51,13,0.255
593428,"Boyd, Matthew",FF,601,265,70.406,6.867,5.193,1.415,29.02,0.058,0.23,0.126,219,87.198,23.434,0.363,249,49,0.197
593428,"Boyd, Matthew",FS,60,31,69.948,7.813,16.264,-17.654,32.118,0.183,0.033,0.083,16,83.256,4.75,0.344,37,10,0.27
593428,"Boyd, Matthew",SI,472,183,71.179,7.1,6.379,-0.695,32.599,0.04,0.309,0.091,139,84.883,-2.532,0.304,193,39,0.202
593428,"Boyd, Matthew",SL,326,128,68.076,7.515,13.221,-11.171,31.317,0.12,0.184,0.052,76,80.933,6.481,0.396,176,41,0.233
593428,"Boyd, Matthew",ST,188,86,68.026,7.581,13.4,-12.833,31.597,0.09,0.186,0.043,65,77.848,16.692,0.193,103,33,0.32
593871,"Gausman, Kevin",CH,421,209,67.289,7.489,11.769,-14.881,30.892,0.169,0.102,0.059,128,78.37,9.008,0.289,249,80,0.321
593871,"Gausman, Kevin",CU,196,55,68.742,7.54,14.553,-16.67,32.074,0.077,0.24,0.061,37,82.016,4.162,0.35,116,19,0.164
593871,"Gausman, Kevin",FC,152,70,70.31,6.957,7.552,-6.669,31.267,0.112,0.211,0.132,46,87.761,11.255,0.327,71,19,0.268
593871,"Gausman, Kevin",FF,671,343,68.802,6.711,3.778,-1.943,28.343,0.049,0.17,0.148,297,87.248,27.01,0.375,304,83,0.273
593871,"Gausman, Kevin",FS,145,82,67.565,7.532,13.271,-15.639,31.1,0.228,0.055,0.083,43,80.133,-2.535,0.209,90,35,0.389
593871,"Gausman, Kevin",SI,178,87,71.918,6.996,5.742,-5.075,30.274,0.028,0.18,0.152,77,87.334,18.844,0.412,82,20,0.244
593871,"Gausman, Kevin",SL,239,110,68.568,7.281,11.193,-13.606,32.692,0.113,0.184,0.109,75,84.845,17.093,0.331,125,36,0.288
593871,"Gausman, Kevin",ST,144,52,67.369,7.125,10.185,-17.228,34.057,0.118,0.222,0.097,31,86.7,12.719,0.316,77,18,0.234
595751,"Pérez, Eury",FF,60,43,73.247,6.293,-3.154,21.313,33.827,0.25,0.067,0.1,26,80.327,29.846,0.206,26,13,0.5
595777,"Cabrera, Edward",CH,214,107,69.958,7.861,12.991,-13.34,32.436,0.098,0.126,0.117,75,82.447,12.453,0.286,130,48,0.369
595777,"Cabrera, Edward",CU,150,63,66.182,7.616,12.72,-8.38,31.007,0.1,0.133,0.113,44,84.573,5.087,0.342,87,20,0.23
595777,"Cabrera, Edward",FC,137,62,69.679,7.307,10.342,-6.181,30.788,0.066,0.146,0.102,50,84.326,14.46,0.311,67,14,0.209
595777,"Cabrera, Edward",FF,540,231,67.582,6.773,4.547,4.516,29.217,0.035,0.165,0.057,196,83.287,33.051,0.304,261,49,0.188
595777,"Cabrera, Edward",SI,232,90,71.186,7.163,6.873,1.908,30.203,0.034,0.233,0.125,80,87.345,21.338,0.452,103,16,0.155
595777,"Cabrera, Edward",SL,167,89,69.846,8.057,15.316,-18.986,33.097,0.114,0.138,0.114,66,82.597,14.409,0.279,78,23,0.295
595777,"Cabrera, Edward",ST,71,30,71.228,7.855,15.204,-16.833,32.962,0.042,0.141,0.113,23,79.883,8.913,0.291,35,7,0.2
595879,"Wacha, Michael",CH,174,101,73.266,8.669,15.63,-15.348,31.99,0.149,0.08,0.029,68,73.112,-2.412,0.171,109,52,0.477
595879,"Wacha, Michael",CU,104,67,70.802,8.666,15.487,-22.631,31.933,0.26,0.163,0.087,34,81.106,-3.147,0.254,63,41,0.651
595879,"Wacha, Michael",FC,110,57,71.86,7.949,7.622,-1.706,29.533,0.073,0.145,0.1,45,82.036,28.556,0.456,54,17,0.315
595879,"Wacha, Michael",FF,492,256,71.512,7.506,2.76,12.255,28.222,0.124,0.173,0.093,182,83.703,26.143,0.333,228,83,0.364
595879,"Wacha, Michael",SI,242,109,73.081,7.872,4.413,7.776,32.113,0.05,0.264,0.083,85,81.022,-3.919,0.277,105,40,0.381
595879,"Wacha, Michael",SL,265,160,73.134,8.639,12.524,-13.922,30.838,0.181,0.087,0.121,100,82.884,5.554,0.268,170,85,0.5
595879,"Wacha, Michael",ST,183,116,69.727,8.519,13.095,-17.664,29.441,0.29,0.131,0.098,60,81.137,23.917,0.224,113,68,0.602
595978,"Skubal, Tarik",CH,110,54,69.27,7.836,17.959,-19.078,27.747,0.255,0.091,0.036,25,76.516,-1.04,0.278,67,20,0.299
595978,"Skubal, Tarik",FF,256,134,68.808,7.092,11.275,2.223,25.933,0.078,0.113,0.082,104,83.667,36.231,0.236,118,31,0.263
595978,"Skubal, Tarik",SI,93,53,65.377,6.891,7.142,5.534,30.207,0.097,0.118,0.108,42,80.567,18.262,0.379,37,12,0.324
595978,"Skubal, Tarik",SL,109,50,66.409,7.651,13.297,-19.437,28.31,0.193,0.165,0.064,27,74.619,11.857,0.229,61,19,0.311
596019,"Irvin, Jake",CH,389,197,68.981,7.811,12.306,-4.727,33.744,0.103,0.098,0.087,144,80.999,14.51,0.266,223,73,0.327
596019,"Irvin, Jake",CU,309,137,67.071,7.782,14.612,-9.97,34.617,0.117,0.178,0.058,88,80.735,5.944,0.205,171,57,0.333
596019,"Irvin, Jake",FC,229,117,70.916,7.371,11.505,0.362,33.865,0.131,0.135,0.105,78,83.459,14.962,0.324,119,40,0.336
596019,"Irvin, Jake",FF,1084,491,68.729,6.973,6.545,7.299,31.897,0.062,0.186,0.094,391,85.599,32.082,0.402,462,82,0.177
596019,"Irvin, Jake",FS,132,64,69.769,7.679,13.058,-7.925,34.871,0.114,0.083,0.076,46,82.585,4.174,0.299,78,18,0.231
596019,"Irvin, Jake",SI,297,140,69.447,7.168,5.941,9.021,33.36,0.064,0.212,0.125,112,87.7,16.946,0.423,126,30,0.238
596019,"Irvin, Jake",SL,277,144,68.97,7.601,12.608,-7.012,35.157,0.112,0.148,0.119,103,82.91,10.388,0.347,133,45,0.338
596019,"Irvin, Jake",ST,139,67,69.598,7.92,16.003,-12.11,35.39,0.101,0.158,0.115,50,85.822,12.34,0.299,65,19,0.292
596103,"Valdez, Framber",CH,60,33,69.242,7.397,15.417,-0.668,39.049,0.133,0.067,0.083,24,79.271,-0.375,0.261,38,16,0.421
596103,"Valdez, Framber",FF,209,109,64.903,6.011,4.095,11.72,35.766,0.1,0.172,0.077,75,85.784,28.493,0.33,80,14,0.175
596103,"Valdez, Framber",SI,119,65,66.446,6.234,3.397,10.161,38.715,0.101,0.193,0.118,46,86.92,11.348,0.363,54,17,0.315
596103,"Valdez, Framber",SL,106,46,68.046,7.42,16.421,-3.242,39.71,0.142,0.179,0.066,26,86.692,14.538,0.372,61,18,0.295
596115,"Fried, Max",CH,194,126,72.166,7.914,16.913,-15.041,30.063,0.232,0.052,0.113,72,83.396,8.192,0.346,106,52,0.491
596115,"Fried, Max",CU,185,89,69.976,8.06,19.619,-21.207,30.495,0.189,0.157,0.059,45,81.122,7.644,0.218,111,43,0.387
596115,"Fried, Max",FC,116,61,70.58,7.107,6.045,1.833,29.366,0.155,0.138,0.086,40,84.41,22.575,0.343,53,18,0.34
596115,"Fried, Max",FF,883,460,68.764,6.606,2.587,10.007,27.033,0.104,0.161,0.095,340,84.94,32.759,0.306,349,80,0.229
596115,"Fried, Max",FS,69,40,71.751,8.105,20.4,-21.749,32.276,0.217,0.101,0.101,21,86.862,-1.455,0.195,41,19,0.463
596115,"Fried, Max",SI,349,180,69.656,6.733,1.765,8.546,31.124,0.054,0.195,0.152,144,84.534,9.603,0.381,145,47,0.324
596115,"Fried, Max",SL,409,232,70.236,7.738,14.436,-10.204,30.322,0.205,0.09,0.086,135,83.535,14.459,0.348,238,92,0.387
596115,"Fried, Max",ST,218,124,69.867,7.922,17.583,-16.687,28.551,0.197,0.101,0.069,76,80.376,22.053,0.271,122,52,0.426
596142,"deGrom, Jacob",FF,101,45,71.007,6.998,7.838,6.868,28.195,0.04,0.238,0.119,36,86.15,36.889,0.359,42,8,0.19
596146,"Verlander, Justin",CH,188,78,68.874,7.772,12.588,-13.509,32.002,0.128,0.096,0.08,47,84.751,4.915,0.351,131,39,0.298
596146,"Verlander, Justin",CU,160,70,65.941,7.551,12.463,-15.966,32.751,0.119,0.169,0.056,46,80.885,8.543,0.172,87,24,0.276
596146,"Verlander, Justin",FC,129,65,67.205,6.952,4.924,0.516,30.53,0.085,0.178,0.132,52,82.898,24.462,0.393,58,18,0.31
596146,"Verlander, Justin",FF,659,313,69.574,6.835,1.938,2.696,30.496,0.067,0.14,0.091,244,84.532,32.357,0.4,285,44,0.154
596146,"Verlander, Justin",FS,84,49,68.413,7.796,11.693,-13.688,30.452,0.202,0.024,0.107,29,83.028,0.379,0.272,52,19,0.365
596146,"Verlander, Justin",SI,227,103,68.393,6.874,-0.765,4.143,32.943,0.062,0.194,0.11,82,83.541,8.183,0.338,97,23,0.237
596146,"Verlander, Justin",SL,286,151,70.028,7.746,12.397,-14.779,33.392,0.164,0.143,0.112,96,84.764,17.562,0.281,157,57,0.363
596146,"Verlander, Justin",ST,85,38,68.703,7.608,12.375,-14.915,32.161,0.118,0.165,0.047,27,81.393,23.222,0.266,41,8,0.195
600869,"Castillo, Luis",CH,54,30,68.728,8.317,17.19,-6.11,36.685,0.167,0.111,0.074,17,81.988,5.941,0.226,34,15,0.441
600869,"Castillo, Luis",FF,88,47,67.207,7.38,9.828,6.113,34.152,0.08,0.148,0.068,34,82.026,21.529,0.377,36,10,0.278
600869,"Castillo, Luis",SL,67,30,63.123,8.17,17.018,-12.181,34.744,0.254,0.164,0.045,12,83.858,15.667,0.11,40,12,0.3
602104,"Skubal, Tarik",CH,162,92,67.282,8.155,17.19,-11.5,29.512,0.198,0.031,0.049,54,78.152,4.593,0.269,101,36,0.356
602104,"Skubal, Tarik",CU,78,33,68.874,8.003,18.838,-11.851,29.459,0.051,0.128,0.077,23,81.443,-8.217,0.263,45,13,0.289
602104,"Skubal, Tarik",FC,97,52,70.071,7.79,14.515,-0.509,27.407,0.124,0.175,0.093,33,85.1,32.455,0.363,36,9,0.25
602104,"Skubal, Tarik",FF,471,234,69.139,7.248,11.01,11.459,25.094,0.121,0.157,0.096,163,85.919,30.19,0.297,220,58,0.264
602104,"Skubal, Tarik",SI,273,142,69.599,7.277,10.075,10.48,27.684,0.066,0.205,0.114,110,83.775,18.227,0.308,114,42,0.368
602104,"Skubal, Tarik",SL,243,121,68.149,7.891,14.875,-4.049,27.672,0.165,0.152,0.062,74,82.288,13.541,0.235,121,34,0.281
602104,"Skubal, Tarik",ST,92,35,66.829,7.9,14.762,-9.523,28.498,0.098,0.109,0.065,24,80.117,13.75,0.359,55,7,0.127
605137,"Walker, Taijuan",CH,357,151,71.003,8.419,14.494,-10.786,35.188,0.146,0.095,0.056,92,79.861,12.011,0.303,241,66,0.274
605137,"Walker, Taijuan",CU,158,74,70.512,8.496,14.588,-16.181,35.402,0.158,0.127,0.044,40,81.82,12.825,0.272,101,35,0.347
605137,"Walker, Taijuan",FC,190,82,73.051,7.871,9.745,-2.135,33.888,0.074,0.158,0.089,63,85.156,14.952,0.357,89,17,0.191
605137,"Walker, Taijuan",FF,627,322,71.619,7.356,5.147,9.471,31.208,0.073,0.174,0.139,251,86.756,21.988,0.427,255,63,0.247
605137,"Walker, Taijuan",FS,108,55,70.865,8.418,13.409,-7.616,34.305,0.074,0.093,0.093,42,78.626,1.452,0.261,68,25,0.368
605137,"Walker, Taijuan",SI,269,99,72.235,7.603,6.105,5.154,34.732,0.048,0.253,0.089,76,86.066,14.303,0.305,113,20,0.177
605137,"Walker, Taijuan",SL,240,130,71.509,8.336,13.568,-13.053,34.864,0.162,0.062,0.154,83,89.123,15.313,0.388,135,38,0.281
605137,"Walker, Taijuan",ST,98,52,71.977,8.225,11.383,-8.546,35.903,0.071,0.102,0.143,41,85.729,24.585,0.43,53,15,0.283
605141,"Webb, Logan",CH,224,118,68.11,7.462,13.143,-10.216,36.455,0.143,0.098,0.071,84,80.94,13.524,0.217,133,50,0.376
605141,"Webb, Logan",CU,147,64,66.502,7.388,12.089,-12.797,35.252,0.102,0.211,0.095,49,84.798,19.041,0.273,79,23,0.291
605141,"Webb, Logan",FC,262,119,67.312,6.841,8.51,-2.129,33.18,0.069,0.221,0.057,94,82.731,23.734,0.237,111,20,0.18
605141,"Webb, Logan",FF,896,331,65.321,6.502,4.318,3.804,33.071,0.029,0.233,0.081,292,85.702,27.777,0.412,419,58,0.138
605141,"Webb, Logan",FS,62,32,71.076,7.614,15.709,-13.852,37.656,0.129,0.097,0.097,22,79.582,0.696,0.347,39,14,0.359
605141,"Webb, Logan",SI,468,187,68.125,6.7,5.211,0.305,35.343,0.015,0.269,0.113,173,86.906,17.104,0.367,187,35,0.187
605141,"Webb, Logan",SL,428,187,65.97,7.29,10.823,-9.332,35.102,0.11,0.18,0.084,135,84.541,15.852,0.289,227,61,0.269
605141,"Webb, Logan",ST,219,91,65.455,7.225,10.467,-9.953,34.196,0.073,0.155,0.078,75,82.256,27.4,0.288,117,30,0.256
605170,"deGrom, Jacob",CH,233,112,70.491,7.389,14.542,-8.593,35.009,0.15,0.12,0.056,69,79.177,8.314,0.205,136,46,0.338
605170,"deGrom, Jacob",FC,120,64,69.778,6.527,6.544,3.574,34.15,0.067,0.142,0.1,49,83.702,14.082,0.42,56,16,0.286
605170,"deGrom, Jacob",FF,436,222,69.352,6.418,5.0,6.741,34.486,0.034,0.144,0.124,194,83.903,22.779,0.346,195,43,0.221
605170,"deGrom, Jacob",FS,87,52,72.846,7.46,15.443,-12.436,34.241,0.195,0.046,0.069,31,80.7,-3.594,0.255,37,8,0.216
605170,"deGrom, Jacob",SI,140,66,72.163,6.679,7.158,2.244,35.489,0.05,0.193,0.129,55,86.26,16.218,0.37,51,7,0.137
605170,"deGrom, Jacob",SL,147,68,72.043,7.266,13.553,-8.921,35.225,0.17,0.197,0.129,39,88.249,14.923,0.32,71,17,0.239
605170,"deGrom, Jacob",ST,75,37,72.497,7.256,14.829,-9.455,35.904,0.04,0.187,0.107,31,85.474,11.129,0.399,37,10,0.27
605361,"King, Michael",FF,196,78,67.112,6.151,2.138,8.983,29.553,0.061,0.23,0.066,63,83.437,34.095,0.293,87,12,0.138
606115,"Kremer, Dean",CH,50,33,69.425,8.059,9.34,-6.838,28.952,0.14,0.08,0.06,20,79.81,9.25,0.357,25,12,0.48
606115,"Kremer, Dean",FF,254,135,68.636,7.403,5.572,8.393,24.779,0.091,0.165,0.075,95,82.796,34.337,0.277,111,34,0.306
606115,"Kremer, Dean",SI,160,94,70.448,7.497,2.963,8.447,27.882,0.069,0.181,0.094,73,81.325,4.219,0.248,49,13,0.265
606115,"Kremer, Dean",SL,135,65,66.394,7.939,8.977,-7.661,26.956,0.163,0.104,0.059,39,79.413,1.308,0.154,80,23,0.288
606115,"Kremer, Dean",ST,79,44,63.14,7.942,9.671,-13.048,26.739,0.215,0.139,0.038,26,77.865,10.231,0.169,46,21,0.457
606192,"Sánchez, Cristopher",CH,223,113,72.001,8.314,16.666,-9.646,34.511,0.193,0.09,0.063,67,77.167,1.507,0.273,138,49,0.355
606192,"Sánchez, Cristopher",CU,127,72,71.819,8.189,15.243,-16.222,31.913,0.157,0.071,0.087,48,81.429,12.083,0.308,64,19,0.297
606192,"Sánchez, Cristopher",FC,195,103,72.15,7.687,8.237,5.284,31.601,0.185,0.215,0.077,61,84.023,15.869,0.328,79,27,0.342
606192,"Sánchez, Cristopher",FF,622,333,70.089,7.259,4.843,11.837,29.453,0.132,0.153,0.111,225,86.63,26.757,0.39,260,72,0.277
606192,"Sánchez, Cristopher",FS,60,32,71.529,8.297,17.609,-13.354,35.123,0.3,0.15,0.067,11,85.045,7.364,0.174,32,13,0.406
606192,"Sánchez, Cristopher",KC,61,31,69.757,7.993,12.064,-5.213,32.629,0.197,0.049,0.049,17,83.188,18.0,0.225,40,13,0.325
606192,"Sánchez, Cristopher",SI,444,191,70.882,7.385,4.459,12.376,32.536,0.036,0.259,0.104,163,83.834,4.601,0.362,179,44,0.246
606192,"Sánchez, Cristopher",SL,415,217,71.833,8.117,14.016,-7.091,32.182,0.21,0.147,0.08,119,80.414,3.891,0.293,207,70,0.338
606192,"Sánchez, Cristopher",ST,238,113,69.491,8.005,12.655,-8.038,31.957,0.172,0.139,0.071,66,82.044,25.53,0.27,134,44,0.328
606466,"Yamamoto, Yoshinobu",CH,353,172,74.583,8.273,11.583,-14.594,31.319,0.139,0.085,0.116,115,83.564,5.339,0.344,233,75,0.322
606466,"Yamamoto, Yoshinobu",CU,186,68,72.118,7.938,14.398,-15.873,32.341,0.086,0.177,0.102,45,87.987,2.244,0.465,98,21,0.214
606466,"Yamamoto, Yoshinobu",FC,138,66,72.875,7.431,8.696,-1.639,31.064,0.065,0.203,0.123,53,84.757,20.302,0.448,48,6,0.125
606466,"Yamamoto, Yoshinobu",FF,653,306,71.505,7.266,5.114,5.569,31.443,0.063,0.17,0.11,242,85.11,26.584,0.435,278,54,0.194
606466,"Yamamoto, Yoshinobu",FS,110,54,73.994,8.168,13.21,-14.284,32.705,0.145,0.091,0.127,35,86.237,5.6,0.29,72,25,0.347
606466,"Yamamoto, Yoshinobu",SI,186,82,73.485,7.543,6.319,3.711,31.445,0.043,0.194,0.124,70,87.401,14.114,0.394,91,17,0.187
606466,"Yamamoto, Yoshinobu",SL,298,127,73.121,7.969,11.619,-12.874,32.919,0.084,0.134,0.121,94,87.088,5.755,0.351,169,37,0.219
606466,"Yamamoto, Yoshinobu",ST,131,51,72.048,8.082,14.398,-17.546,35.452,0.145,0.221,0.069,31,86.055,18.742,0.353,71,23,0.324
606992,"Abbott, Andrew",FF,96,37,71.765,6.624,7.1,11.81,32.42,0.135,0.188,0.021,18,84.172,27.722,0.357,46,5,0.109
607043,"Irvin, Jake",CH,162,67,72.127,7.754,11.196,-8.069,29.28,0.105,0.093,0.117,49,85.669,11.898,0.457,94,19,0.202
607043,"Irvin, Jake",CU,241,85,70.036,7.725,11.188,-8.083,30.678,0.087,0.237,0.066,51,82.618,-3.725,0.219,130,30,0.231
607043,"Irvin, Jake",FC,195,98,71.595,7.092,6.453,5.009,28.659,0.087,0.138,0.113,71,86.366,19.296,0.302,91,25,0.275
607043,"Irvin, Jake",FF,954,455,69.924,6.618,1.645,13.421,27.633,0.094,0.18,0.091,328,84.583,27.524,0.348,364,60,0.165
607043,"Irvin, Jake",FS,85,42,73.898,7.95,13.192,-13.473,31.009,0.153,0.047,0.094,26,88.581,0.846,0.255,53,15,0.283
607043,"Irvin, Jake",SI,351,159,69.537,6.607,1.003,10.047,30.71,0.054,0.234,0.114,128,85.605,17.961,0.378,136,31,0.228
607043,"Irvin, Jake",SL,381,212,70.057,7.581,10.394,-7.011,30.413,0.173,0.11,0.089,130,82.84,13.015,0.22,203,80,0.394
607043,"Irvin, Jake",ST,154,77,70.415,7.568,9.462,-5.151,28.378,0.117,0.188,0.143,54,86.163,12.463,0.32,71,22,0.31
607208,"Gore, MacKenzie",CH,238,118,71.229,8.013,11.679,-13.24,29.037,0.13,0.092,0.088,82,81.91,3.5,0.301,145,45,0.31
607208,"Gore, MacKenzie",CU,184,91,68.745,7.962,12.183,-19.461,28.799,0.141,0.109,0.065,60,80.393,6.167,0.273,110,37,0.336
607208,"Gore, MacKenzie",FC,144,79,68.847,7.421,7.939,3.479,27.516,0.118,0.132,0.062,57,80.082,16.333,0.402,68,19,0.279
607208,"Gore, MacKenzie",FF,695,363,69.395,7.013,3.931,11.094,26.62,0.082,0.155,0.102,275,86.143,29.153,0.352,282,71,0.252
607208,"Gore, MacKenzie",FS,67,37,69.6,7.889,11.247,-14.363,30.364,0.179,0.03,0.06,21,84.005,-3.429,0.262,45,18,0.4
607208,"Gore, MacKenzie",KC,75,40,66.885,7.818,10.871,-10.256,29.065,0.253,0.12,0.04,18,76.85,3.278,0.206,46,20,0.435
607208,"Gore, MacKenzie",SI,429,217,70.47,7.107,3.584,8.076,28.488,0.068,0.189,0.14,179,84.469,11.128,0.338,198,59,0.298
607208,"Gore, MacKenzie",SL,402,198,68.959,7.773,9.234,-8.372,27.773,0.152,0.1,0.085,124,82.419,8.306,0.314,238,73,0.307
607208,"Gore, MacKenzie",ST,193,103,68.221,7.819,11.29,-12.212,27.116,0.197,0.114,0.067,62,76.9,12.71,0.282,106,40,0.377
607680,"Sears, JP",FF,60,35,65.083,6.95,4.729,9.563,30.295,0.083,0.183,0.033,29,80.193,32.655,0.195,26,13,0.5
607732,"Sale, Chris",FF,172,91,65.203,6.665,7.367,15.259,29.667,0.174,0.145,0.047,55,83.369,33.818,0.233,83,30,0.361
607732,"Sale, Chris",SI,74,38,64.097,6.438,2.871,15.68,33.008,0.081,0.162,0.054,30,79.77,7.5,0.226,22,5,0.227
607732,"Sale, Chris",SL,96,55,61.348,7.6,16.115,-7.734,33.086,0.26,0.125,0.031,24,78.917,5.375,0.182,54,25,0.463
608070,"Mize, Casey",CH,502,228,68.874,7.526,9.929,-12.524,31.222,0.088,0.094,0.106,175,84.128,16.2,0.326,335,104,0.31
608070,"Mize, Casey",CU,202,75,65.975,7.213,9.236,-11.796,30.17,0.05,0.218,0.059,55,83.162,7.964,0.411,112,28,0.25
608070,"Mize, Casey",FC,279,133,68.954,6.923,7.67,-5.255,28.866,0.075,0.154,0.115,104,84.363,17.875,0.305,121,30,0.248
608070,"Mize, Casey",FF,742,344,70.345,6.88,6.271,-0.873,27.279,0.046,0.182,0.1,291,84.521,31.11,0.362,337,79,0.234
608070,"Mize, Casey",FS,155,76,66.327,7.42,10.785,-12.869,31.293,0.103,0.071,0.045,56,79.312,6.018,0.288,111,43,0.387
608070,"Mize, Casey",KC,84,35,63.75,7.276,9.566,-12.642,30.724,0.06,0.202,0.083,27,79.574,8.929,0.281,50,17,0.34
608070,"Mize, Casey",SI,282,123,71.38,7.064,6.001,-3.282,30.649,0.025,0.177,0.128,108,87.886,23.611,0.353,129,25,0.194
608070,"Mize, Casey",SL,313,179,69.397,7.336,9.46,-14.059,31.034,0.096,0.131,0.093,141,82.152,22.56,0.329,142,56,0.394
608070,"Mize, Casey",ST,153,69,68.696,7.29,8.19,-10.873,29.946,0.059,0.19,0.092,58,85.183,19.932,0.355,79,25,0.316
608324,"Fried, Max",CH,181,74,69.866,7.525,17.305,-13.487,29.592,0.072,0.122,0.083,54,83.837,5.407,0.338,112,27,0.241
608324,"Fried, Max",CU,115,32,68.7,7.65,18.556,-21.79,28.735,0.052,0.235,0.035,25,78.048,14.16,0.163,62,7,0.113
608324,"Fried, Max",FC,156,57,70.267,6.895,12.15,-0.645,27.721,0.045,0.263,0.109,49,85.32,23.061,0.333,70,10,0.143
608324,"Fried, Max",FF,571,250,69.172,6.564,9.745,4.841,26.134,0.032,0.208,0.126,217,87.594,31.244,0.371,242,39,0.161
608324,"Fried, Max",SI,411,167,69.539,6.721,9.526,2.463,30.086,0.027,0.26,0.119,146,87.67,17.342,0.339,158,30,0.19
608324,"Fried, Max",SL,325,124,68.291,7.402,16.142,-10.864,28.526,0.105,0.197,0.058,86,81.348,21.895,0.325,177,39,0.22
608324,"Fried, Max",ST,152,62,68.974,7.531,17.247,-13.803,27.873,0.112,0.204,0.086,43,82.374,21.581,0.237,78,19,0.244
608348,"Peralta, Freddy",CH,140,76,71.185,7.593,17.98,-11.117,34.979,0.171,0.079,0.114,50,83.97,4.2,0.315,85,32,0.376
608348,"Peralta, Freddy",CU,118,44,71.044,7.577,18.152,-15.582,34.207,0.119,0.178,0.093,28,86.418,5.964,0.408,68,13,0.191
608348,"Peralta, Freddy",FC,148,66,70.034,6.692,7.914,2.341,31.736,0.047,0.162,0.074,55,82.78,27.582,0.363,65,8,0.123
608348,"Peralta, Freddy",FF,538,263,68.182,6.304,4.364,8.155,31.523,0.071,0.203,0.074,213,82.524,35.207,0.281,222,53,0.239
608348,"Peralta, Freddy",SI,318,129,68.425,6.439,5.179,5.439,33.996,0.022,0.245,0.079,112,81.451,8.152,0.383,139,29,0.209
608348,"Peralta, Freddy",SL,285,127,70.489,7.428,16.611,-13.634,33.068,0.126,0.105,0.07,83,82.406,18.361,0.232,164,34,0.207
608348,"Peralta, Freddy",ST,153,65,69.419,7.489,18.207,-14.349,33.154,0.131,0.098,0.072,42,78.781,23.333,0.304,96,21,0.219
608369,"Castillo, Luis",CH,223,105,72.476,7.037,14.861,-0.366,35.063,0.103,0.045,0.076,75,83.188,14.733,0.414,140,32,0.229
608369,"Castillo, Luis",CU,119,53,72.094,7.149,17.994,-7.163,34.987,0.126,0.092,0.076,33,84.012,11.758,0.338,75,19,0.253
608369,"Castillo, Luis",FC,130,72,70.86,6.439,11.599,7.02,33.36,0.138,0.062,0.077,51,81.127,20.471,0.404,64,15,0.234
608369,"Castillo, Luis",FF,444,223,70.963,6.126,7.286,13.564,32.993,0.117,0.099,0.115,153,88.279,30.961,0.481,204,39,0.191
608369,"Castillo, Luis",FS,88,45,71.663,7.115,16.684,-2.496,35.495,0.148,0.045,0.125,29,84.49,-10.69,0.323,51,13,0.255
608369,"Castillo, Luis",SI,246,120,70.334,6.186,5.347,14.16,35.594,0.065,0.154,0.114,94,84.522,14.66,0.36,106,21,0.198
608369,"Castillo, Luis",SL,252,123,70.987,6.957,16.977,-3.721,34.667,0.167,0.099,0.119,73,86.499,13.753,0.412,129,31,0.24
608369,"Castillo, Luis",ST,126,75,69.082,6.907,16.763,-0.278,34.344,0.23,0.071,0.087,38,84.582,11.158,0.3,63,23,0.365
608385,"Gray, Sonny",FF,113,62,68.956,6.953,8.861,13.958,35.79,0.115,0.088,0.097,45,82.68,27.578,0.33,47,6,0.128
608671,"Warren, Will",FF,83,42,68.305,6.244,-6.472,2.901,32.933,0.036,0.253,0.084,38,79.487,19.605,0.248,24,2,0.083
608701,"Fried, Max",CH,118,43,69.981,8.228,16.457,-11.326,32.749,0.153,0.169,0.051,22,79.132,7.273,0.338,66,12,0.182
608701,"Fried, Max",FF,291,145,72.433,7.113,8.863,11.594,30.414,0.086,0.144,0.117,106,85.449,28.208,0.383,127,27,0.213
608701,"Fried, Max",SI,110,51,72.9,7.318,7.131,9.306,32.855,0.082,0.2,0.118,40,86.008,2.3,0.352,46,10,0.217
608701,"Fried, Max",SL,149,54,67.089,8.085,16.433,-11.907,32.41,0.148,0.221,0.054,28,84.071,20.25,0.188,77,17,0.221
609280,"Woo, Bryan",CH,103,66,72.992,8.278,10.107,-17.344,28.563,0.136,0.049,0.126,47,83.145,9.766,0.316,60,29,0.483
609280,"Woo, Bryan",CU,69,34,69.703,8.238,9.23,-21.549,24.845,0.13,0.116,0.087,24,79.858,10.542,0.291,45,18,0.4
609280,"Woo, Bryan",FC,90,50,71.204,7.726,5.897,-0.873,25.848,0.089,0.2,0.1,38,83.837,13.474,0.268,42,18,0.429
609280,"Woo, Bryan",FF,263,142,69.395,7.139,3.362,6.931,23.675,0.046,0.106,0.125,127,84.419,25.141,0.357,132,40,0.303
609280,"Woo, Bryan",SI,269,140,70.873,7.242,1.302,4.209,26.668,0.007,0.175,0.141,128,85.295,4.752,0.307,114,36,0.316
609280,"Woo, Bryan",SL,235,119,69.949,8.107,8.947,-12.624,25.416,0.132,0.157,0.064,80,79.842,13.852,0.298,127,44,0.346
609280,"Woo, Bryan",ST,143,70,69.633,8.12,9.114,-17.054,25.186,0.14,0.154,0.028,48,75.631,30.708,0.153,76,22,0.289
620443,"Irvin, Jake",CH,64,35,69.694,7.847,17.682,-4.914,30.639,0.094,0.141,0.156,25,83.28,6.52,0.291,31,10,0.323
620443,"Irvin, Jake",CU,58,30,66.93,7.82,14.352,-11.184,30.312,0.19,0.103,0.086,18,83.022,-0.778,0.288,32,8,0.25
620443,"Irvin, Jake",FC,82,38,67.822,7.122,6.502,10.215,29.694,0.061,0.207,0.122,31,84.539,6.387,0.258,36,8,0.222
620443,"Irvin, Jake",FF,321,161,70.467,6.821,6.603,15.682,28.497,0.053,0.237,0.118,128,87.339,24.711,0.341,110,26,0.236
620443,"Irvin, Jake",SI,200,79,69.399,6.796,4.191,15.334,32.687,0.055,0.255,0.09,67,82.004,9.838,0.393,92,21,0.228
620443,"Irvin, Jake",SL,193,101,69.561,7.451,11.587,2.154,29.667,0.098,0.104,0.104,70,81.317,3.746,0.36,93,20,0.215
620443,"Irvin, Jake",ST,85,44,64.722,7.6,14.893,-9.335,29.264,0.212,0.106,0.071,25,78.032,15.6,0.414,52,21,0.404
621020,"Priester, Quinn",CH,259,133,69.729,7.863,19.407,-10.277,36.307,0.174,0.05,0.062,73,80.07,0.356,0.267,160,48,0.3
621020,"Priester, Quinn",CU,168,67,68.282,7.77,18.956,-11.176,36.039,0.155,0.173,0.071,35,83.151,-6.771,0.275,95,23,0.242
621020,"Priester, Quinn",FC,179,93,70.043,7.442,14.831,-0.021,34.384,0.151,0.145,0.089,65,81.523,15.923,0.443,77,19,0.247
621020,"Priester, Quinn",FF,653,387,69.677,6.926,11.449,8.706,32.769,0.165,0.127,0.13,256,88.372,28.875,0.368,248,71,0.286
621020,"Priester, Quinn",SI,440,226,69.641,7.004,10.88,8.092,35.724,0.089,0.17,0.118,166,86.405,13.659,0.417,185,50,0.27
621020,"Priester, Quinn",SL,566,262,67.582,7.698,17.687,-9.81,35.046,0.166,0.133,0.051,149,78.805,7.678,0.271,299,71,0.237
621020,"Priester, Quinn",ST,258,103,67.708,7.603,17.323,-7.006,33.494,0.112,0.155,0.054,68,81.581,18.338,0.3,148,30,0.203
621028,"Corbin, Patrick",FF,118,63,66.427,5.959,-0.189,9.189,30.021,0.025,0.169,0.093,57,82.589,27.456,0.245,55,15,0.273
621028,"Corbin, Patrick",SI,79,34,61.454,5.619,-3.811,-0.495,38.478,0.038,0.177,0.101,29,79.734,5.931,0.21,40,9,0.225
621028,"Corbin, Patrick",SL,69,36,67.297,7.194,13.397,-11.737,33.542,0.116,0.116,0.072,26,81.081,8.731,0.246,36,11,0.306
621035,"Lorenzen, Michael",FF,174,93,67.191,6.456,5.094,6.505,36.328,0.172,0.092,0.057,53,81.423,26.321,0.316,65,7,0.108
621035,"Lorenzen, Michael",SI,83,40,67.246,6.52,2.731,11.533,39.483,0.12,0.181,0.072,24,79.679,5.708,0.289,33,7,0.212
621035,"Lorenzen, Michael",SL,58,34,66.638,7.324,14.543,-3.758,38.756,0.207,0.172,0.086,20,84.565,13.8,0.221,22,10,0.455
621043,"Hendricks, Kyle",CH,214,99,73.677,7.815,15.904,-11.212,34.616,0.117,0.103,0.089,63,85.89,6.254,0.385,140,47,0.336
621043,"Hendricks, Kyle",CU,109,58,73.738,7.865,16.932,-14.204,33.347,0.083,0.193,0.073,41,78.334,-3.405,0.295,55,23,0.418
621043,"Hendricks, Kyle",FC,193,93,73.618,7.401,8.952,-3.39,32.915,0.088,0.155,0.098,72,82.836,13.521,0.352,105,33,0.314
621043,"Hendricks, Kyle",FF,637,297,71.648,6.532,0.756,8.716,31.148,0.064,0.212,0.099,236,85.282,27.822,0.358,270,61,0.226
621043,"Hendricks, Kyle",FS,56,31,72.417,8.059,19.138,-17.181,36.066,0.179,0.018,0.143,18,88.906,6.444,0.373,41,17,0.415
621043,"Hendricks, Kyle",SI,521,243,72.662,6.697,1.08,6.944,34.606,0.042,0.226,0.129,207,84.795,9.493,0.336,228,64,0.281
621043,"Hendricks, Kyle",SL,384,168,71.139,7.728,14.035,-10.657,33.283,0.177,0.159,0.068,90,84.426,11.078,0.308,215,59,0.274
621043,"Hendricks, Kyle",ST,152,66,70.247,7.63,11.948,-7.064,32.433,0.125,0.171,0.072,42,76.681,17.857,0.247,90,29,0.322
621438,"Ray, Robbie",CH,90,46,70.133,8.183,15.391,-21.098,34.661,0.178,0.089,0.067,25,80.208,8.28,0.244,62,25,0.403
621438,"Ray, Robbie",FC,80,44,68.861,7.295,5.768,-1.29,30.255,0.088,0.088,0.05,33,76.309,32.273,0.273,42,13,0.31
621438,"Ray, Robbie",FF,369,190,67.551,6.858,2.558,2.317,30.776,0.049,0.19,0.057,159,77.074,35.899,0.295,146,37,0.253
621438,"Ray, Robbie",SI,201,92,69.831,7.17,3.758,-1.355,32.763,0.03,0.289,0.114,79,85.329,17.0,0.338,63,12,0.19
621438,"Ray, Robbie",SL,213,104,68.044,7.88,10.813,-15.491,33.232,0.15,0.174,0.108,68,84.359,17.368,0.332,106,33,0.311
621438,"Ray, Robbie",ST,151,67,68.198,7.942,11.155,-18.925,31.258,0.146,0.205,0.066,42,75.786,29.929,0.258,75,22,0.293
621439,"Martin, Davis",CH,228,115,73.034,8.504,19.498,-20.254,36.014,0.219,0.088,0.07,53,82.87,7.132,0.342,131,40,0.305
621439,"Martin, Davis",CU,94,44,67.084,8.316,17.146,-19.282,34.967,0.234,0.149,0.074,20,85.12,10.952,0.329,57,20,0.351
621439,"Martin, Davis",FC,180,94,74.618,7.887,13.177,-3.525,33.421,0.111,0.117,0.106,69,84.374,22.507,0.347,77,18,0.234
621439,"Martin, Davis",FF,583,319,74.35,7.437,9.635,3.956,32.317,0.12,0.123,0.137,225,88.035,30.311,0.361,266,73,0.274
621439,"Martin, Davis",FS,72,33,71.088,8.262,20.357,-17.814,34.623,0.167,0.125,0.139,18,92.872,4.833,0.351,38,7,0.184
621439,"Martin, Davis",SI,384,206,74.208,7.584,9.67,1.895,35.204,0.099,0.174,0.125,157,84.064,8.133,0.336,167,50,0.299
621439,"Martin, Davis",SL,295,144,72.659,8.348,17.33,-13.728,34.346,0.224,0.139,0.075,69,82.97,5.986,0.359,164,55,0.335
621439,"Martin, Davis",ST,171,85,70.765,8.268,18.838,-16.057,33.851,0.175,0.099,0.123,53,84.368,16.34,0.386,101,31,0.307
621493,"Corbin, Patrick",CH,180,78,69.748,7.589,13.962,-11.458,34.705,0.089,0.161,0.094,61,81.456,7.23,0.285,103,29,0.282
621493,"Corbin, Patrick",CU,116,37,64.5,7.482,13.935,-10.301,34.321,0.129,0.267,0.052,18,83.683,6.789,0.338,63,17,0.27
621493,"Corbin, Patrick",FC,262,100,68.721,6.923,6.097,0.65,31.854,0.069,0.244,0.053,75,83.36,23.56,0.284,120,23,0.192
621493,"Corbin, Patrick",FF,791,325,68.037,6.545,4.189,7.356,29.724,0.081,0.202,0.087,243,86.016,33.984,0.403,349,48,0.138
621493,"Corbin, Patrick",FS,73,35,68.261,7.719,14.997,-16.89,35.709,0.164,0.11,0.055,21,83.738,-0.381,0.249,46,17,0.37
621493,"Corbin, Patrick",SI,443,145,66.772,6.539,2.41,5.954,33.574,0.029,0.332,0.086,121,87.432,13.091,0.383,171,24,0.14
621493,"Corbin, Patrick",SL,535,200,66.478,7.461,12.37,-8.416,32.147,0.114,0.219,0.062,130,82.551,14.733,0.307,302,79,0.262
621493,"Corbin, Patrick",ST,323,104,66.671,7.406,12.989,-9.257,31.956,0.087,0.254,0.034,67,78.537,23.836,0.211,172,35,0.203
621512,"Kochanowicz, Jack",FF,47,30,67.35,7.257,8.767,16.24,31.796,0.17,0.128,0.064,20,80.305,29.1,0.159,21,9,0.429
621566,"Holmes, Clay",CH,285,110,72.942,7.963,12.346,-5.689,34.907,0.077,0.091,0.095,82,85.285,16.659,0.311,186,40,0.215
621566,"Holmes, Clay",CU,269,124,69.604,7.972,16.39,-9.694,34.768,0.13,0.178,0.108,85,86.005,13.4,0.409,147,46,0.313
621566,"Holmes, Clay",FC,238,116,73.797,7.212,6.629,4.491,34.059,0.097,0.164,0.092,84,84.575,24.583,0.346,116,36,0.31
621566,"Holmes, Clay",FF,1042,506,72.091,6.901,2.891,11.866,31.788,0.116,0.131,0.09,344,86.336,29.945,0.373,470,99,0.211
621566,"Holmes, Clay",FS,102,32,71.758,8.271,18.247,-13.496,34.668,0.157,0.147,0.029,14,85.571,-3.214,0.343,73,18,0.247
621566,"Holmes, Clay",SI,460,215,73.08,7.075,2.508,9.946,35.455,0.087,0.209,0.117,159,85.557,18.767,0.41,196,51,0.26
621566,"Holmes, Clay",SL,448,199,72.231,7.924,13.196,-7.038,34.938,0.145,0.134,0.094,124,84.727,15.702,0.307,260,75,0.288
621566,"Holmes, Clay",ST,233,99,71.693,7.926,14.906,-8.922,34.446,0.069,0.176,0.077,75,81.697,19.053,0.262,120,28,0.233
622761,"Rodón, Carlos",FF,107,58,71.196,6.941,0.497,11.525,27.471,0.121,0.224,0.065,39,81.718,36.077,0.262,37,13,0.351
622761,"Rodón, Carlos",SI,64,33,69.006,7.026,0.272,7.379,31.964,0.047,0.25,0.031,26,72.988,13.962,0.141,26,15,0.577
623168,"Olson, Reese",CH,91,55,58.254,7.066,3.795,-24.653,30.774,0.187,0.055,0.033,36,69.678,12.528,0.23,53,22,0.415
623168,"Olson, Reese",FC,55,30,66.296,6.888,5.448,-7.849,29.43,0.036,0.073,0.073,25,78.256,10.88,0.221,32,10,0.312
623168,"Olson, Reese",FF,220,113,62.932,6.306,1.385,-1.238,28.057,0.05,0.132,0.068,96,79.861,25.021,0.275,102,29,0.284
623168,"Olson, Reese",SI,73,34,62.952,6.206,-2.132,5.595,28.689,0.055,0.247,0.068,29,73.721,25.759,0.298,29,5,0.172
623168,"Olson, Reese",SL,71,36,62.147,7.567,9.371,-21.424,30.669,0.113,0.127,0.07,28,76.593,29.571,0.421,40,13,0.325
623993,"Pepiot, Ryan",CH,125,58,70.168,7.623,9.868,-15.336,24.629,0.104,0.072,0.072,40,79.088,22.3,0.28,84,28,0.333
623993,"Pepiot, Ryan",FC,116,59,71.87,7.191,10.33,-10.063,24.489,0.112,0.172,0.086,39,83.113,18.615,0.313,64,27,0.422
623993,"Pepiot, Ryan",FF,417,202,69.781,6.656,3.93,2.114,21.142,0.125,0.165,0.082,130,85.056,33.427,0.23,205,57,0.278
623993,"Pepiot, Ryan",SI,110,41,71.2,6.72,1.26,4.616,25.59,0.045,0.227,0.1,36,84.856,24.389,0.35,52,5,0.096
623993,"Pepiot, Ryan",SL,112,65,71.434,7.625,10.428,-18.97,28.128,0.125,0.152,0.089,48,81.417,29.688,0.256,59,25,0.424
624413,"Irvin, Jake",CH,211,106,75.158,7.572,15.856,-10.685,35.503,0.123,0.071,0.128,70,86.724,-0.577,0.338,135,43,0.319
624413,"Irvin, Jake",CU,195,65,71.111,7.422,12.598,-10.187,34.716,0.092,0.21,0.072,42,87.329,11.643,0.326,115,25,0.217
624413,"Irvin, Jake",FC,165,69,74.462,7.003,9.963,2.77,33.173,0.085,0.158,0.121,51,90.741,27.588,0.499,79,16,0.203
624413,"Irvin, Jake",FF,775,408,73.322,6.491,6.209,13.8,31.287,0.123,0.148,0.115,275,88.412,35.72,0.398,334,87,0.26
624413,"Irvin, Jake",FS,59,31,75.216,7.658,16.307,-13.254,36.248,0.102,0.085,0.136,21,88.776,10.381,0.245,32,10,0.312
624413,"Irvin, Jake",KC,55,32,70.569,7.781,17.788,-17.004,35.54,0.255,0.109,0.145,16,88.2,1.562,0.299,34,20,0.588
624413,"Irvin, Jake",SI,593,259,75.021,6.7,5.153,9.587,34.879,0.062,0.194,0.113,198,85.878,15.707,0.422,275,63,0.229
624413,"Irvin, Jake",SL,435,207,73.003,7.427,12.662,-5.454,34.559,0.145,0.152,0.085,129,83.858,17.341,0.397,242,81,0.335
624413,"Irvin, Jake",ST,293,117,72.68,7.373,12.936,-6.874,33.967,0.082,0.208,0.092,82,84.006,13.12,0.344,157,41,0.261
624415,"Ober, Bailey",FF,142,59,67.134,6.629,8.394,0.127,36.213,0.056,0.254,0.092,48,86.854,24.875,0.371,51,6,0.118
624424,"Pfaadt, Brandon",CH,226,105,73.209,7.856,16.686,-10.06,33.394,0.137,0.115,0.075,70,82.506,3.814,0.24,144,45,0.312
624424,"Pfaadt, Brandon",CU,154,56,72.527,7.827,18.419,-13.039,34.29,0.11,0.221,0.052,34,81.091,1.029,0.239,87,21,0.241
624424,"Pfaadt, Brandon",FC,141,61,73.764,6.99,8.816,4.477,31.048,0.085,0.199,0.064,43,79.837,25.023,0.292,69,17,0.246
624424,"Pfaadt, Brandon",FF,706,319,71.996,6.788,4.067,13.484,30.042,0.084,0.161,0.092,242,85.299,26.752,0.41,313,49,0.157
624424,"Pfaadt, Brandon",FS,65,30,71.641,7.724,13.71,-5.037,31.482,0.123,0.046,0.062,20,81.255,3.3,0.265,43,12,0.279
624424,"Pfaadt, Brandon",SI,284,130,71.511,6.848,2.071,14.972,32.082,0.07,0.229,0.074,101,82.886,14.782,0.36,121,32,0.264
624424,"Pfaadt, Brandon",SL,252,115,72.89,7.477,12.976,-3.557,33.537,0.131,0.143,0.056,75,80.728,13.453,0.321,124,29,0.234
624424,"Pfaadt, Brandon",ST,137,66,74.008,7.686,16.359,-11.144,31.084,0.117,0.175,0.066,45,79.889,2.956,0.238,63,16,0.254
624428,"Civale, Aaron",CH,137,66,63.995,7.209,12.6,-2.226,40.709,0.109,0.066,0.022,46,82.122,11.848,0.34,86,27,0.314
624428,"Civale, Aaron",CU,147,76,61.919,7.107,12.485,-0.016,39.577,0.082,0.143,0.041,61,78.534,6.803,0.225,82,27,0.329
624428,"Civale, Aaron",FC,205,114,63.87,6.573,7.441,3.979,39.073,0.107,0.151,0.054,88,80.643,20.636,0.307,88,26,0.295
624428,"Civale, Aaron",FF,664,327,64.822,6.475,6.972,10.813,37.716,0.05,0.185,0.047,265,80.037,28.857,0.308,299,81,0.271
624428,"Civale, Aaron",FS,75,46,63.779,7.262,13.876,-0.346,41.523,0.133,0.08,0.013,35,75.886,6.657,0.194,41,17,0.415
624428,"Civale, Aaron",SI,217,91,64.127,6.608,5.841,7.879,39.724,0.06,0.235,0.078,76,81.871,18.461,0.308,88,14,0.159
624428,"Civale, Aaron",SL,242,140,63.478,7.189,14.515,-2.733,39.759,0.132,0.145,0.062,100,80.636,15.48,0.259,109,42,0.385
624428,"Civale, Aaron",ST,94,49,59.436,6.894,11.904,-2.461,40.659,0.117,0.074,0.011,33,77.636,9.394,0.174,47,14,0.298
624431,"Pallante, Andre",CH,64,31,70.883,7.767,12.849,-15.184,25.369,0.141,0.156,0.109,21,82.8,2.571,0.156,32,9,0.281
624431,"Pallante, Andre",FC,71,32,66.266,6.809,5.372,4.982,21.8,0.042,0.155,0.113,28,82.043,22.25,0.315,34,6,0.176
624431,"Pallante, Andre",FF,337,158,66.631,6.721,6.996,7.779,22.448,0.047,0.279,0.11,138,84.855,29.348,0.298,133,44,0.331
624431,"Pallante, Andre",SI,185,78,67.676,6.789,5.115,9.639,24.83,0.016,0.308,0.13,71,84.166,7.887,0.301,77,30,0.39
624431,"Pallante, Andre",SL,209,113,66.63,7.498,11.042,-10.005,22.779,0.163,0.115,0.081,69,81.545,9.652,0.224,118,44,0.373
624431,"Pallante, Andre",ST,92,38,65.452,7.455,10.389,-10.747,21.838,0.065,0.174,0.054,31,76.784,15.129,0.381,51,13,0.255
624512,"Priester, Quinn",CH,59,37,69.938,8.616,16.642,-10.832,33.107,0.186,0.068,0.102,25,80.416,14.04,0.17,37,20,0.541
624512,"Priester, Quinn",FF,175,105,65.354,7.274,6.83,2.359,32.049,0.103,0.097,0.074,82,78.955,32.354,0.207,79,28,0.354
624512,"Priester, Quinn",SI,77,39,69.033,7.608,5.563,5.571,32.615,0.052,0.26,0.117,32,81.762,20.129,0.365,33,15,0.455
624585,"Ortiz, Luis",CH,100,52,71.962,8.26,14.937,-18.254,35.041,0.23,0.08,0.05,25,79.212,11.64,0.21,64,24,0.375
624585,"Ortiz, Luis",CU,80,31,71.157,8.293,16.006,-17.595,33.865,0.1,0.15,0.062,20,85.315,7.95,0.313,49,11,0.224
624585,"Ortiz, Luis",FC,79,41,72.73,7.458,5.105,-3.058,34.931,0.076,0.127,0.114,30,86.46,19.533,0.478,35,7,0.2
624585,"Ortiz, Luis",FF,277,142,73.651,7.228,3.71,0.888,30.789,0.148,0.173,0.058,89,82.239,31.551,0.321,109,29,0.266
624585,"Ortiz, Luis",SI,258,95,74.252,7.426,4.759,-2.802,36.26,0.05,0.264,0.105,70,85.653,-4.1,0.352,134,23,0.172
624585,"Ortiz, Luis",SL,276,121,70.879,8.181,13.385,-14.754,34.004,0.17,0.159,0.069,71,82.806,16.451,0.284,154,41,0.266
624585,"Ortiz, Luis",ST,154,68,70.337,7.834,8.101,-8.576,34.097,0.13,0.169,0.052,45,78.5,24.6,0.179,83,23,0.277
624641,"Peterson, David",CH,100,62,72.368,8.734,17.595,-12.749,35.095,0.16,0.09,0.13,42,79.379,-0.429,0.324,67,39,0.582
624641,"Peterson, David",CU,62,39,69.779,8.769,17.437,-19.805,35.885,0.21,0.129,0.145,21,89.0,-1.429,0.218,39,24,0.615
624641,"Peterson, David",FC,66,37,72.523,7.991,9.737,1.816,31.372,0.136,0.182,0.106,23,84.7,28.826,0.148,33,14,0.424
624641,"Peterson, David",FF,289,149,70.166,7.361,4.974,10.407,30.855,0.093,0.183,0.087,113,81.612,30.363,0.312,143,51,0.357
624641,"Peterson, David",SI,181,99,72.035,7.543,3.64,9.208,35.265,0.05,0.166,0.072,83,81.948,13.663,0.368,70,22,0.314
624641,"Peterson, David",SL,160,101,68.914,8.541,12.56,-10.995,35.082,0.219,0.1,0.075,61,77.551,13.525,0.303,90,49,0.544
624641,"Peterson, David",ST,57,32,66.494,8.262,15.052,-14.798,32.855,0.14,0.105,0.158,24,84.296,17.0,0.281,35,16,0.457
628451,"Kikuchi, Yusei",CH,89,53,68.792,7.667,11.034,-10.154,30.796,0.146,0.056,0.101,35,78.974,8.278,0.318,53,22,0.415
628451,"Kikuchi, Yusei",FF,218,100,67.486,6.628,1.305,7.868,27.216,0.083,0.147,0.064,77,82.316,32.442,0.318,119,30,0.252
628451,"Kikuchi, Yusei",SI,130,63,67.895,6.776,1.581,7.119,29.249,0.038,0.223,0.092,51,83.6,5.755,0.279,51,13,0.255
628451,"Kikuchi, Yusei",SL,95,57,68.107,7.335,8.144,-8.548,30.808,0.084,0.105,0.095,49,82.286,19.673,0.342,43,14,0.326
628451,"Kikuchi, Yusei",ST,57,31,66.487,7.643,12.49,-13.386,29.129,0.123,0.053,0.07,22,75.641,18.591,0.258,33,12,0.364
630105,"Schwellenbach, Spencer",CH,206,97,71.482,7.745,15.668,-11.162,31.297,0.146,0.112,0.058,63,79.59,8.556,0.175,126,39,0.31
630105,"Schwellenbach, Spencer",CU,146,58,65.139,7.131,11.476,-11.689,31.39,0.103,0.178,0.075,38,80.613,13.868,0.149,77,18,0.234
630105,"Schwellenbach, Spencer",FC,142,64,67.82,6.461,2.41,7.353,30.709,0.049,0.176,0.056,47,81.034,23.542,0.352,67,14,0.209
630105,"Schwellenbach, Spencer",FF,899,390,68.092,6.368,-0.925,10.993,29.86,0.04,0.179,0.07,319,81.888,29.549,0.381,396,65,0.164
630105,"Schwellenbach, Spencer",FS,79,37,70.205,7.981,18.892,-14.025,32.982,0.19,0.139,0.089,20,84.89,4.05,0.233,52,20,0.385
630105,"Schwellenbach, Spencer",SI,324,121,67.027,6.34,-1.024,10.312,31.826,0.025,0.259,0.083,98,79.548,6.43,0.369,143,26,0.182
630105,"Schwellenbach, Spencer",SL,238,107,68.743,7.301,11.782,-10.848,31.546,0.097,0.16,0.092,77,82.961,19.792,0.264,118,29,0.246
630105,"Schwellenbach, Spencer",ST,118,47,67.562,7.417,13.925,-10.435,32.428,0.102,0.186,0.059,33,77.445,17.333,0.206,62,16,0.258
640902,"Rodón, Carlos",FF,122,48,69.181,6.815,0.034,14.741,29.134,0.139,0.18,0.025,28,79.364,36.25,0.209,61,10,0.164
641313,"López, Pablo",FF,126,67,68.891,6.834,5.919,9.897,35.29,0.103,0.095,0.071,43,84.719,20.558,0.219,51,10,0.196
641313,"López, Pablo",SI,62,34,68.955,6.639,3.2,9.371,38.779,0.065,0.177,0.065,28,81.579,-7.036,0.285,21,5,0.238
641343,"Gray, Sonny",CH,102,37,72.203,8.006,14.83,-4.707,35.389,0.069,0.137,0.078,27,82.781,5.963,0.374,64,12,0.188
641343,"Gray, Sonny",CU,113,39,75.377,8.315,20.26,-15.544,35.826,0.08,0.177,0.053,27,77.767,-1.667,0.328,69,13,0.188
641343,"Gray, Sonny",FC,61,34,75.974,7.55,10.672,-3.461,35.075,0.082,0.164,0.148,26,85.038,17.654,0.579,24,7,0.292
641343,"Gray, Sonny",FF,324,141,74.203,7.084,4.603,8.585,32.346,0.071,0.176,0.09,105,85.477,27.914,0.383,138,21,0.152
641343,"Gray, Sonny",SI,103,40,76.28,7.345,6.912,3.022,35.269,0.068,0.301,0.068,31,86.316,20.032,0.395,35,1,0.029
641343,"Gray, Sonny",SL,106,51,73.684,7.861,13.455,-11.203,35.71,0.17,0.057,0.075,28,82.279,18.379,0.251,56,13,0.232
641343,"Gray, Sonny",ST,72,35,73.76,8.303,19.061,-16.508,35.963,0.167,0.139,0.056,16,84.95,17.75,0.202,42,14,0.333
641355,"Crochet, Garrett",CH,325,142,68.571,8.268,16.863,-8.89,33.543,0.071,0.126,0.055,107,79.507,11.019,0.251,219,74,0.338
641355,"Crochet, Garrett",CU,166,86,67.937,8.279,18.595,-12.071,33.754,0.102,0.157,0.114,61,82.293,0.361,0.285,99,43,0.434
641355,"Crochet, Garrett",FC,249,113,68.8,7.699,13.838,-4.304,32.671,0.1,0.169,0.084,85,83.976,18.259,0.319,124,32,0.258
641355,"Crochet, Garrett",FF,854,438,68.077,7.1,6.618,7.879,29.705,0.067,0.167,0.082,350,83.96,33.989,0.346,353,96,0.272
641355,"Crochet, Garrett",FS,125,64,67.925,8.274,17.656,-8.051,34.628,0.128,0.064,0.064,46,76.002,4.804,0.187,85,32,0.376
641355,"Crochet, Garrett",SI,388,174,69.232,7.453,9.013,2.823,33.536,0.036,0.227,0.106,148,84.541,20.176,0.373,166,43,0.259
641355,"Crochet, Garrett",SL,359,185,69.629,8.216,16.891,-11.96,34.903,0.109,0.12,0.1,131,83.163,19.16,0.289,188,61,0.324
641355,"Crochet, Garrett",ST,165,66,70.285,8.111,16.002,-11.984,32.845,0.048,0.182,0.109,56,82.316,17.071,0.379,91,18,0.198
641487,"Springs, Jeffrey",CH,257,118,70.228,7.606,8.915,-5.215,36.399,0.07,0.121,0.105,95,81.782,17.516,0.39,142,38,0.268
641487,"Springs, Jeffrey",CU,127,52,70.86,7.742,12.324,-10.421,35.701,0.039,0.181,0.055,44,76.648,8.068,0.254,74,22,0.297
641487,"Springs, Jeffrey",FC,225,96,68.477,6.812,0.615,4.214,35.997,0.08,0.196,0.053,72,78.95,13.319,0.322,98,22,0.224
641487,"Springs, Jeffrey",FF,1196,548,67.74,6.577,-2.036,11.58,35.192,0.084,0.136,0.041,403,80.261,25.879,0.339,544,80,0.147
641487,"Springs, Jeffrey",FS,87,36,71.152,7.77,9.389,-6.318,35.903,0.046,0.149,0.161,31,90.103,18.097,0.303,48,11,0.229
641487,"Springs, Jeffrey",SI,429,170,70.771,6.854,-0.786,8.414,37.196,0.047,0.261,0.1,142,82.573,9.049,0.319,164,30,0.183
641487,"Springs, Jeffrey",SL,325,165,69.397,7.461,8.466,-5.553,36.351,0.111,0.157,0.108,114,82.393,13.316,0.349,153,51,0.333
641487,"Springs, Jeffrey",ST,222,104,69.469,7.533,10.789,-6.359,35.261,0.135,0.185,0.054,65,76.758,18.462,0.243,113,37,0.327
641555,"Bradley, Taj",FF,127,63,70.789,6.995,0.828,3.307,25.062,0.016,0.15,0.102,58,84.978,27.845,0.293,54,11,0.204
641584,"Verlander, Justin",CH,134,59,69.768,7.675,17.341,-15.39,37.238,0.127,0.119,0.067,41,81.22,12.659,0.388,75,18,0.24
641584,"Verlander, Justin",FC,62,38,72.597,6.731,6.007,-2.44,36.756,0.081,0.065,0.097,30,79.827,16.3,0.361,35,14,0.4
641584,"Verlander, Justin",FF,252,130,70.45,6.557,-0.145,4.086,36.363,0.052,0.123,0.06,103,77.863,27.728,0.37,116,26,0.224
641584,"Verlander, Justin",SI,93,35,69.02,6.566,-0.215,3.338,38.919,0.075,0.258,0.086,25,85.036,7.962,0.274,44,10,0.227
641584,"Verlander, Justin",SL,115,62,69.908,7.472,13.922,-13.199,38.59,0.157,0.113,0.122,42,84.81,16.0,0.262,51,16,0.314
641598,"Skubal, Tarik",CH,165,64,70.17,7.697,19.044,-16.277,30.102,0.176,0.182,0.048,32,80.862,3.344,0.284,95,21,0.221
641598,"Skubal, Tarik",FC,111,42,72.102,7.356,16.135,-9.352,30.066,0.063,0.18,0.081,30,86.733,24.5,0.341,60,10,0.167
641598,"Skubal, Tarik",FF,325,163,70.857,6.899,12.009,4.272,27.516,0.095,0.185,0.12,124,88.174,33.605,0.297,130,29,0.223
641598,"Skubal, Tarik",SI,171,78,71.185,6.978,11.891,2.597,30.175,0.088,0.211,0.111,56,86.991,17.5,0.353,70,15,0.214
641598,"Skubal, Tarik",SL,202,76,69.347,7.545,17.596,-15.433,29.145,0.173,0.233,0.064,40,85.158,15.225,0.219,103,23,0.223
641598,"Skubal, Tarik",ST,103,37,67.722,7.524,20.433,-17.013,29.093,0.146,0.233,0.058,19,86.058,21.368,0.296,48,12,0.25
641658,"Boyd, Matthew",FF,135,59,60.89,5.787,5.475,3.274,30.43,0.059,0.185,0.044,47,75.226,39.532,0.222,65,19,0.292
641680,"Soriano, José",CH,225,119,66.995,8.09,15.31,-6.514,29.698,0.116,0.036,0.089,89,79.689,11.112,0.23,157,61,0.389
641680,"Soriano, José",FC,94,42,69.45,7.368,11.847,1.54,27.741,0.117,0.138,0.074,31,85.394,18.452,0.407,43,6,0.14
641680,"Soriano, José",FF,712,376,67.215,6.971,6.978,10.984,26.379,0.126,0.174,0.055,255,81.98,33.075,0.275,274,71,0.259
641680,"Soriano, José",FS,71,34,67.081,8.038,15.939,-8.432,30.518,0.141,0.056,0.07,21,87.029,11.524,0.335,47,15,0.319
641680,"Soriano, José",SI,201,76,69.624,7.332,6.463,7.439,29.822,0.06,0.259,0.109,60,87.048,17.75,0.412,88,17,0.193
641680,"Soriano, José",SL,186,106,67.014,7.963,16.225,-11.578,29.931,0.108,0.14,0.108,73,82.255,6.554,0.223,94,42,0.447
641680,"Soriano, José",ST,77,42,66.74,7.731,13.867,-6.091,29.991,0.091,0.13,0.104,34,82.947,24.941,0.237,34,9,0.265
641857,"Bello, Brayan",CH,260,128,72.739,7.908,19.278,-9.927,40.021,0.154,0.042,0.058,69,80.122,11.843,0.303,169,51,0.302
641857,"Bello, Brayan",CU,175,76,69.484,7.875,19.566,-9.209,40.0,0.234,0.149,0.069,32,87.712,15.438,0.236,113,39,0.345
641857,"Bello, Brayan",FC,214,89,70.981,7.107,8.874,8.315,38.765,0.145,0.182,0.042,50,81.658,13.86,0.287,97,18,0.186
641857,"Bello, Brayan",FF,951,422,71.839,6.895,5.864,11.852,37.354,0.098,0.165,0.078,291,84.598,27.969,0.409,389,61,0.157
641857,"Bello, Brayan",FS,99,59,74.831,7.945,19.422,-7.903,39.583,0.212,0.071,0.121,36,81.883,9.778,0.216,56,21,0.375
641857,"Bello, Brayan",SI,315,122,70.376,6.771,2.733,12.25,39.956,0.067,0.241,0.098,91,85.589,8.538,0.34,126,22,0.175
641857,"Bello, Brayan",SL,327,167,71.859,7.649,17.745,-8.93,39.059,0.245,0.15,0.073,75,83.303,13.933,0.277,165,54,0.327
641857,"Bello, Brayan",ST,142,57,68.756,7.556,16.56,-8.802,39.424,0.155,0.169,0.085,32,84.078,16.406,0.297,81,21,0.259
641933,"Berríos, José",CH,96,49,73.308,8.073,22.032,-16.217,38.069,0.26,0.083,0.052,21,76.529,0.143,0.283,57,19,0.333
641933,"Berríos, José",FF,258,141,72.616,7.376,16.081,0.482,33.949,0.105,0.128,0.101,100,87.178,31.49,0.425,120,32,0.267
641933,"Berríos, José",SI,126,63,72.502,7.352,13.497,2.18,36.376,0.071,0.175,0.079,51,78.114,13.078,0.345,70,26,0.371
641933,"Berríos, José",SL,100,41,72.273,8.01,21.763,-12.19,34.965,0.12,0.16,0.09,27,86.611,25.667,0.376,58,14,0.241
641933,"Berríos, José",ST,80,31,71.977,7.932,23.323,-13.111,36.631,0.175,0.175,0.05,16,79.931,2.688,0.288,44,9,0.205
641943,"Bido, Osvaldo",CH,94,52,72.198,7.722,14.747,-4.399,30.755,0.106,0.043,0.074,35,77.754,-6.472,0.236,62,24,0.387
641943,"Bido, Osvaldo",CU,63,31,69.976,7.679,13.711,-7.985,29.401,0.127,0.143,0.079,20,84.68,14.65,0.26,32,9,0.281
641943,"Bido, Osvaldo",FF,199,99,67.851,6.439,2.76,13.748,30.131,0.08,0.186,0.065,79,81.122,29.532,0.3,70,10,0.143
641943,"Bido, Osvaldo",SI,68,36,69.494,6.517,-1.563,20.964,30.809,0.132,0.162,0.074,23,78.748,15.542,0.355,23,5,0.217
642086,"Pivetta, Nick",CH,94,49,63.779,7.231,17.104,-6.025,34.314,0.128,0.117,0.074,35,78.669,10.657,0.34,55,20,0.364
642086,"Pivetta, Nick",CU,88,46,64.614,7.084,15.596,-8.407,35.275,0.125,0.091,0.057,34,79.256,3.441,0.324,52,17,0.327
642086,"Pivetta, Nick",FF,292,135,66.307,6.418,6.447,5.661,33.665,0.055,0.247,0.089,110,85.604,30.309,0.252,127,36,0.283
642086,"Pivetta, Nick",SI,94,45,67.54,6.63,11.089,-0.032,35.254,0.085,0.16,0.138,34,89.321,15.176,0.395,48,13,0.271
642086,"Pivetta, Nick",SL,119,70,64.669,7.187,14.961,-10.707,37.071,0.185,0.101,0.092,41,83.493,13.214,0.25,67,30,0.448
642133,"Severino, Luis",CH,224,89,72.278,8.269,9.385,-11.307,32.045,0.121,0.125,0.071,56,81.529,19.232,0.284,145,38,0.262
642133,"Severino, Luis",CU,113,50,70.102,8.412,13.544,-24.097,30.799,0.159,0.204,0.08,29,84.666,8.862,0.275,66,25,0.379
642133,"Severino, Luis",FC,108,42,75.146,7.876,7.315,-5.842,28.993,0.046,0.222,0.13,36,87.872,17.722,0.458,46,5,0.109
642133,"Severino, Luis",FF,351,165,72.957,7.245,2.484,10.165,25.762,0.08,0.188,0.094,120,86.053,34.0,0.416,155,47,0.303
642133,"Severino, Luis",FS,68,35,73.723,8.231,9.797,-14.074,34.14,0.206,0.088,0.074,21,79.89,2.333,0.135,38,12,0.316
642133,"Severino, Luis",SI,150,72,75.036,7.574,3.915,2.984,30.147,0.04,0.247,0.187,62,88.776,14.016,0.347,55,18,0.327
642133,"Severino, Luis",SL,138,78,73.189,8.376,11.592,-20.535,31.452,0.203,0.159,0.072,44,82.041,25.711,0.255,64,28,0.438
642136,"Flaherty, Jack",CH,76,32,70.675,7.897,11.685,-8.469,27.02,0.105,0.105,0.092,24,84.312,13.542,0.221,45,9,0.2
642136,"Flaherty, Jack",FC,71,35,70.0,7.406,8.507,0.388,28.771,0.155,0.225,0.085,20,83.45,18.25,0.199,34,17,0.5
642136,"Flaherty, Jack",FF,353,168,70.244,7.122,3.258,9.53,27.405,0.13,0.11,0.051,103,82.531,33.786,0.322,162,18,0.111
642136,"Flaherty, Jack",SI,77,37,71.35,7.175,1.32,11.207,28.896,0.091,0.117,0.104,25,80.596,7.08,0.337,32,3,0.094
642136,"Flaherty, Jack",SL,70,33,69.323,7.997,14.422,-14.046,27.631,0.143,0.1,0.114,21,86.233,27.714,0.289,35,8,0.229
642180,"Roupp, Landen",FF,186,85,62.859,6.081,0.031,7.987,30.431,0.054,0.183,0.048,65,77.88,20.031,0.334,80,19,0.238
642180,"Roupp, Landen",SL,80,36,56.066,6.939,12.453,-14.746,31.43,0.275,0.188,0.0,13,68.938,11.923,0.161,46,17,0.37
642201,"Parker, Mitchell",FC,58,34,68.638,6.841,6.407,2.336,34.205,0.121,0.086,0.103,26,80.823,18.5,0.395,28,10,0.357
642201,"Parker, Mitchell",FF,277,161,70.309,6.504,3.145,9.543,33.158,0.126,0.13,0.097,108,82.413,30.426,0.349,91,20,0.22
642201,"Parker, Mitchell",SI,229,109,72.36,6.836,3.699,11.279,35.663,0.048,0.223,0.087,89,81.406,8.191,0.359,95,20,0.211
642201,"Parker, Mitchell",SL,170,91,68.095,7.614,13.13,-7.082,34.581,0.165,0.141,0.059,55,82.404,12.145,0.281,85,26,0.306
642201,"Parker, Mitchell",ST,95,50,66.771,7.706,14.464,-8.869,34.6,0.179,0.126,0.063,28,76.186,-8.286,0.21,52,18,0.346
642215,"Rodriguez, Eduardo",CH,83,38,72.153,8.066,17.38,-8.65,34.764,0.205,0.072,0.06,18,82.922,-9.944,0.181,56,17,0.304
642215,"Rodriguez, Eduardo",FF,174,76,71.453,6.922,8.263,12.661,34.156,0.08,0.207,0.075,49,83.378,31.286,0.373,70,13,0.186
642215,"Rodriguez, Eduardo",SL,83,36,73.983,8.178,17.372,-15.874,35.371,0.133,0.181,0.06,24,82.571,11.583,0.343,44,12,0.273
642708,"Crochet, Garrett",CH,112,56,73.8,7.772,10.172,-12.178,30.086,0.134,0.045,0.116,39,84.579,5.55,0.309,77,27,0.351
642708,"Crochet, Garrett",FF,170,102,70.866,6.71,1.573,7.46,28.993,0.088,0.135,0.1,79,81.828,30.329,0.266,62,21,0.339
642708,"Crochet, Garrett",SI,100,53,72.329,6.99,2.081,5.077,30.185,0.03,0.21,0.2,49,86.89,14.612,0.406,38,9,0.237
642708,"Crochet, Garrett",SL,110,58,71.033,7.655,8.827,-11.42,31.078,0.182,0.145,0.073,35,82.391,11.081,0.441,60,25,0.417
642708,"Crochet, Garrett",ST,64,39,71.268,7.658,10.047,-13.669,29.785,0.109,0.125,0.062,28,77.443,19.357,0.265,33,14,0.424
642715,"Pivetta, Nick",CH,226,110,70.199,8.625,23.709,-14.841,36.77,0.243,0.084,0.044,48,79.915,2.939,0.198,146,49,0.336
642715,"Pivetta, Nick",CU,170,53,69.257,8.53,24.788,-15.767,35.818,0.124,0.212,0.029,30,79.64,6.9,0.196,99,18,0.182
642715,"Pivetta, Nick",FC,190,93,70.926,8.162,18.199,-2.523,34.037,0.137,0.216,0.089,60,83.513,26.2,0.319,89,30,0.337
642715,"Pivetta, Nick",FF,916,429,71.326,7.756,14.546,4.691,34.211,0.078,0.159,0.118,333,87.815,30.922,0.394,405,72,0.178
642715,"Pivetta, Nick",FS,62,32,69.742,8.5,22.293,-10.269,38.142,0.242,0.032,0.032,16,79.144,-4.25,0.199,45,18,0.4
642715,"Pivetta, Nick",SI,493,216,71.84,7.802,13.809,3.613,36.12,0.069,0.166,0.061,159,82.294,7.673,0.361,239,52,0.218
642715,"Pivetta, Nick",SL,434,229,68.786,8.426,21.056,-10.132,35.572,0.198,0.141,0.074,125,82.422,13.176,0.3,235,90,0.383
642715,"Pivetta, Nick",ST,228,107,68.629,8.457,21.897,-13.251,35.026,0.162,0.105,0.053,63,78.879,24.619,0.254,138,42,0.304
642731,"Senga, Kodai",FF,163,80,70.82,6.577,5.389,9.592,29.625,0.061,0.135,0.08,65,83.398,26.692,0.289,84,22,0.262
642731,"Senga, Kodai",SI,130,64,70.057,6.638,4.671,8.845,30.365,0.0,0.223,0.108,55,83.576,2.875,0.314,49,12,0.245
642731,"Senga, Kodai",SL,100,63,70.489,7.897,18.49,-19.017,30.539,0.26,0.09,0.08,36,84.347,2.806,0.256,53,24,0.453
642851,"Sale, Chris",CH,53,39,71.062,8.051,20.667,-21.455,35.313,0.302,0.075,0.094,19,82.389,-5.632,0.179,23,13,0.565
642851,"Sale, Chris",FF,115,59,66.975,6.552,2.575,11.235,32.692,0.104,0.2,0.061,44,77.659,34.614,0.26,44,12,0.273
642851,"Sale, Chris",SI,84,46,69.663,7.1,5.924,4.402,36.825,0.048,0.262,0.214,39,86.79,1.795,0.322,20,4,0.2
642851,"Sale, Chris",SL,86,35,67.554,7.623,15.587,-18.356,33.988,0.116,0.151,0.105,24,83.758,13.458,0.452,41,6,0.146
643217,"Flaherty, Jack",CH,232,116,66.756,7.288,16.032,-4.988,32.917,0.108,0.095,0.069,83,78.861,23.277,0.3,141,51,0.362
643217,"Flaherty, Jack",CU,96,39,64.949,7.282,18.836,-10.237,34.169,0.094,0.146,0.052,27,81.337,20.667,0.288,53,13,0.245
643217,"Flaherty, Jack",FC,133,68,68.618,7.069,16.678,-6.323,32.379,0.113,0.12,0.113,49,83.543,21.694,0.375,61,13,0.213
643217,"Flaherty, Jack",FF,548,284,67.099,6.585,11.565,3.041,30.032,0.108,0.135,0.1,210,85.797,34.529,0.335,254,59,0.232
643217,"Flaherty, Jack",FS,92,43,68.802,7.417,19.163,-10.114,33.285,0.098,0.043,0.109,30,80.76,7.333,0.226,54,11,0.204
643217,"Flaherty, Jack",SI,236,116,67.324,6.73,10.743,3.922,32.928,0.017,0.169,0.097,103,83.515,19.252,0.388,103,26,0.252
643217,"Flaherty, Jack",SL,231,130,64.172,7.373,18.035,-12.829,34.409,0.238,0.095,0.078,70,80.443,13.457,0.29,133,57,0.429
643217,"Flaherty, Jack",ST,108,48,62.95,7.11,17.624,-9.335,32.599,0.139,0.157,0.046,31,77.977,23.161,0.23,54,15,0.278
643289,"Fried, Max",CH,112,62,66.948,7.958,10.754,-7.885,30.028,0.071,0.045,0.062,50,78.382,-2.588,0.244,68,21,0.309
643289,"Fried, Max",CU,69,41,65.25,7.708,8.819,-11.783,33.863,0.043,0.087,0.058,36,78.522,10.722,0.241,36,14,0.389
643289,"Fried, Max",FC,148,82,65.744,7.223,4.878,0.702,30.2,0.068,0.122,0.074,69,78.9,23.114,0.265,69,24,0.348
643289,"Fried, Max",FF,461,243,66.099,6.887,0.302,9.536,28.576,0.085,0.154,0.059,188,79.734,30.144,0.297,205,63,0.307
643289,"Fried, Max",SI,184,88,66.917,6.997,-0.092,7.034,31.01,0.033,0.228,0.098,74,80.841,18.527,0.381,81,30,0.37
643289,"Fried, Max",SL,229,126,61.29,7.573,7.092,-8.364,31.257,0.122,0.118,0.07,93,77.077,8.828,0.249,126,49,0.389
643289,"Fried, Max",ST,96,46,63.176,7.893,10.445,-8.34,30.963,0.094,0.146,0.031,35,75.794,30.029,0.23,57,19,0.333
643376,"Fried, Max",CH,137,72,67.344,7.281,18.166,-15.477,32.358,0.168,0.102,0.102,46,81.885,12.413,0.253,79,26,0.329
643376,"Fried, Max",FC,105,46,67.175,6.552,10.592,-0.738,30.324,0.095,0.2,0.095,32,83.431,24.562,0.43,46,8,0.174
643376,"Fried, Max",FF,441,200,67.409,6.459,12.673,3.808,28.759,0.1,0.186,0.077,146,83.018,35.226,0.282,191,38,0.199
643376,"Fried, Max",SI,248,106,66.351,6.377,8.81,2.023,30.887,0.048,0.194,0.097,84,82.877,22.417,0.339,117,17,0.145
643376,"Fried, Max",SL,195,78,64.371,7.0,15.415,-8.619,29.895,0.108,0.174,0.041,54,81.048,20.982,0.295,99,20,0.202
643376,"Fried, Max",ST,88,33,66.95,7.147,18.231,-13.235,30.903,0.057,0.159,0.125,27,84.852,26.185,0.358,48,6,0.125
643396,"Peralta, Freddy",CH,152,89,65.507,7.389,11.339,-8.815,32.986,0.125,0.125,0.112,67,80.058,-1.574,0.229,81,40,0.494
643396,"Peralta, Freddy",CU,98,36,63.053,7.261,8.88,-1.124,31.631,0.061,0.245,0.031,28,72.793,-2.464,0.197,50,12,0.24
643396,"Peralta, Freddy",FC,118,60,65.497,6.653,2.677,3.274,30.336,0.059,0.178,0.068,51,78.439,6.216,0.219,59,19,0.322
643396,"Peralta, Freddy",FF,495,243,62.957,6.156,-2.369,15.791,31.727,0.046,0.21,0.061,200,80.589,24.68,0.308,221,68,0.308
643396,"Peralta, Freddy",SI,382,165,64.703,6.228,-3.245,13.477,34.842,0.021,0.285,0.073,149,79.542,0.342,0.273,141,35,0.248
643396,"Peralta, Freddy",SL,273,148,63.654,7.059,6.565,-1.161,31.273,0.073,0.139,0.081,115,80.166,4.793,0.237,126,43,0.341
643396,"Peralta, Freddy",ST,165,72,64.197,7.394,9.344,-4.37,30.034,0.067,0.188,0.073,58,78.247,22.0,0.235,86,26,0.302
643446,"Irvin, Jake",CH,162,94,68.605,7.933,15.491,-14.357,32.233,0.13,0.062,0.08,64,80.975,11.25,0.247,95,38,0.4
643446,"Irvin, Jake",CU,152,60,69.814,7.95,16.476,-17.887,35.065,0.079,0.184,0.059,41,79.259,7.854,0.3,85,21,0.247
643446,"Irvin, Jake",FC,117,63,71.418,7.208,6.707,-2.316,34.24,0.06,0.128,0.111,53,80.87,22.472,0.368,47,9,0.191
643446,"Irvin, Jake",FF,551,336,69.154,6.822,3.213,4.052,31.445,0.053,0.109,0.098,286,81.743,28.389,0.344,213,65,0.305
643446,"Irvin, Jake",FS,68,30,69.92,7.88,14.349,-12.716,32.087,0.088,0.103,0.088,20,83.835,8.9,0.344,39,8,0.205
643446,"Irvin, Jake",SI,238,126,68.36,6.896,2.624,1.203,34.343,0.059,0.151,0.134,103,85.602,15.154,0.37,95,19,0.2
643446,"Irvin, Jake",SL,270,128,67.01,7.598,11.48,-10.244,34.07,0.122,0.119,0.063,87,78.485,14.586,0.329,146,40,0.274
643446,"Irvin, Jake",ST,115,51,65.017,7.473,10.822,-9.88,32.646,0.096,0.122,0.052,40,78.058,23.675,0.233,57,10,0.175
643565,"Bibee, Tanner",CH,176,80,66.62,7.604,13.187,-5.805,36.151,0.108,0.08,0.051,56,76.221,11.696,0.312,115,35,0.304
643565,"Bibee, Tanner",CU,116,47,67.517,7.543,14.635,-7.229,35.411,0.086,0.155,0.052,33,81.645,14.882,0.294,64,17,0.266
643565,"Bibee, Tanner",FC,129,66,67.925,6.915,5.918,3.891,33.725,0.124,0.14,0.047,42,79.181,19.571,0.347,62,17,0.274
643565,"Bibee, Tanner",FF,620,281,67.041,6.699,2.777,10.42,32.396,0.098,0.174,0.066,199,83.767,31.106,0.337,246,29,0.118
643565,"Bibee, Tanner",FS,64,34,64.168,7.394,11.142,-4.236,34.731,0.094,0.109,0.078,28,80.004,13.5,0.316,35,11,0.314
643565,"Bibee, Tanner",SI,186,80,67.95,6.812,1.812,8.535,36.178,0.038,0.231,0.097,69,84.343,14.101,0.339,74,12,0.162
643565,"Bibee, Tanner",SL,188,103,67.363,7.392,11.718,-5.501,35.252,0.16,0.133,0.101,68,84.016,20.779,0.286,91,33,0.363
643565,"Bibee, Tanner",ST,75,31,62.694,7.4,11.462,-1.852,32.611,0.12,0.253,0.067,20,79.775,29.0,0.343,37,13,0.351
645277,"Gusto, Ryan",CH,333,199,65.632,7.404,13.061,-5.128,35.224,0.075,0.069,0.09,164,80.519,11.854,0.264,203,89,0.438
645277,"Gusto, Ryan",CU,279,130,64.12,7.354,15.214,-10.584,34.787,0.104,0.1,0.032,93,78.08,12.527,0.177,176,57,0.324
645277,"Gusto, Ryan",FC,182,101,67.561,6.963,10.841,-1.519,35.909,0.148,0.126,0.033,69,81.142,18.116,0.349,84,23,0.274
645277,"Gusto, Ryan",FF,728,400,68.981,6.897,10.017,-0.246,33.985,0.1,0.098,0.091,293,85.32,31.689,0.309,358,101,0.282
645277,"Gusto, Ryan",FS,128,64,64.614,7.488,15.877,-10.435,35.736,0.094,0.117,0.062,48,82.431,10.25,0.291,73,26,0.356
645277,"Gusto, Ryan",SI,322,182,68.609,6.995,8.51,2.647,35.314,0.075,0.106,0.127,143,85.896,22.49,0.346,152,49,0.322
645277,"Gusto, Ryan",SL,209,119,64.088,7.318,13.225,-8.547,36.36,0.191,0.1,0.105,72,84.996,10.5,0.325,116,47,0.405
645277,"Gusto, Ryan",ST,134,72,64.256,7.269,13.548,-8.655,36.128,0.097,0.179,0.067,55,77.871,13.418,0.345,65,24,0.369
645302,"Skubal, Tarik",CH,51,32,61.739,7.068,20.088,-10.244,32.484,0.333,0.039,0.039,14,79.043,-3.714,0.151,31,14,0.452
645302,"Skubal, Tarik",FF,166,95,63.364,6.14,4.365,8.065,31.68,0.096,0.133,0.054,72,78.906,24.917,0.261,81,31,0.383
645302,"Skubal, Tarik",SI,72,37,65.586,6.222,0.806,4.594,35.323,0.028,0.194,0.083,33,78.909,15.485,0.307,33,10,0.303
645302,"Skubal, Tarik",SL,122,67,61.337,6.906,14.568,-6.647,31.913,0.156,0.107,0.082,42,77.129,7.452,0.267,65,23,0.354
645444,"Taillon, Jameson",CH,110,46,65.664,7.449,10.322,-10.742,32.767,0.145,0.073,0.0,25,75.888,14.8,0.161,68,16,0.235
645444,"Taillon, Jameson",FF,314,120,61.797,6.45,-2.301,-1.865,34.487,0.038,0.245,0.054,106,76.274,28.132,0.291,127,16,0.126
645444,"Taillon, Jameson",SI,133,44,61.652,6.467,4.635,1.49,34.53,0.06,0.286,0.053,35,78.549,8.229,0.294,48,3,0.062
645444,"Taillon, Jameson",SL,81,41,66.638,7.772,14.71,-19.708,34.369,0.198,0.21,0.025,22,78.814,7.091,0.158,32,10,0.312
646240,"Pepiot, Ryan",CH,304,146,72.629,8.05,15.271,-8.312,31.508,0.161,0.089,0.095,87,85.264,7.448,0.298,201,72,0.358
646240,"Pepiot, Ryan",CU,148,65,71.508,7.865,14.144,-12.152,31.131,0.128,0.135,0.122,41,88.283,8.171,0.52,89,28,0.315
646240,"Pepiot, Ryan",FC,236,117,70.14,7.421,10.9,5.407,28.973,0.114,0.127,0.089,79,84.296,24.696,0.404,107,27,0.252
646240,"Pepiot, Ryan",FF,1304,612,69.967,7.232,6.996,14.345,29.016,0.155,0.128,0.079,366,87.006,32.541,0.381,612,108,0.176
646240,"Pepiot, Ryan",FS,116,61,72.02,7.959,13.284,-6.128,31.124,0.224,0.078,0.095,32,84.791,7.758,0.323,76,30,0.395
646240,"Pepiot, Ryan",SI,419,190,70.033,7.302,5.489,15.193,30.204,0.062,0.203,0.117,147,85.824,8.068,0.35,189,44,0.233
646240,"Pepiot, Ryan",SL,301,151,68.148,7.785,11.765,-4.113,30.704,0.14,0.1,0.1,99,83.03,17.192,0.38,168,57,0.339
646240,"Pepiot, Ryan",ST,151,63,68.09,7.73,13.236,-7.028,28.338,0.119,0.146,0.06,37,80.162,27.757,0.329,82,18,0.22
647304,"Gausman, Kevin",CH,262,140,71.332,8.027,10.969,-11.959,32.21,0.103,0.057,0.137,105,82.882,9.067,0.354,159,55,0.346
647304,"Gausman, Kevin",CU,175,79,67.543,8.212,14.502,-21.5,33.302,0.131,0.154,0.08,51,83.929,13.569,0.41,102,32,0.314
647304,"Gausman, Kevin",FC,126,81,69.819,7.455,7.578,-8.349,31.476,0.079,0.087,0.159,62,83.529,17.29,0.383,56,23,0.411
647304,"Gausman, Kevin",FF,562,311,67.709,6.771,-0.417,5.727,28.384,0.071,0.149,0.125,256,85.052,24.41,0.377,275,114,0.415
647304,"Gausman, Kevin",FS,122,63,68.865,8.142,11.764,-14.368,31.677,0.131,0.057,0.074,44,78.889,-2.386,0.26,76,27,0.355
647304,"Gausman, Kevin",SI,328,181,70.169,7.079,0.78,2.064,32.394,0.067,0.183,0.14,141,84.878,6.78,0.327,141,54,0.383
647304,"Gausman, Kevin",SL,357,205,66.95,7.889,11.524,-15.16,31.427,0.176,0.07,0.087,132,81.73,10.105,0.279,198,74,0.374
647304,"Gausman, Kevin",ST,186,90,67.029,8.085,13.126,-20.483,30.628,0.177,0.129,0.065,52,81.038,30.115,0.298,105,34,0.324
647351,"Holmes, Grant",CH,154,93,69.1,7.946,14.132,-7.802,32.109,0.182,0.084,0.039,59,75.463,11.051,0.207,97,48,0.495
647351,"Holmes, Grant",CU,81,31,67.243,8.029,17.138,-12.76,33.318,0.074,0.259,0.049,22,75.955,11.364,0.191,45,17,0.378
647351,"Holmes, Grant",FC,94,55,67.452,7.381,10.213,-0.186,32.624,0.074,0.149,0.117,40,84.33,27.244,0.32,37,12,0.324
647351,"Holmes, Grant",FF,370,175,67.192,7.051,6.371,8.563,28.831,0.073,0.173,0.086,139,83.447,29.892,0.322,185,48,0.259
647351,"Holmes, Grant",FS,58,31,68.529,7.858,14.366,-5.857,32.082,0.138,0.121,0.172,22,86.65,2.318,0.296,33,10,0.303
647351,"Holmes, Grant",SI,138,53,67.53,7.163,5.684,6.15,31.386,0.014,0.246,0.094,49,83.824,8.816,0.411,64,14,0.219
647351,"Holmes, Grant",SL,129,66,69.144,7.834,11.786,-9.607,34.714,0.132,0.171,0.093,47,80.911,14.396,0.334,75,32,0.427
649966,"Soriano, José",CH,107,56,67.574,8.085,14.388,-14.763,28.367,0.084,0.084,0.065,42,78.269,14.095,0.24,66,24,0.364
649966,"Soriano, José",FC,102,48,69.471,7.39,10.847,-0.456,27.742,0.01,0.176,0.098,45,83.618,23.689,0.29,42,8,0.19
649966,"Soriano, José",FF,344,148,67.622,6.997,9.269,7.8,25.97,0.032,0.221,0.067,127,83.026,30.118,0.296,149,34,0.228
649966,"Soriano, José",SI,339,134,66.899,7.013,7.286,8.322,28.994,0.05,0.239,0.074,110,81.683,12.0,0.315,141,22,0.156
649966,"Soriano, José",SL,189,78,65.595,7.717,11.34,-11.007,29.139,0.085,0.222,0.058,59,81.656,22.283,0.331,84,17,0.202
649966,"Soriano, José",ST,98,39,65.7,7.703,12.142,-7.388,27.579,0.041,0.184,0.041,33,80.252,23.727,0.302,55,15,0.273
650333,"Ray, Robbie",CH,178,89,61.609,6.326,8.766,-0.039,39.256,0.039,0.096,0.056,78,81.676,14.359,0.297,111,41,0.369
650333,"Ray, Robbie",CU,137,64,63.312,6.244,10.645,0.105,38.781,0.0,0.182,0.095,61,82.964,12.885,0.405,69,21,0.304
650333,"Ray, Robbie",FC,170,94,61.241,5.614,4.032,5.889,39.085,0.018,0.218,0.041,83,81.935,20.518,0.288,66,30,0.455
650333,"Ray, Robbie",FF,1023,489,59.44,5.366,1.716,8.785,34.348,0.017,0.219,0.052,458,82.353,21.063,0.308,456,149,0.327
650333,"Ray, Robbie",SI,459,214,58.783,5.337,-2.382,9.884,37.46,0.013,0.22,0.046,199,81.265,13.925,0.288,178,52,0.292
650333,"Ray, Robbie",SL,294,150,61.066,6.141,8.948,-0.996,38.811,0.041,0.146,0.031,131,77.967,19.237,0.268,154,55,0.357
650333,"Ray, Robbie",ST,147,75,62.863,6.101,8.209,-3.141,40.829,0.027,0.19,0.048,69,79.872,20.913,0.258,70,27,0.386
650402,"Castillo, Luis",CH,228,93,68.67,7.558,14.454,-4.114,35.255,0.088,0.083,0.057,69,82.659,20.13,0.349,133,23,0.173
650402,"Castillo, Luis",CU,194,44,66.24,7.333,11.705,-3.705,36.222,0.046,0.211,0.021,33,80.588,10.394,0.268,109,7,0.064
650402,"Castillo, Luis",FC,251,97,69.613,7.198,9.077,4.228,34.056,0.064,0.179,0.076,70,82.709,19.3,0.424,127,17,0.134
650402,"Castillo, Luis",FF,871,426,69.408,6.822,6.279,11.167,32.989,0.086,0.145,0.084,321,87.05,30.056,0.424,422,93,0.22
650402,"Castillo, Luis",SI,414,194,70.099,6.922,6.116,9.843,34.331,0.034,0.22,0.123,165,87.341,16.733,0.387,171,34,0.199
650402,"Castillo, Luis",SL,481,179,66.814,7.471,11.929,-1.366,34.124,0.085,0.206,0.046,127,80.787,18.598,0.27,254,48,0.189
650402,"Castillo, Luis",ST,292,99,64.288,7.39,10.538,-1.397,34.868,0.072,0.205,0.024,74,76.707,19.892,0.234,157,22,0.14
650489,"Littell, Zack",CH,198,108,70.895,7.736,13.95,-12.858,38.012,0.197,0.071,0.086,68,79.044,1.059,0.291,119,45,0.378
650489,"Littell, Zack",CU,151,92,67.437,7.58,12.474,-15.682,37.8,0.192,0.119,0.066,60,76.923,-1.167,0.239,81,39,0.481
650489,"Littell, Zack",FC,98,54,70.098,6.761,3.031,-0.642,37.534,0.122,0.163,0.143,38,85.316,18.5,0.43,37,11,0.297
650489,"Littell, Zack",FF,770,360,69.301,6.621,1.254,8.783,36.232,0.095,0.138,0.053,252,80.746,26.111,0.32,360,67,0.186
650489,"Littell, Zack",FS,84,55,70.542,7.747,14.68,-12.488,37.664,0.202,0.06,0.06,33,74.485,6.606,0.234,50,26,0.52
650489,"Littell, Zack",SI,162,76,72.069,6.989,2.818,5.237,36.888,0.086,0.235,0.099,58,85.666,9.707,0.352,60,17,0.283
650489,"Littell, Zack",SL,184,116,69.525,7.564,11.092,-12.265,38.216,0.223,0.098,0.092,66,79.795,4.864,0.245,97,45,0.464
650489,"Littell, Zack",ST,58,32,70.732,7.786,13.911,-16.858,37.234,0.138,0.19,0.069,21,80.552,9.545,0.239,27,12,0.444
650490,"Kremer, Dean",CH,199,117,74.721,8.148,6.874,-1.511,25.358,0.08,0.106,0.191,93,87.974,5.806,0.325,114,52,0.456
650490,"Kremer, Dean",CU,116,56,72.27,7.858,4.971,-2.055,26.591,0.06,0.224,0.147,48,85.548,9.458,0.34,55,20,0.364
650490,"Kremer, Dean",FC,276,119,72.319,7.48,1.031,11.577,23.584,0.051,0.214,0.072,98,82.433,17.444,0.275,114,20,0.175
650490,"Kremer, Dean",FF,644,281,71.721,7.261,1.3,16.337,21.851,0.082,0.168,0.096,208,87.203,30.654,0.409,293,50,0.171
650490,"Kremer, Dean",FS,75,36,75.028,8.067,7.66,-8.036,26.969,0.067,0.133,0.093,29,81.638,6.828,0.34,48,18,0.375
650490,"Kremer, Dean",SI,620,248,70.335,7.25,-1.3,16.549,25.648,0.047,0.213,0.106,192,87.268,8.575,0.376,289,51,0.176
650490,"Kremer, Dean",SL,331,145,72.693,7.905,4.435,0.391,25.385,0.069,0.172,0.142,113,85.518,3.274,0.36,177,44,0.249
650490,"Kremer, Dean",ST,206,95,72.285,7.878,5.956,-2.613,24.449,0.087,0.15,0.121,73,84.311,23.89,0.294,108,31,0.287
650859,"Corbin, Patrick",CH,199,107,70.805,7.482,10.867,-4.396,33.939,0.106,0.07,0.111,80,83.105,9.238,0.323,124,46,0.371
650859,"Corbin, Patrick",CU,156,66,69.152,7.332,11.899,-8.63,35.205,0.128,0.16,0.051,39,82.382,-1.615,0.282,91,27,0.297
650859,"Corbin, Patrick",FC,235,132,68.139,6.856,5.346,8.4,33.632,0.153,0.157,0.047,84,78.943,15.083,0.252,100,35,0.35
650859,"Corbin, Patrick",FF,657,334,65.898,6.479,2.51,18.585,30.008,0.075,0.155,0.079,265,83.129,18.211,0.344,285,60,0.211
650859,"Corbin, Patrick",FS,70,42,69.069,7.302,7.152,-0.254,33.78,0.1,0.029,0.129,32,84.294,10.625,0.343,48,22,0.458
650859,"Corbin, Patrick",KC,61,30,68.89,7.069,8.115,1.072,33.928,0.082,0.164,0.082,23,79.778,-7.913,0.181,29,8,0.276
650859,"Corbin, Patrick",SI,175,81,68.543,6.751,1.248,15.327,32.914,0.08,0.217,0.091,63,84.967,8.254,0.335,76,17,0.224
650859,"Corbin, Patrick",SL,297,163,69.411,7.304,8.271,-2.412,36.373,0.104,0.135,0.098,121,82.467,12.058,0.302,154,59,0.383
650859,"Corbin, Patrick",ST,141,73,68.581,7.238,10.221,-9.309,35.938,0.149,0.184,0.035,46,76.774,6.326,0.167,61,23,0.377
650968,"Pivetta, Nick",CH,50,32,69.356,8.119,10.58,-10.1,27.86,0.2,0.12,0.06,22,80.041,27.591,0.161,28,14,0.5
650968,"Pivetta, Nick",FF,219,128,66.704,7.094,1.258,11.478,23.651,0.096,0.1,0.046,98,80.4,36.51,0.284,127,61,0.48
650968,"Pivetta, Nick",SI,77,42,70.095,7.347,1.406,8.268,29.475,0.026,0.221,0.13,40,81.138,10.025,0.316,32,14,0.438
650968,"Pivetta, Nick",SL,89,60,66.781,7.992,9.278,-5.949,23.975,0.146,0.079,0.135,44,82.32,11.977,0.295,45,22,0.489
650968,"Pivetta, Nick",ST,57,38,66.595,8.184,12.669,-12.904,25.219,0.175,0.035,0.14,27,79.567,26.926,0.312,32,15,0.469
655316,"Abbott, Andrew",FF,165,76,66.167,6.412,7.324,5.21,33.39,0.115,0.2,0.042,51,79.453,35.902,0.293,78,25,0.321
655316,"Abbott, Andrew",SI,102,43,64.533,6.207,3.827,6.495,34.938,0.049,0.196,0.088,36,82.764,13.917,0.318,42,8,0.19
655316,"Abbott, Andrew",SL,92,44,67.841,7.418,18.297,-13.036,35.183,0.141,0.163,0.098,30,84.74,21.2,0.293,45,9,0.2
656180,"Peterson, David",CH,103,64,78.5,8.442,15.383,-11.216,34.263,0.223,0.078,0.194,36,93.6,3.917,0.266,59,30,0.508
656180,"Peterson, David",FC,66,30,79.46,7.633,7.101,3.185,33.631,0.076,0.197,0.121,23,84.439,15.609,0.403,29,7,0.241
656180,"Peterson, David",FF,330,173,74.771,6.991,-1.008,16.679,33.672,0.164,0.148,0.052,98,80.992,30.816,0.217,148,41,0.277
656180,"Peterson, David",SI,237,111,77.927,7.307,1.378,9.27,37.193,0.072,0.207,0.101,77,83.416,4.208,0.33,98,26,0.265
656180,"Peterson, David",SL,202,96,76.766,8.428,15.276,-13.201,33.547,0.178,0.149,0.109,56,86.984,13.107,0.316,112,36,0.321
656180,"Peterson, David",ST,107,39,73.828,8.487,15.408,-14.707,32.856,0.15,0.224,0.056,22,83.605,16.545,0.213,60,13,0.217
656248,"Lord, Brad",FF,93,39,72.11,6.808,7.665,5.054,36.396,0.118,0.237,0.022,26,80.669,39.385,0.252,32,3,0.094
656305,"Yamamoto, Yoshinobu",CH,160,85,75.143,8.141,11.654,-17.854,28.338,0.175,0.081,0.1,47,85.44,7.0,0.257,99,39,0.394
656305,"Yamamoto, Yoshinobu",CU,111,35,72.141,7.988,11.28,-17.493,28.435,0.072,0.288,0.045,26,79.973,8.038,0.213,56,12,0.214
656305,"Yamamoto, Yoshinobu",FC,143,56,74.789,7.56,5.43,-1.424,23.698,0.084,0.182,0.091,39,88.121,28.128,0.378,71,13,0.183
656305,"Yamamoto, Yoshinobu",FF,818,359,72.828,6.959,1.594,7.41,22.884,0.094,0.166,0.062,244,83.396,34.254,0.366,353,46,0.13
656305,"Yamamoto, Yoshinobu",SI,361,144,72.954,7.09,1.599,6.5,27.265,0.044,0.191,0.116,117,88.192,12.718,0.353,157,18,0.115
656305,"Yamamoto, Yoshinobu",SL,342,148,71.894,7.906,8.326,-11.765,26.057,0.132,0.158,0.102,98,84.892,14.878,0.344,193,51,0.264
656305,"Yamamoto, Yoshinobu",ST,167,64,70.029,7.794,7.529,-11.363,25.31,0.096,0.222,0.084,46,80.848,14.152,0.3,89,22,0.247
656413,"Luzardo, Jesús",FF,58,34,66.836,6.542,5.592,-0.503,36.969,0.155,0.155,0.103,21,75.452,27.476,0.228,20,5,0.25
656484,"Singer, Brady",FF,102,49,72.128,6.838,2.499,0.121,29.099,0.108,0.098,0.088,33,84.294,35.848,0.346,54,11,0.204
656484,"Singer, Brady",SI,63,33,72.107,6.77,-0.376,1.53,32.085,0.127,0.206,0.175,22,89.414,17.136,0.362,26,7,0.269
656537,"Parker, Mitchell",FC,51,31,68.35,7.153,14.0,-9.37,36.109,0.196,0.098,0.059,20,74.995,17.75,0.211,29,14,0.483
656537,"Parker, Mitchell",FF,210,104,68.871,6.35,4.134,14.475,34.29,0.124,0.205,0.09,75,81.909,21.867,0.324,84,23,0.274
656537,"Parker, Mitchell",SL,62,37,71.817,7.794,19.383,-7.185,35.444,0.194,0.048,0.081,22,83.182,23.955,0.404,36,14,0.389
656537,"Parker, Mitchell",ST,67,42,69.085,7.666,18.484,-11.277,35.289,0.239,0.119,0.06,21,75.348,4.333,0.226,42,27,0.643
656541,"Holmes, Clay",FF,96,48,73.838,6.684,2.742,8.315,23.103,0.25,0.094,0.01,19,79.005,44.211,0.188,49,9,0.184
656555,"Ryan, Joe",CH,120,54,68.959,8.624,19.523,-10.197,35.355,0.142,0.108,0.058,33,81.93,2.848,0.197,75,24,0.32
656555,"Ryan, Joe",FC,114,41,67.175,8.195,16.567,-4.974,33.972,0.096,0.219,0.07,29,84.507,16.483,0.352,59,11,0.186
656555,"Ryan, Joe",FF,376,183,70.447,7.859,13.997,-0.573,32.319,0.08,0.176,0.128,133,87.779,32.805,0.358,153,28,0.183
656555,"Ryan, Joe",SI,226,97,70.831,7.778,11.957,0.765,34.306,0.027,0.221,0.115,84,84.977,21.881,0.422,92,17,0.185
656555,"Ryan, Joe",SL,274,100,64.272,8.332,19.757,-11.306,33.922,0.131,0.193,0.069,59,84.954,21.542,0.259,144,24,0.167
656555,"Ryan, Joe",ST,160,57,65.802,8.237,18.384,-9.13,34.721,0.15,0.25,0.031,30,79.9,25.367,0.151,85,22,0.259
656577,"Suarez, Ranger",FF,130,68,75.503,7.261,5.41,4.792,29.3,0.169,0.1,0.085,41,85.007,30.0,0.329,61,10,0.164
656577,"Suarez, Ranger",SL,68,38,74.838,8.305,17.779,-18.301,31.354,0.265,0.088,0.044,17,79.429,12.824,0.073,36,13,0.361
656582,"Boyd, Matthew",FF,109,49,70.751,6.8,1.873,3.14,28.492,0.018,0.202,0.11,43,86.028,30.744,0.337,46,9,0.196
656716,"Lugo, Seth",CH,221,115,65.968,7.396,17.111,-8.618,37.697,0.113,0.077,0.072,80,79.35,13.575,0.341,134,45,0.336
656716,"Lugo, Seth",CU,177,57,65.589,7.375,20.575,-6.483,39.374,0.085,0.249,0.028,34,80.606,6.794,0.255,105,26,0.248
656716,"Lugo, Seth",FC,175,69,67.018,6.676,8.359,1.889,38.751,0.091,0.234,0.034,50,79.402,21.58,0.311,85,21,0.247
656716,"Lugo, Seth",FF,780,377,65.978,6.236,2.181,10.126,35.062,0.074,0.171,0.068,292,80.712,27.723,0.327,336,72,0.214
656716,"Lugo, Seth",FS,84,46,66.411,7.395,17.738,-6.457,37.465,0.25,0.036,0.06,22,81.318,-1.727,0.132,55,21,0.382
656716,"Lugo, Seth",SI,307,147,66.931,6.333,2.556,8.321,38.474,0.046,0.205,0.062,126,79.2,12.063,0.341,123,27,0.22
656716,"Lugo, Seth",SL,259,133,65.35,7.168,15.338,-5.532,37.5,0.174,0.158,0.054,83,79.049,22.133,0.231,126,50,0.397
656716,"Lugo, Seth",ST,138,56,65.54,7.236,16.682,-8.491,39.198,0.116,0.225,0.043,36,79.394,16.083,0.288,71,19,0.268
656775,"Gore, MacKenzie",CH,228,118,68.764,7.881,12.461,-13.478,30.576,0.127,0.088,0.096,86,81.028,7.07,0.316,137,47,0.343
656775,"Gore, MacKenzie",CU,148,75,68.918,7.696,14.153,-15.404,30.351,0.128,0.162,0.108,51,78.653,7.731,0.323,77,27,0.351
656775,"Gore, MacKenzie",FC,184,102,68.396,7.249,9.295,-6.066,30.018,0.13,0.109,0.071,71,79.762,25.648,0.328,86,30,0.349
656775,"Gore, MacKenzie",FF,742,347,68.926,7.013,6.789,-1.313,28.012,0.085,0.155,0.069,253,82.13,38.087,0.263,324,62,0.191
656775,"Gore, MacKenzie",FS,71,37,66.908,8.194,17.968,-19.183,30.855,0.225,0.07,0.056,19,77.395,-5.0,0.164,45,18,0.4
656775,"Gore, MacKenzie",SI,314,135,68.459,7.231,8.904,-6.148,30.538,0.048,0.207,0.07,104,79.436,24.327,0.328,136,31,0.228
656775,"Gore, MacKenzie",SL,279,134,67.035,7.72,13.145,-14.279,30.583,0.125,0.125,0.086,92,81.614,21.376,0.26,149,44,0.295
656775,"Gore, MacKenzie",ST,102,41,67.417,7.794,15.977,-18.588,30.721,0.059,0.098,0.059,31,78.135,27.258,0.256,57,9,0.158
656811,"Littell, Zack",CH,261,123,70.83,7.748,17.475,-6.444,34.059,0.123,0.088,0.088,78,81.06,-0.346,0.253,164,51,0.311
656811,"Littell, Zack",CU,161,65,67.63,7.748,20.138,-11.336,37.309,0.112,0.161,0.068,40,80.16,7.15,0.316,101,26,0.257
656811,"Littell, Zack",FC,168,83,70.43,6.868,9.919,3.232,33.14,0.089,0.131,0.06,59,81.732,21.729,0.213,82,24,0.293
656811,"Littell, Zack",FF,714,341,69.624,6.355,3.316,14.705,31.038,0.069,0.179,0.102,268,85.488,25.049,0.399,309,76,0.246
656811,"Littell, Zack",FS,98,46,72.557,7.689,17.783,-6.937,34.491,0.061,0.092,0.061,33,82.685,-6.909,0.305,53,12,0.226
656811,"Littell, Zack",SI,279,122,70.542,6.554,2.658,14.711,34.18,0.043,0.211,0.104,102,84.208,9.833,0.407,119,25,0.21
656811,"Littell, Zack",SL,312,167,69.442,7.515,16.718,-7.339,35.118,0.179,0.109,0.087,101,80.85,16.188,0.318,164,57,0.348
656811,"Littell, Zack",ST,142,53,68.035,7.548,15.059,-6.6,34.286,0.106,0.197,0.049,38,80.142,19.789,0.337,78,19,0.244
656896,"Woods Richardson, Simeon",FF,180,98,67.127,6.519,2.836,7.527,31.698,0.1,0.106,0.072,75,83.685,33.145,0.325,83,18,0.217
656896,"Woods Richardson, Simeon",SI,90,47,66.164,6.352,-0.843,10.423,34.425,0.056,0.211,0.122,39,84.492,-2.3,0.275,35,12,0.343
656896,"Woods Richardson, Simeon",SL,83,46,66.024,7.258,10.636,-7.875,32.269,0.265,0.157,0.048,22,77.191,16.182,0.219,54,28,0.519
656941,"Peterson, David",CH,294,128,76.0,7.802,16.28,-8.722,31.064,0.136,0.065,0.099,79,85.491,0.823,0.383,181,42,0.232
656941,"Peterson, David",CU,269,97,69.588,7.862,20.706,-18.747,29.813,0.149,0.152,0.052,50,77.566,5.64,0.29,169,34,0.201
656941,"Peterson, David",FC,227,98,74.989,7.359,14.054,-2.693,30.222,0.132,0.15,0.128,61,90.543,12.984,0.448,111,19,0.171
656941,"Peterson, David",FF,829,377,75.46,6.999,10.223,6.3,29.156,0.106,0.189,0.11,261,89.533,33.625,0.465,377,92,0.244
656941,"Peterson, David",FS,119,52,73.116,7.988,18.401,-14.629,31.438,0.193,0.101,0.084,22,90.055,-12.87,0.384,71,18,0.254
656941,"Peterson, David",SI,464,197,76.476,7.208,11.486,4.144,30.734,0.067,0.177,0.134,147,88.425,18.98,0.494,209,36,0.172
656941,"Peterson, David",SL,599,228,73.308,7.841,17.915,-13.608,30.593,0.17,0.162,0.085,113,88.082,14.204,0.32,339,66,0.195
656941,"Peterson, David",ST,209,79,69.087,7.722,19.061,-14.337,30.346,0.163,0.196,0.067,42,82.336,28.024,0.322,112,27,0.241
656976,"Yamamoto, Yoshinobu",CH,152,70,69.751,7.864,17.942,-6.698,32.65,0.125,0.086,0.099,42,85.024,5.571,0.327,89,27,0.303
656976,"Yamamoto, Yoshinobu",CU,142,40,64.046,7.431,14.418,-1.623,32.08,0.12,0.211,0.021,23,73.709,13.609,0.275,87,15,0.172
656976,"Yamamoto, Yoshinobu",FC,98,44,72.557,7.219,11.831,3.394,33.376,0.122,0.286,0.082,29,85.014,20.69,0.433,30,9,0.3
656976,"Yamamoto, Yoshinobu",FF,352,153,70.688,6.841,9.119,10.605,30.76,0.099,0.219,0.085,114,85.219,31.526,0.371,134,23,0.172
656976,"Yamamoto, Yoshinobu",FS,76,35,67.486,7.463,14.822,1.629,32.482,0.184,0.105,0.079,19,82.421,-1.737,0.177,46,12,0.261
656976,"Yamamoto, Yoshinobu",SI,115,41,70.038,6.877,6.688,12.346,34.603,0.043,0.217,0.07,32,84.312,12.438,0.386,57,8,0.14
656976,"Yamamoto, Yoshinobu",SL,167,66,69.772,7.565,15.911,-3.207,33.818,0.132,0.18,0.042,39,80.01,2.718,0.252,89,24,0.27
656976,"Yamamoto, Yoshinobu",ST,102,43,67.82,7.688,17.22,-9.322,33.866,0.176,0.284,0.049,23,78.93,11.0,0.185,43,13,0.302
657041,"Boyd, Matthew",FF,189,86,71.7,6.565,6.97,2.835,25.788,0.111,0.159,0.037,57,81.516,44.947,0.198,97,23,0.237
657041,"Boyd, Matthew",SI,113,42,71.633,6.512,4.527,4.885,28.927,0.097,0.283,0.053,27,84.296,8.556,0.327,45,6,0.133
657041,"Boyd, Matthew",SL,78,42,70.677,7.192,11.815,-10.504,27.749,0.141,0.154,0.167,28,92.0,17.214,0.279,33,7,0.212
657077,"Márquez, Germán",CH,80,38,64.353,6.738,5.934,-11.006,34.794,0.1,0.038,0.138,28,84.771,-3.357,0.329,54,17,0.315
657077,"Márquez, Germán",FC,79,37,65.897,5.988,2.293,1.385,29.016,0.101,0.165,0.063,27,82.711,21.778,0.282,42,12,0.286
657077,"Márquez, Germán",FF,308,109,65.738,5.747,-1.991,5.611,28.564,0.029,0.308,0.075,95,84.502,25.379,0.273,109,14,0.128
657077,"Márquez, Germán",SI,170,62,64.602,5.734,-4.053,7.363,31.625,0.012,0.288,0.129,52,88.704,6.404,0.383,69,11,0.159
657077,"Márquez, Germán",SL,110,43,63.883,6.517,5.251,-7.184,34.642,0.082,0.255,0.064,33,81.342,13.879,0.231,56,16,0.286
657136,"Fried, Max",FF,250,116,69.521,6.632,5.046,8.939,30.24,0.068,0.172,0.08,94,82.845,28.011,0.282,113,31,0.274
657136,"Fried, Max",SI,131,62,72.203,6.874,6.041,6.0,31.782,0.053,0.176,0.084,50,79.286,13.7,0.287,58,14,0.241
657136,"Fried, Max",SL,117,57,70.691,7.705,15.688,-10.388,30.651,0.171,0.154,0.06,34,75.153,10.5,0.276,66,23,0.348
657136,"Fried, Max",ST,53,32,62.129,7.103,7.895,3.125,29.972,0.17,0.17,0.019,20,70.025,6.95,0.201,28,16,0.571
657557,"Luzardo, Jesús",CH,85,52,72.863,7.486,21.025,-12.262,35.828,0.224,0.035,0.035,27,77.389,7.815,0.201,53,24,0.453
657557,"Luzardo, Jesús",FC,55,34,71.841,6.626,14.254,0.602,32.586,0.145,0.145,0.109,24,82.942,24.625,0.336,20,7,0.35
657557,"Luzardo, Jesús",FF,252,140,70.729,6.252,9.554,10.722,33.113,0.159,0.127,0.099,89,82.372,34.685,0.31,108,31,0.287
657557,"Luzardo, Jesús",SI,104,67,72.13,6.564,11.521,3.8,35.466,0.077,0.144,0.135,54,82.807,16.037,0.34,40,19,0.475
657557,"Luzardo, Jesús",SL,125,70,70.952,7.297,19.987,-13.788,35.077,0.184,0.08,0.096,45,84.278,15.178,0.262,66,22,0.333
657557,"Luzardo, Jesús",ST,111,58,70.033,7.256,19.423,-14.634,36.028,0.198,0.126,0.045,34,77.315,33.676,0.162,57,21,0.368
657656,"Littell, Zack",CH,193,92,71.448,7.624,22.793,-11.32,37.491,0.145,0.124,0.067,57,81.332,7.772,0.309,106,32,0.302
657656,"Littell, Zack",CU,105,55,71.198,7.575,22.061,-13.046,36.488,0.171,0.133,0.124,34,85.182,7.265,0.381,50,17,0.34
657656,"Littell, Zack",FC,147,64,68.051,6.798,13.726,4.577,34.969,0.116,0.211,0.068,44,80.311,17.318,0.298,77,22,0.286
657656,"Littell, Zack",FF,636,312,69.475,6.343,8.74,14.834,33.543,0.124,0.16,0.09,210,85.686,26.533,0.4,277,56,0.202
657656,"Littell, Zack",SI,322,152,71.005,6.626,11.259,7.621,36.108,0.047,0.227,0.115,120,84.359,12.433,0.378,117,33,0.282
657656,"Littell, Zack",SL,330,141,69.527,7.298,18.211,-2.938,36.328,0.139,0.145,0.106,88,86.083,11.352,0.361,185,43,0.232
657656,"Littell, Zack",ST,147,77,70.393,7.413,20.182,-8.494,35.489,0.136,0.129,0.095,51,82.425,21.588,0.339,71,23,0.324
657757,"Gallen, Zac",CH,295,131,74.417,8.252,12.314,-14.905,29.052,0.136,0.105,0.105,83,83.317,10.06,0.347,200,65,0.325
657757,"Gallen, Zac",CU,216,83,71.591,8.213,12.262,-17.524,28.323,0.093,0.227,0.116,55,86.429,10.582,0.321,108,25,0.231
657757,"Gallen, Zac",FC,164,73,75.396,7.682,10.097,-9.798,27.249,0.043,0.201,0.152,61,88.659,25.098,0.33,89,29,0.326
657757,"Gallen, Zac",FF,644,314,72.53,6.9,1.451,8.433,24.188,0.082,0.225,0.099,237,85.238,31.527,0.325,289,103,0.356
657757,"Gallen, Zac",FS,113,47,72.229,8.263,12.405,-17.246,30.346,0.106,0.062,0.062,31,79.845,11.452,0.406,84,25,0.298
657757,"Gallen, Zac",KC,65,31,70.026,8.139,10.566,-16.513,30.693,0.169,0.2,0.077,19,83.132,15.895,0.283,35,14,0.4
657757,"Gallen, Zac",SI,274,98,74.948,7.177,1.751,4.33,27.808,0.029,0.296,0.117,81,85.201,13.802,0.385,119,22,0.185
657757,"Gallen, Zac",SL,351,176,72.202,8.079,11.811,-14.613,28.858,0.131,0.148,0.111,113,83.808,10.363,0.318,190,65,0.342
657757,"Gallen, Zac",ST,156,65,71.362,8.455,15.565,-23.059,30.098,0.154,0.199,0.083,37,82.038,10.297,0.373,82,26,0.317
660162,"Woo, Bryan",CH,162,71,73.64,7.674,16.324,-10.016,37.971,0.148,0.099,0.08,42,83.574,16.048,0.343,101,25,0.248
660162,"Woo, Bryan",CU,77,38,71.845,7.784,21.081,-15.759,39.291,0.247,0.117,0.091,17,84.229,13.059,0.336,42,12,0.286
660162,"Woo, Bryan",FC,127,55,72.856,6.844,4.363,3.363,38.702,0.031,0.228,0.11,47,82.568,15.702,0.367,46,8,0.174
660162,"Woo, Bryan",FF,319,139,68.532,6.627,2.391,7.161,36.317,0.078,0.176,0.069,101,81.348,28.505,0.404,150,31,0.207
660162,"Woo, Bryan",FS,59,30,71.096,7.579,16.662,-9.134,38.844,0.153,0.085,0.068,17,82.341,9.059,0.117,35,11,0.314
660162,"Woo, Bryan",SI,115,43,71.407,6.71,1.739,6.456,40.249,0.035,0.2,0.07,37,85.408,18.811,0.355,49,8,0.163
660162,"Woo, Bryan",SL,157,77,69.617,7.674,16.464,-11.036,40.187,0.236,0.115,0.045,34,79.529,7.882,0.242,89,27,0.303
660162,"Woo, Bryan",ST,68,33,71.709,7.461,13.74,-5.601,39.024,0.206,0.162,0.074,18,79.061,20.0,0.201,32,8,0.25
660271,"Webb, Logan",CH,397,178,73.748,8.371,18.575,-9.215,37.677,0.144,0.093,0.101,107,85.489,8.505,0.359,253,74,0.292
660271,"Webb, Logan",CU,240,114,72.15,8.462,22.969,-13.77,40.023,0.204,0.1,0.067,58,83.629,9.638,0.397,159,55,0.346
660271,"Webb, Logan",FC,239,124,75.964,7.673,12.933,2.344,38.09,0.163,0.159,0.138,77,89.353,19.688,0.554,111,37,0.333
660271,"Webb, Logan",FF,912,402,74.798,7.383,8.593,8.774,33.723,0.11,0.19,0.115,271,89.58,28.672,0.454,409,93,0.227
660271,"Webb, Logan",FS,141,60,73.417,8.283,17.846,-10.914,36.889,0.156,0.092,0.085,35,86.774,8.457,0.329,88,20,0.227
660271,"Webb, Logan",KC,85,45,74.849,8.338,19.114,-7.403,40.018,0.165,0.082,0.129,26,88.138,4.654,0.405,46,12,0.261
660271,"Webb, Logan",SI,439,174,74.336,7.467,7.885,8.87,36.25,0.077,0.203,0.1,131,87.881,9.282,0.423,215,48,0.223
660271,"Webb, Logan",SL,428,201,73.689,8.237,19.277,-10.228,38.681,0.196,0.121,0.084,109,84.519,8.789,0.453,235,62,0.264
660271,"Webb, Logan",ST,218,96,72.434,8.265,19.453,-12.967,38.42,0.183,0.161,0.101,52,87.315,22.769,0.363,113,29,0.257
660644,"Holmes, Clay",FF,112,76,66.472,6.494,3.239,10.573,30.946,0.08,0.134,0.134,62,83.413,21.984,0.298,32,11,0.344
660644,"Holmes, Clay",SI,67,33,60.691,6.089,-1.097,-0.958,34.249,0.075,0.119,0.075,24,79.862,-7.583,0.295,29,9,0.31
660670,"Holmes, Clay",CH,177,83,75.345,8.094,18.613,-2.589,40.03,0.175,0.085,0.068,42,83.569,10.262,0.32,106,28,0.264
660670,"Holmes, Clay",CU,101,39,76.742,7.871,15.892,2.203,39.366,0.099,0.149,0.079,23,87.209,8.696,0.421,60,15,0.25
660670,"Holmes, Clay",FC,128,62,73.325,7.459,10.34,8.708,39.315,0.086,0.156,0.078,46,82.135,13.435,0.414,64,16,0.25
660670,"Holmes, Clay",FF,514,242,73.922,7.133,7.647,12.386,36.947,0.134,0.103,0.082,151,84.438,28.278,0.424,212,23,0.108
660670,"Holmes, Clay",SI,332,153,73.989,7.226,6.177,12.683,39.784,0.078,0.139,0.096,118,82.889,10.746,0.444,150,25,0.167
660670,"Holmes, Clay",SL,271,130,73.791,7.759,12.205,6.002,40.548,0.129,0.155,0.07,87,82.892,8.747,0.349,145,50,0.345
660670,"Holmes, Clay",ST,123,52,75.022,7.835,15.408,0.562,39.421,0.138,0.146,0.089,31,84.358,13.903,0.435,68,18,0.265
660688,"Wheeler, Zack",CH,98,56,64.058,7.162,8.46,-7.304,34.067,0.061,0.041,0.153,47,81.311,11.583,0.297,65,28,0.431
660688,"Wheeler, Zack",CU,127,60,62.614,7.303,14.318,-15.802,35.881,0.102,0.205,0.039,43,82.714,-1.093,0.246,62,24,0.387
660688,"Wheeler, Zack",FC,89,43,67.179,6.752,9.571,-6.003,33.837,0.045,0.157,0.09,39,84.085,14.897,0.309,39,7,0.179
660688,"Wheeler, Zack",FF,245,138,64.801,6.529,5.188,-0.177,31.994,0.024,0.159,0.094,127,82.221,25.299,0.31,97,30,0.309
660688,"Wheeler, Zack",FS,54,33,66.245,7.461,13.122,-14.119,33.657,0.093,0.0,0.185,28,83.764,5.321,0.319,29,10,0.345
660688,"Wheeler, Zack",SI,78,40,66.049,6.651,4.716,0.467,32.911,0.0,0.256,0.179,39,86.9,16.333,0.363,28,9,0.321
660688,"Wheeler, Zack",SL,107,64,63.658,7.359,13.399,-19.371,37.69,0.15,0.131,0.075,44,80.75,8.818,0.166,56,30,0.536
660757,"Heaney, Andrew",FF,68,45,68.749,6.033,-2.187,24.216,26.487,0.191,0.162,0.103,30,82.08,28.667,0.304,30,18,0.6
660757,"Heaney, Andrew",SL,41,31,73.177,7.681,10.199,-8.02,30.653,0.244,0.024,0.122,21,78.957,13.429,0.323,24,15,0.625
660821,"Kremer, Dean",CH,256,123,77.486,7.478,11.876,-11.593,28.655,0.145,0.102,0.098,78,85.438,0.654,0.26,157,49,0.312
660821,"Kremer, Dean",CU,143,68,74.447,7.25,8.583,-9.129,30.868,0.112,0.161,0.098,47,87.277,8.255,0.355,85,32,0.376
660821,"Kremer, Dean",FC,153,83,74.208,6.62,5.573,2.448,27.945,0.085,0.157,0.124,60,84.672,11.6,0.362,74,29,0.392
660821,"Kremer, Dean",FF,717,340,72.216,6.173,1.231,12.011,25.45,0.096,0.146,0.079,246,84.139,31.13,0.373,319,62,0.194
660821,"Kremer, Dean",FS,100,56,76.131,7.476,11.314,-10.909,27.465,0.22,0.05,0.07,33,81.921,6.424,0.181,60,22,0.367
660821,"Kremer, Dean",SI,187,73,71.816,6.243,-0.758,14.589,28.51,0.043,0.203,0.107,59,84.754,4.508,0.375,91,17,0.187
660821,"Kremer, Dean",SL,226,121,73.137,7.107,9.172,-7.038,29.278,0.181,0.097,0.088,77,82.925,15.623,0.288,130,49,0.377
660821,"Kremer, Dean",ST,84,48,70.502,7.126,8.789,-9.063,30.506,0.202,0.155,0.095,24,84.112,7.875,0.27,51,29,0.569
660844,"deGrom, Jacob",FF,239,75,65.04,6.77,11.938,0.55,36.548,0.033,0.234,0.038,60,83.31,31.77,0.331,110,7,0.064
660844,"deGrom, Jacob",SI,78,36,65.314,6.849,10.379,6.335,38.194,0.064,0.244,0.026,30,77.83,10.2,0.22,23,3,0.13
661388,"Glasnow, Tyler",CH,199,102,72.922,7.611,16.105,-7.732,30.292,0.126,0.08,0.085,61,83.867,-2.048,0.32,121,39,0.322
661388,"Glasnow, Tyler",CU,106,41,70.305,7.423,14.693,-7.811,28.36,0.113,0.17,0.085,25,83.844,9.52,0.278,56,10,0.179
661388,"Glasnow, Tyler",FC,182,92,72.565,7.049,10.378,7.939,28.396,0.121,0.181,0.132,66,86.482,16.303,0.292,77,22,0.286
661388,"Glasnow, Tyler",FF,852,390,71.735,6.629,6.986,12.727,27.752,0.082,0.167,0.092,293,86.712,26.058,0.37,370,69,0.186
661388,"Glasnow, Tyler",FS,108,53,73.441,7.537,13.613,-6.76,30.113,0.231,0.056,0.083,25,82.768,-4.08,0.297,70,21,0.3
661388,"Glasnow, Tyler",SI,431,198,71.952,6.767,6.178,11.094,30.548,0.049,0.183,0.135,155,88.275,5.401,0.369,184,34,0.185
661388,"Glasnow, Tyler",SL,486,248,69.727,7.425,14.043,-2.445,28.897,0.16,0.121,0.08,149,80.621,3.081,0.283,271,94,0.347
661388,"Glasnow, Tyler",ST,265,108,69.075,7.437,13.543,-6.257,29.144,0.102,0.147,0.079,75,81.751,8.92,0.294,165,49,0.297
662139,"Snell, Blake",CH,107,61,74.451,8.491,18.69,-15.585,30.63,0.159,0.131,0.131,40,86.695,13.951,0.493,57,23,0.404
662139,"Snell, Blake",CU,107,45,70.498,8.245,16.53,-17.247,32.417,0.075,0.178,0.084,33,78.512,7.303,0.203,58,15,0.259
662139,"Snell, Blake",FC,101,58,74.242,7.753,12.735,-4.374,29.825,0.178,0.089,0.139,38,84.774,18.395,0.489,46,14,0.304
662139,"Snell, Blake",FF,470,271,74.144,7.338,8.039,5.202,27.467,0.164,0.079,0.106,171,84.49,36.608,0.341,219,66,0.301
662139,"Snell, Blake",FS,57,35,74.045,8.361,17.854,-7.836,30.542,0.193,0.088,0.088,21,83.081,9.095,0.218,33,16,0.485
662139,"Snell, Blake",SI,147,74,75.62,7.503,8.448,3.398,29.903,0.082,0.143,0.116,59,85.79,22.186,0.276,55,6,0.109
662139,"Snell, Blake",SL,185,98,72.26,8.173,14.064,-12.755,31.474,0.173,0.135,0.059,60,79.445,19.197,0.213,98,36,0.367
662139,"Snell, Blake",ST,89,50,71.251,8.3,18.14,-15.325,30.93,0.191,0.112,0.056,28,77.814,25.071,0.194,43,13,0.302
663330,"Falter, Bailey",CH,106,51,72.087,7.981,17.269,-9.516,30.431,0.151,0.113,0.113,30,84.93,3.8,0.347,68,27,0.397
663330,"Falter, Bailey",FF,207,95,71.637,7.097,8.349,4.661,27.487,0.077,0.145,0.116,68,87.116,33.897,0.46,87,11,0.126
663330,"Falter, Bailey",SI,70,34,71.647,7.109,6.073,6.172,30.075,0.029,0.143,0.171,32,85.391,14.969,0.437,29,3,0.103
663330,"Falter, Bailey",SL,87,38,74.011,8.013,16.365,-16.671,31.816,0.161,0.115,0.057,17,80.929,14.412,0.216,50,11,0.22
663368,"Rea, Colin",CH,89,36,66.095,7.286,9.109,-1.895,31.191,0.09,0.124,0.011,27,75.504,3.185,0.308,55,14,0.255
663368,"Rea, Colin",FC,62,30,65.314,6.668,5.041,4.175,32.203,0.097,0.226,0.065,19,76.026,14.632,0.257,25,6,0.24
663368,"Rea, Colin",FF,319,128,68.817,6.77,6.723,10.076,28.799,0.082,0.241,0.078,93,85.322,21.785,0.315,128,13,0.102
663368,"Rea, Colin",SL,88,35,67.071,7.446,12.471,-6.124,31.567,0.159,0.182,0.057,17,84.847,12.611,0.315,49,12,0.245
663457,"Singer, Brady",CH,278,117,71.777,7.364,12.813,-10.031,29.214,0.119,0.097,0.076,81,79.159,15.753,0.305,170,41,0.241
663457,"Singer, Brady",CU,164,34,70.774,7.218,10.349,-9.334,27.025,0.049,0.268,0.067,23,86.413,4.217,0.319,92,10,0.109
663457,"Singer, Brady",FC,125,59,72.769,6.753,10.411,-2.264,27.093,0.064,0.184,0.104,46,85.074,28.587,0.379,59,13,0.22
663457,"Singer, Brady",FF,748,319,71.283,6.313,4.112,7.405,26.504,0.04,0.222,0.11,268,87.007,31.914,0.371,313,67,0.214
663457,"Singer, Brady",FS,77,34,70.612,7.464,14.387,-12.434,29.481,0.208,0.117,0.013,15,73.233,15.0,0.099,52,20,0.385
663457,"Singer, Brady",SI,416,161,71.893,6.457,4.834,4.932,28.756,0.029,0.25,0.094,138,82.059,10.338,0.309,169,27,0.16
663457,"Singer, Brady",SL,344,141,69.999,7.241,12.778,-9.88,28.442,0.154,0.189,0.087,81,85.306,18.136,0.26,190,53,0.279
663457,"Singer, Brady",ST,152,44,70.239,7.398,14.842,-16.754,28.013,0.112,0.27,0.039,24,84.467,23.542,0.199,78,15,0.192
663538,"Peralta, Freddy",CH,168,101,67.255,7.584,9.109,-7.29,35.121,0.071,0.107,0.06,84,79.742,12.702,0.273,95,46,0.484
663538,"Peralta, Freddy",CU,176,68,65.502,7.765,11.088,-13.594,33.293,0.102,0.233,0.04,47,80.272,5.521,0.279,90,24,0.267
663538,"Peralta, Freddy",FC,167,84,68.237,7.232,7.049,-1.303,31.831,0.048,0.216,0.09,72,83.208,22.569,0.35,73,26,0.356
663538,"Peralta, Freddy",FF,707,359,67.311,6.672,1.171,7.646,31.374,0.018,0.184,0.102,330,83.146,27.045,0.353,296,79,0.267
663538,"Peralta, Freddy",SI,511,229,67.291,6.749,0.757,2.85,35.605,0.012,0.256,0.121,215,85.581,9.367,0.347,201,51,0.254
663538,"Peralta, Freddy",SL,395,195,64.789,7.612,9.534,-7.345,33.267,0.106,0.17,0.046,147,77.648,17.993,0.289,212,83,0.392
663538,"Peralta, Freddy",ST,223,100,65.025,7.525,10.295,-8.795,32.414,0.081,0.157,0.058,77,80.449,18.299,0.269,134,44,0.328
663584,"Gillispie, Connor",FF,75,39,68.083,6.783,6.397,9.422,26.419,0.173,0.2,0.067,22,81.659,22.455,0.212,36,13,0.361
663584,"Gillispie, Connor",SI,63,34,73.145,7.33,2.844,5.874,31.551,0.111,0.238,0.095,22,89.573,6.682,0.245,23,8,0.348
663586,"Wheeler, Zack",CH,131,66,74.567,8.111,16.179,-13.751,34.376,0.168,0.076,0.084,42,83.667,10.048,0.346,81,26,0.321
663586,"Wheeler, Zack",CU,97,44,74.78,8.043,18.527,-16.095,33.091,0.124,0.165,0.062,28,79.714,8.893,0.273,51,14,0.275
663586,"Wheeler, Zack",FC,104,59,76.059,7.684,13.238,-6.001,31.161,0.144,0.115,0.135,42,86.386,28.024,0.353,51,18,0.353
663586,"Wheeler, Zack",FF,642,328,73.325,6.936,4.457,7.022,31.239,0.118,0.123,0.086,228,85.114,33.206,0.334,276,52,0.188
663586,"Wheeler, Zack",SI,285,130,75.063,7.167,4.588,2.773,33.916,0.091,0.221,0.116,95,86.456,5.802,0.396,118,31,0.263
663586,"Wheeler, Zack",SL,280,143,73.909,7.858,13.412,-9.518,32.244,0.2,0.146,0.086,83,82.996,13.157,0.243,145,45,0.31
663586,"Wheeler, Zack",ST,170,100,73.917,7.884,15.122,-11.02,31.818,0.176,0.094,0.112,67,82.864,19.313,0.357,95,40,0.421
663604,"Imanaga, Shota",CH,57,36,67.455,7.3,11.446,-6.933,28.33,0.246,0.035,0.018,15,68.667,-5.6,0.171,36,19,0.528
663604,"Imanaga, Shota",FF,232,104,63.593,5.605,-2.249,17.672,29.529,0.065,0.177,0.047,80,79.536,25.75,0.29,96,18,0.188
663604,"Imanaga, Shota",SI,88,42,67.352,5.902,-6.657,15.982,32.758,0.034,0.273,0.08,36,78.881,-5.278,0.2,29,7,0.241
663604,"Imanaga, Shota",SL,96,56,69.825,7.081,10.609,-4.482,29.795,0.188,0.125,0.094,32,83.012,10.906,0.303,44,18,0.409
663616,"Martin, Davis",CH,272,115,70.332,7.703,13.756,-17.603,34.079,0.176,0.107,0.04,59,80.79,13.22,0.283,187,57,0.305
663616,"Martin, Davis",CU,178,68,69.158,7.662,17.458,-19.102,35.775,0.174,0.185,0.079,33,87.139,4.091,0.298,103,29,0.282
663616,"Martin, Davis",FC,142,58,72.178,6.967,4.583,-5.372,33.307,0.077,0.169,0.12,44,86.536,13.511,0.421,69,9,0.13
663616,"Martin, Davis",FF,689,324,70.179,6.631,0.113,1.165,32.588,0.065,0.179,0.12,260,86.195,23.169,0.362,275,49,0.178
663616,"Martin, Davis",FS,111,60,72.247,7.786,14.919,-19.054,35.455,0.198,0.09,0.072,30,85.667,9.967,0.257,64,24,0.375
663616,"Martin, Davis",SI,313,123,70.257,6.721,-1.426,1.78,34.766,0.051,0.256,0.112,102,85.232,-0.127,0.31,129,22,0.171
663616,"Martin, Davis",SL,303,145,69.079,7.607,13.4,-18.481,35.889,0.195,0.185,0.073,75,84.768,6.72,0.254,166,67,0.404
663616,"Martin, Davis",ST,133,58,69.996,7.593,14.78,-20.294,35.162,0.15,0.188,0.083,35,83.683,9.057,0.279,85,31,0.365
663624,"Gore, MacKenzie",CH,120,76,75.297,8.378,19.62,-16.916,36.284,0.3,0.067,0.042,37,79.819,6.622,0.21,71,33,0.465
663624,"Gore, MacKenzie",CU,57,34,73.433,8.197,18.197,-17.565,38.374,0.211,0.053,0.07,20,81.955,13.3,0.239,37,17,0.459
663624,"Gore, MacKenzie",FC,91,51,74.464,7.438,6.682,2.042,35.352,0.154,0.132,0.066,35,82.911,16.857,0.333,46,17,0.37
663624,"Gore, MacKenzie",FF,436,245,72.384,6.767,-1.983,13.077,35.578,0.126,0.128,0.101,167,84.083,24.138,0.34,200,69,0.345
663624,"Gore, MacKenzie",SI,217,115,73.485,6.941,-1.161,10.486,38.703,0.078,0.235,0.115,92,82.866,8.772,0.358,98,39,0.398
663624,"Gore, MacKenzie",SL,196,117,75.004,7.888,11.193,-7.673,36.374,0.194,0.102,0.133,73,87.049,17.932,0.339,96,37,0.385
663624,"Gore, MacKenzie",ST,166,90,72.998,7.894,11.873,-9.2,34.252,0.241,0.096,0.06,47,78.445,19.085,0.264,99,39,0.394
663647,"Gallen, Zac",CH,132,59,72.402,7.204,9.308,-8.0,27.845,0.098,0.061,0.038,43,76.902,7.581,0.197,82,19,0.232
663647,"Gallen, Zac",CU,117,42,70.476,7.238,9.598,-11.411,27.545,0.128,0.248,0.051,26,77.812,-6.923,0.239,63,17,0.27
663647,"Gallen, Zac",FC,156,67,71.449,6.852,4.205,1.65,27.586,0.064,0.192,0.045,50,78.576,25.26,0.338,73,15,0.205
663647,"Gallen, Zac",FF,666,315,69.008,6.278,0.59,11.877,24.196,0.063,0.179,0.083,249,84.927,33.232,0.277,318,82,0.258
663647,"Gallen, Zac",SI,454,191,68.842,6.373,-0.544,8.809,27.599,0.018,0.293,0.143,172,88.337,2.82,0.3,175,46,0.263
663647,"Gallen, Zac",SL,331,144,69.498,6.991,5.906,-4.794,27.307,0.13,0.154,0.103,93,85.575,16.312,0.309,185,48,0.259
663647,"Gallen, Zac",ST,229,99,67.57,7.077,8.15,-9.305,26.054,0.148,0.223,0.061,64,77.541,16.109,0.243,122,42,0.344
663656,"Peralta, Freddy",CH,291,115,67.481,7.981,16.611,-14.779,34.798,0.131,0.048,0.045,70,77.401,6.529,0.314,196,39,0.199
663656,"Peralta, Freddy",CU,199,86,70.421,7.716,14.142,-12.038,33.117,0.08,0.161,0.08,65,81.383,4.354,0.298,105,24,0.229
663656,"Peralta, Freddy",FC,227,102,68.65,7.222,7.343,-6.169,34.365,0.079,0.154,0.079,79,84.6,6.722,0.375,93,15,0.161
663656,"Peralta, Freddy",FF,730,323,70.104,7.025,4.967,2.516,32.816,0.049,0.168,0.105,261,86.154,25.375,0.43,309,43,0.139
663656,"Peralta, Freddy",FS,69,32,70.056,8.038,16.601,-16.42,35.151,0.13,0.029,0.043,19,74.337,1.421,0.273,39,4,0.103
663656,"Peralta, Freddy",SI,333,160,71.142,7.139,6.593,-0.08,34.229,0.033,0.135,0.123,131,85.416,11.153,0.41,145,28,0.193
663656,"Peralta, Freddy",SL,330,163,69.349,7.699,13.312,-10.823,34.181,0.118,0.094,0.064,110,82.062,19.773,0.275,152,22,0.145
663656,"Peralta, Freddy",ST,155,70,68.681,7.804,14.877,-14.507,33.736,0.077,0.135,0.077,55,80.458,22.836,0.377,75,13,0.173
663697,"Williams, Gavin",CH,152,66,70.627,8.02,16.44,-20.793,30.259,0.118,0.145,0.039,43,78.342,2.651,0.198,93,29,0.312
663697,"Williams, Gavin",CU,94,30,65.55,7.411,11.268,-10.405,27.987,0.064,0.17,0.053,24,80.071,0.75,0.266,55,7,0.127
663697,"Williams, Gavin",FC,212,86,68.783,7.14,7.918,-1.773,27.683,0.075,0.208,0.08,65,82.958,22.354,0.321,101,19,0.188
663697,"Williams, Gavin",FF,770,327,70.576,6.966,6.119,2.505,27.021,0.052,0.231,0.087,267,84.029,31.258,0.331,306,49,0.16
663697,"Williams, Gavin",SI,498,190,71.241,6.925,4.189,3.189,30.26,0.042,0.261,0.08,155,83.384,13.274,0.323,198,24,0.121
663697,"Williams, Gavin",SL,341,138,66.065,7.548,10.767,-12.807,28.299,0.103,0.232,0.047,90,78.729,18.544,0.326,155,41,0.265
663697,"Williams, Gavin",ST,171,64,67.903,7.686,15.763,-20.108,28.811,0.099,0.17,0.064,40,79.688,17.125,0.267,92,17,0.185
663698,"Peterson, David",CH,83,36,74.203,7.891,17.891,-9.903,35.429,0.133,0.072,0.072,22,81.859,6.909,0.341,51,12,0.235
663698,"Peterson, David",FC,109,40,72.954,7.241,7.677,1.299,33.926,0.092,0.165,0.064,24,83.192,25.333,0.4,58,10,0.172
663698,"Peterson, David",FF,382,161,73.739,6.724,1.71,9.966,32.142,0.081,0.175,0.081,120,83.556,28.217,0.386,177,25,0.141
663698,"Peterson, David",SI,268,94,72.702,6.777,1.11,10.613,34.972,0.056,0.239,0.09,71,84.454,5.282,0.354,130,21,0.162
663698,"Peterson, David",SL,234,116,70.55,7.685,13.014,-8.018,34.481,0.179,0.124,0.068,68,79.918,2.206,0.218,135,50,0.37
663698,"Peterson, David",ST,131,54,67.598,7.568,11.931,-7.669,33.521,0.115,0.191,0.046,37,77.162,17.973,0.218,77,24,0.312
663728,"Gausman, Kevin",CH,487,250,72.319,8.38,21.149,-13.941,35.411,0.16,0.053,0.088,157,82.154,12.815,0.328,345,135,0.391
663728,"Gausman, Kevin",CU,250,108,68.677,8.429,24.655,-20.868,36.928,0.2,0.14,0.076,50,83.832,14.9,0.288,155,51,0.329
663728,"Gausman, Kevin",FC,222,124,75.464,7.731,17.065,-6.203,34.404,0.153,0.09,0.131,81,85.173,31.136,0.33,104,26,0.25
663728,"Gausman, Kevin",FF,1044,565,73.797,7.211,11.401,3.468,31.329,0.117,0.127,0.112,381,86.823,36.268,0.381,471,133,0.282
663728,"Gausman, Kevin",FS,171,85,71.659,8.439,22.737,-15.783,36.612,0.14,0.058,0.082,55,84.425,18.545,0.394,115,38,0.33
663728,"Gausman, Kevin",SI,222,111,74.97,7.414,12.237,3.788,34.645,0.068,0.158,0.149,83,89.302,29.627,0.554,94,22,0.234
663728,"Gausman, Kevin",SL,363,204,72.84,8.348,22.935,-17.73,37.016,0.229,0.08,0.116,106,86.513,20.321,0.328,196,67,0.342
663728,"Gausman, Kevin",ST,188,85,73.064,8.43,23.42,-21.103,35.912,0.17,0.117,0.069,46,84.363,23.022,0.346,108,34,0.315
663743,"Messick, Parker",CH,87,45,69.264,7.769,6.053,-18.642,22.721,0.092,0.069,0.057,32,78.428,9.188,0.218,52,17,0.327
663743,"Messick, Parker",FC,68,36,71.933,7.367,5.104,-8.935,19.09,0.059,0.132,0.176,31,83.897,9.129,0.377,29,5,0.172
663743,"Messick, Parker",FF,288,150,69.677,6.72,-0.457,6.109,16.964,0.045,0.184,0.094,122,82.184,33.073,0.263,136,51,0.375
663743,"Messick, Parker",SI,153,67,70.4,6.758,-1.045,3.333,19.907,0.046,0.32,0.098,55,82.06,18.339,0.265,61,22,0.361
663743,"Messick, Parker",SL,140,69,67.985,7.594,5.766,-16.947,21.256,0.15,0.129,0.114,43,85.107,9.977,0.255,72,20,0.278
663757,"Bassitt, Chris",CH,263,114,69.685,8.055,20.519,-5.271,32.143,0.114,0.11,0.08,72,81.86,4.25,0.309,158,44,0.278
663757,"Bassitt, Chris",CU,169,49,68.043,7.715,14.759,-3.001,30.805,0.065,0.237,0.071,34,81.888,-3.176,0.345,95,16,0.168
663757,"Bassitt, Chris",FC,158,67,66.686,7.343,14.057,1.876,30.314,0.101,0.222,0.095,43,85.949,25.977,0.506,61,12,0.197
663757,"Bassitt, Chris",FF,850,341,69.865,7.232,14.762,7.851,29.841,0.066,0.196,0.099,259,87.737,34.077,0.396,330,25,0.076
663757,"Bassitt, Chris",FS,118,53,68.835,8.155,21.06,-9.077,32.676,0.136,0.119,0.076,31,83.332,4.903,0.315,76,25,0.329
663757,"Bassitt, Chris",SI,416,168,69.107,7.134,10.737,10.053,31.062,0.048,0.221,0.089,129,85.244,22.217,0.411,170,27,0.159
663757,"Bassitt, Chris",SL,356,121,66.315,7.77,15.711,-6.13,31.663,0.104,0.222,0.039,75,79.564,10.667,0.216,199,41,0.206
663757,"Bassitt, Chris",ST,146,47,66.847,7.642,15.779,-3.004,30.097,0.048,0.253,0.041,37,79.384,17.405,0.303,68,9,0.132
663837,"Allen, Logan",FF,162,85,70.114,6.982,2.958,10.385,29.907,0.049,0.142,0.117,68,86.037,34.162,0.467,60,11,0.183
663853,"Fried, Max",CH,168,89,74.94,7.316,11.621,-7.282,30.095,0.185,0.077,0.125,51,84.859,2.118,0.29,104,37,0.356
663853,"Fried, Max",CU,79,35,72.068,7.374,12.481,-14.257,30.434,0.203,0.228,0.089,18,88.178,4.556,0.359,41,15,0.366
663853,"Fried, Max",FC,104,63,72.581,6.492,4.012,9.406,25.929,0.192,0.067,0.135,40,84.968,13.575,0.391,56,21,0.375
663853,"Fried, Max",FF,361,205,72.852,6.227,1.033,14.604,25.698,0.116,0.133,0.111,146,85.35,28.021,0.383,149,42,0.282
663853,"Fried, Max",SI,204,104,70.861,6.251,-0.923,15.895,28.388,0.078,0.235,0.132,80,86.359,4.175,0.325,84,30,0.357
663853,"Fried, Max",SL,203,106,72.03,6.921,7.587,-1.042,29.592,0.177,0.123,0.143,67,88.29,5.597,0.342,114,39,0.342
663853,"Fried, Max",ST,98,48,70.016,6.944,7.568,-0.301,25.927,0.143,0.102,0.112,30,85.057,17.533,0.323,61,22,0.361
663886,"Priester, Quinn",CH,96,45,69.347,7.916,21.402,-9.845,39.163,0.198,0.104,0.031,20,78.745,8.85,0.117,57,15,0.263
663886,"Priester, Quinn",FC,93,40,68.941,7.351,12.527,0.431,36.764,0.097,0.226,0.043,26,81.619,23.731,0.235,46,14,0.304
663886,"Priester, Quinn",FF,430,200,69.061,6.969,8.729,9.427,35.742,0.109,0.205,0.091,139,87.004,35.655,0.351,196,56,0.286
663886,"Priester, Quinn",SI,282,126,70.016,7.029,6.727,7.23,38.435,0.05,0.23,0.117,99,84.505,9.596,0.392,125,35,0.28
663886,"Priester, Quinn",SL,253,107,64.28,7.691,16.994,-3.556,37.859,0.17,0.182,0.055,52,81.86,10.115,0.263,127,31,0.244
663886,"Priester, Quinn",ST,145,54,66.011,7.577,18.074,-6.612,37.963,0.11,0.145,0.062,34,79.915,19.0,0.239,88,15,0.17
663898,"Martin, Davis",FF,107,48,73.415,6.757,3.667,5.102,29.634,0.14,0.196,0.065,29,83.517,41.0,0.397,45,12,0.267
663898,"Martin, Davis",SI,123,50,73.113,6.866,3.137,3.385,31.686,0.041,0.285,0.106,42,85.876,3.167,0.311,44,6,0.136
663898,"Martin, Davis",SL,77,45,72.853,7.664,15.141,-17.043,32.249,0.312,0.13,0.091,19,85.789,8.579,0.26,39,17,0.436
663898,"Martin, Davis",ST,65,30,70.723,7.787,15.741,-19.049,32.586,0.231,0.169,0.015,13,73.815,21.923,0.081,31,9,0.29
663968,"Kremer, Dean",CH,188,118,66.628,6.935,6.798,1.995,30.239,0.106,0.069,0.074,90,77.754,2.067,0.238,96,41,0.427
663968,"Kremer, Dean",CU,101,70,65.463,6.874,7.33,2.269,29.508,0.079,0.069,0.139,57,78.651,8.825,0.263,50,25,0.5
663968,"Kremer, Dean",FC,91,52,67.57,6.504,3.301,10.647,30.903,0.143,0.077,0.088,33,81.724,10.118,0.416,57,24,0.421
663968,"Kremer, Dean",FF,503,297,63.6,5.795,-3.832,23.127,25.901,0.107,0.145,0.074,219,83.46,22.614,0.311,233,103,0.442
663968,"Kremer, Dean",FS,60,41,64.982,7.088,10.676,1.688,30.457,0.15,0.033,0.05,31,76.703,0.742,0.215,35,18,0.514
663968,"Kremer, Dean",SI,224,133,66.592,6.256,-3.123,21.383,29.827,0.071,0.147,0.103,110,83.667,5.054,0.255,75,21,0.28
663968,"Kremer, Dean",SL,160,107,67.139,6.82,3.948,5.509,31.757,0.138,0.088,0.1,74,83.307,18.068,0.253,79,38,0.481
663968,"Kremer, Dean",ST,65,36,67.465,7.215,9.356,-3.771,31.828,0.046,0.092,0.077,33,74.83,11.212,0.249,35,12,0.343
663993,"Sugano, Tomoyuki",CH,205,92,69.925,7.755,11.635,-2.036,31.211,0.127,0.117,0.093,58,84.009,10.638,0.317,127,39,0.307
663993,"Sugano, Tomoyuki",CU,169,73,67.849,8.005,16.565,-13.496,30.814,0.112,0.166,0.089,47,83.389,8.085,0.239,95,27,0.284
663993,"Sugano, Tomoyuki",FC,227,100,72.631,7.182,8.598,6.259,29.31,0.057,0.172,0.07,75,80.559,30.52,0.34,118,28,0.237
663993,"Sugano, Tomoyuki",FF,1038,489,71.337,6.763,2.1,18.345,29.104,0.096,0.181,0.063,340,82.563,29.406,0.346,438,85,0.194
663993,"Sugano, Tomoyuki",FS,107,44,70.748,7.933,11.968,-5.744,32.509,0.14,0.084,0.065,27,85.081,-5.556,0.288,74,23,0.311
663993,"Sugano, Tomoyuki",SI,394,168,71.921,6.787,1.164,18.296,30.554,0.061,0.264,0.094,130,84.726,7.023,0.255,152,34,0.224
663993,"Sugano, Tomoyuki",SL,287,128,71.085,7.731,12.11,-4.673,31.12,0.115,0.167,0.094,82,83.965,16.488,0.242,148,37,0.25
663993,"Sugano, Tomoyuki",ST,139,60,70.21,7.903,13.096,-8.499,31.104,0.108,0.187,0.043,41,77.917,27.561,0.211,71,20,0.282
664023,"Peralta, Freddy",CH,450,203,71.191,7.326,14.1,-10.997,32.354,0.129,0.118,0.069,136,79.615,9.577,0.263,260,66,0.254
664023,"Peralta, Freddy",CU,208,88,70.516,7.252,13.642,-12.901,33.482,0.125,0.202,0.091,55,84.378,17.455,0.418,96,23,0.24
664023,"Peralta, Freddy",FC,199,92,70.887,6.803,9.771,-6.823,33.661,0.101,0.161,0.106,61,84.6,15.197,0.369,93,22,0.237
664023,"Peralta, Freddy",FF,1099,435,69.485,6.368,4.734,4.811,30.995,0.066,0.215,0.076,329,83.892,30.924,0.366,456,55,0.121
664023,"Peralta, Freddy",FS,87,42,68.015,7.265,14.432,-10.089,32.447,0.161,0.08,0.092,27,82.47,11.333,0.332,57,21,0.368
664023,"Peralta, Freddy",SI,275,110,70.583,6.481,4.416,4.235,34.012,0.036,0.2,0.102,93,86.672,18.258,0.489,114,11,0.096
664023,"Peralta, Freddy",SL,295,160,69.52,7.047,12.786,-8.994,34.33,0.163,0.149,0.071,96,81.862,17.896,0.25,144,51,0.354
664023,"Peralta, Freddy",ST,143,60,70.741,7.064,13.047,-7.92,35.01,0.105,0.203,0.091,41,85.941,11.732,0.393,68,14,0.206
664034,"Cameron, Noah",CH,158,88,70.768,7.947,17.525,-4.711,35.491,0.108,0.063,0.101,62,82.348,2.79,0.211,85,28,0.329
664034,"Cameron, Noah",CU,109,54,66.943,7.783,17.328,-3.624,35.163,0.138,0.083,0.11,37,83.973,19.649,0.332,67,24,0.358
664034,"Cameron, Noah",FC,153,81,69.664,7.486,9.688,6.832,35.353,0.065,0.124,0.085,66,81.741,17.687,0.268,79,23,0.291
664034,"Cameron, Noah",FF,550,277,68.297,6.78,3.252,17.479,33.098,0.08,0.156,0.069,213,82.568,28.498,0.352,257,66,0.257
664034,"Cameron, Noah",SI,399,199,69.885,7.002,3.426,13.877,36.376,0.06,0.16,0.125,160,83.784,9.919,0.358,180,46,0.256
664034,"Cameron, Noah",SL,257,148,69.36,7.792,15.152,0.206,35.197,0.167,0.078,0.128,99,83.799,10.29,0.351,149,61,0.409
664034,"Cameron, Noah",ST,163,83,68.291,7.778,17.105,-3.466,34.052,0.184,0.098,0.086,50,82.384,20.3,0.249,99,38,0.384
664040,"Kremer, Dean",CH,281,175,72.073,7.674,19.666,-8.728,34.59,0.196,0.043,0.107,111,83.998,8.45,0.328,152,62,0.408
664040,"Kremer, Dean",CU,156,81,69.275,7.52,18.035,-9.289,34.01,0.167,0.122,0.071,50,82.968,11.02,0.295,82,26,0.317
664040,"Kremer, Dean",FC,143,93,74.418,6.983,13.485,0.067,33.434,0.154,0.084,0.133,64,86.853,23.328,0.429,60,23,0.383
664040,"Kremer, Dean",FF,641,324,71.654,6.424,6.456,9.34,32.185,0.137,0.134,0.09,210,86.259,31.3,0.362,312,78,0.25
664040,"Kremer, Dean",FS,136,76,71.592,7.638,18.989,-9.088,33.321,0.221,0.029,0.051,42,78.65,6.881,0.279,78,23,0.295
664040,"Kremer, Dean",SI,265,137,72.337,6.644,7.702,9.182,34.857,0.091,0.158,0.143,102,89.839,14.194,0.451,104,25,0.24
664040,"Kremer, Dean",SL,314,184,70.884,7.529,18.573,-8.897,34.261,0.232,0.096,0.083,94,82.959,15.663,0.228,156,60,0.385
664040,"Kremer, Dean",ST,134,80,71.384,7.67,19.888,-13.098,32.833,0.276,0.119,0.082,40,81.908,16.55,0.246,64,26,0.406
664056,"Parker, Mitchell",CH,227,117,73.932,7.647,17.347,-14.649,26.774,0.185,0.097,0.04,64,78.264,3.492,0.185,137,49,0.358
664056,"Parker, Mitchell",CU,107,52,70.039,7.745,19.188,-17.224,27.179,0.178,0.168,0.065,31,77.755,5.125,0.269,60,18,0.3
664056,"Parker, Mitchell",FC,102,56,74.444,7.144,12.346,-5.579,24.419,0.137,0.118,0.108,40,84.635,15.625,0.313,53,20,0.377
664056,"Parker, Mitchell",FF,631,297,70.366,6.357,4.348,11.445,22.757,0.094,0.195,0.087,212,84.554,31.292,0.295,330,118,0.358
664056,"Parker, Mitchell",SI,297,134,72.737,6.6,5.841,4.531,25.885,0.017,0.229,0.135,118,83.869,9.449,0.402,119,26,0.218
664056,"Parker, Mitchell",SL,330,161,71.749,7.619,16.123,-13.625,26.468,0.173,0.118,0.064,94,78.137,13.223,0.295,189,58,0.307
664056,"Parker, Mitchell",ST,170,83,69.93,7.616,16.469,-15.321,26.715,0.218,0.159,0.053,43,76.805,23.93,0.268,98,38,0.388
664059,"Rodón, Carlos",CH,83,41,68.583,7.398,9.717,-12.517,31.701,0.181,0.096,0.084,24,79.525,-11.68,0.222,47,15,0.319
664059,"Rodón, Carlos",FF,225,113,69.621,6.347,-4.099,11.982,32.207,0.107,0.156,0.08,76,81.525,22.711,0.311,103,24,0.233
664059,"Rodón, Carlos",SI,88,51,69.92,6.516,-3.613,11.089,33.448,0.057,0.102,0.148,42,87.15,13.381,0.383,27,4,0.148
664059,"Rodón, Carlos",SL,88,40,66.828,7.002,3.211,-9.682,34.391,0.159,0.182,0.08,23,77.326,0.957,0.219,40,10,0.25
664238,"Valdez, Framber",CH,74,36,68.283,7.629,14.142,-11.124,35.108,0.108,0.108,0.054,28,78.468,13.429,0.288,49,17,0.347
664238,"Valdez, Framber",FC,79,42,70.585,7.161,8.973,-4.282,30.699,0.152,0.19,0.114,29,82.362,19.241,0.34,31,10,0.323
664238,"Valdez, Framber",FF,339,177,71.324,6.863,5.023,2.911,28.851,0.204,0.106,0.027,92,79.491,41.565,0.221,158,31,0.196
664238,"Valdez, Framber",SI,193,97,70.637,6.733,1.361,9.627,31.122,0.083,0.192,0.088,73,83.736,17.589,0.404,78,19,0.244
664238,"Valdez, Framber",SL,123,54,66.507,7.524,12.404,-11.029,31.463,0.203,0.22,0.089,26,83.677,24.231,0.211,59,16,0.271
664238,"Valdez, Framber",ST,103,43,64.958,7.251,10.783,-12.861,30.419,0.087,0.204,0.068,32,76.025,22.5,0.187,45,10,0.222
664702,"Fried, Max",CH,101,49,63.682,7.251,13.138,-2.722,36.79,0.079,0.109,0.059,38,79.089,5.868,0.273,60,24,0.4
664702,"Fried, Max",FC,123,57,62.098,6.37,3.152,-2.598,36.81,0.073,0.203,0.073,43,78.34,12.744,0.305,50,10,0.2
664702,"Fried, Max",FF,440,222,64.898,6.409,2.157,8.573,33.098,0.086,0.186,0.059,163,80.426,30.84,0.282,179,48,0.268
664702,"Fried, Max",SI,194,96,64.713,6.459,1.799,5.465,37.281,0.015,0.273,0.062,89,79.029,14.82,0.269,64,22,0.344
664702,"Fried, Max",SL,160,67,63.285,7.151,8.725,-0.76,36.313,0.075,0.2,0.069,51,82.327,13.471,0.301,80,18,0.225
664728,"López, Pablo",CH,131,71,67.213,7.173,4.126,-12.423,25.917,0.099,0.069,0.076,53,79.492,5.868,0.255,78,28,0.359
664728,"López, Pablo",CU,117,46,62.175,6.914,3.573,-15.022,28.893,0.111,0.256,0.068,31,76.81,-9.5,0.228,67,24,0.358
664728,"López, Pablo",FC,116,56,69.061,7.031,5.263,-9.01,24.144,0.086,0.198,0.138,45,84.891,14.913,0.293,55,19,0.345
664728,"López, Pablo",FF,561,249,65.64,6.348,-3.606,3.301,24.314,0.048,0.214,0.082,209,80.134,25.45,0.285,232,45,0.194
664728,"López, Pablo",SI,149,58,65.879,6.404,-5.137,0.945,24.688,0.007,0.329,0.134,53,87.719,-4.623,0.248,45,8,0.178
664728,"López, Pablo",SL,184,88,65.987,6.992,1.445,-19.134,26.205,0.12,0.147,0.076,59,75.978,12.068,0.237,90,27,0.3
664728,"López, Pablo",ST,119,44,61.768,6.757,-0.346,-11.009,25.982,0.092,0.202,0.076,32,76.166,9.312,0.187,61,14,0.23
664761,"Sale, Chris",CH,143,71,71.789,7.893,10.773,-6.297,31.587,0.098,0.084,0.112,52,78.648,5.057,0.311,80,22,0.275
664761,"Sale, Chris",CU,128,61,71.392,7.682,8.358,-5.309,31.211,0.055,0.156,0.133,50,83.998,-8.18,0.338,69,21,0.304
664761,"Sale, Chris",FC,115,58,71.814,7.088,2.847,11.03,28.953,0.052,0.157,0.122,50,84.164,15.66,0.318,43,9,0.209
664761,"Sale, Chris",FF,585,293,69.839,6.792,2.008,13.512,27.76,0.046,0.183,0.109,247,84.7,25.504,0.344,227,47,0.207
664761,"Sale, Chris",SI,313,145,70.444,6.91,1.296,11.713,30.902,0.019,0.195,0.131,127,85.505,12.898,0.335,138,34,0.246
664761,"Sale, Chris",SL,333,159,70.103,7.548,7.104,0.791,30.813,0.135,0.144,0.078,106,84.313,15.349,0.294,170,50,0.294
664761,"Sale, Chris",ST,142,61,69.258,7.6,7.145,-2.953,30.588,0.042,0.204,0.077,49,80.033,18.939,0.322,74,22,0.297
664770,"Miller, Bryce",CH,183,98,67.803,7.089,13.7,-2.839,32.288,0.087,0.104,0.098,79,78.916,13.734,0.323,103,39,0.379
664770,"Miller, Bryce",CU,117,56,69.406,7.051,13.841,-2.717,33.563,0.085,0.205,0.12,43,83.179,10.279,0.323,60,23,0.383
664770,"Miller, Bryce",FC,153,79,67.485,6.224,5.326,9.604,31.809,0.046,0.216,0.111,68,82.938,22.882,0.322,61,25,0.41
664770,"Miller, Bryce",FF,772,380,65.242,5.846,1.544,19.074,29.246,0.056,0.172,0.079,318,81.435,24.717,0.342,329,91,0.277
664770,"Miller, Bryce",FS,93,44,67.848,7.128,14.424,-0.52,31.417,0.086,0.118,0.108,33,82.976,1.909,0.24,54,15,0.278
664770,"Miller, Bryce",SI,264,111,64.985,6.048,0.332,17.348,31.848,0.034,0.22,0.087,96,83.276,14.208,0.314,112,21,0.188
664770,"Miller, Bryce",SL,201,108,67.605,6.765,10.533,3.888,33.913,0.095,0.169,0.065,79,79.495,16.025,0.215,110,50,0.455
664770,"Miller, Bryce",ST,84,46,65.343,6.652,8.533,6.808,30.99,0.107,0.083,0.083,36,84.011,10.694,0.324,43,16,0.372
664774,"Greene, Hunter",CH,109,41,67.742,7.333,15.488,-7.974,31.527,0.092,0.138,0.064,23,83.026,11.304,0.248,72,17,0.236
664774,"Greene, Hunter",FC,96,37,69.065,6.654,9.255,-5.513,33.393,0.094,0.198,0.073,26,81.165,20.654,0.21,49,10,0.204
664774,"Greene, Hunter",FF,444,192,67.666,6.297,5.803,5.997,32.002,0.072,0.18,0.052,144,83.729,33.285,0.32,202,24,0.119
664774,"Greene, Hunter",SI,130,52,67.647,6.155,2.123,8.886,33.44,0.023,0.254,0.038,45,81.813,20.356,0.227,43,2,0.047
664774,"Greene, Hunter",SL,72,36,63.794,7.046,11.57,-5.419,31.114,0.194,0.236,0.125,22,86.827,19.636,0.338,37,15,0.405
664913,"Senga, Kodai",FF,66,37,69.769,6.454,5.859,1.242,30.665,0.076,0.121,0.152,28,83.761,23.107,0.441,29,7,0.241
664983,"Darvish, Yu",CH,98,48,66.54,7.171,9.509,-11.837,33.254,0.163,0.02,0.061,29,77.697,-4.793,0.335,68,20,0.294
664983,"Darvish, Yu",CU,95,40,65.405,7.335,14.176,-7.647,34.857,0.137,0.168,0.021,23,75.722,-0.565,0.15,63,21,0.333
664983,"Darvish, Yu",FC,61,30,67.343,6.67,6.486,5.476,31.655,0.049,0.246,0.115,27,79.615,21.889,0.475,26,10,0.385
664983,"Darvish, Yu",FF,260,132,65.109,6.256,3.065,6.322,31.695,0.046,0.192,0.069,113,79.656,28.713,0.336,107,34,0.318
664983,"Darvish, Yu",SI,110,54,62.269,5.991,4.045,-0.763,31.131,0.073,0.218,0.055,45,80.996,0.689,0.285,41,15,0.366
664983,"Darvish, Yu",SL,80,41,68.222,7.275,12.105,-17.115,32.639,0.15,0.188,0.075,27,76.711,7.37,0.228,39,18,0.462
664983,"Darvish, Yu",ST,79,31,65.416,7.223,14.197,-8.698,33.322,0.089,0.203,0.076,23,82.339,-4.739,0.213,42,10,0.238
665019,"Morton, Charlie",CH,168,84,71.091,7.801,16.552,-11.8,29.285,0.143,0.065,0.113,53,84.089,3.019,0.348,106,33,0.311
665019,"Morton, Charlie",CU,139,51,69.871,7.623,15.029,-12.726,27.582,0.122,0.259,0.058,32,80.947,-2.344,0.264,73,21,0.288
665019,"Morton, Charlie",FC,99,45,69.609,7.129,10.991,-5.017,27.605,0.081,0.141,0.141,34,86.147,18.765,0.591,49,13,0.265
665019,"Morton, Charlie",FF,627,324,70.618,6.885,9.172,5.115,25.017,0.108,0.183,0.094,227,85.387,33.837,0.298,245,65,0.265
665019,"Morton, Charlie",FS,60,36,70.475,7.678,14.425,-7.441,28.497,0.117,0.017,0.083,26,82.792,-2.615,0.216,34,12,0.353
665019,"Morton, Charlie",SI,169,86,71.043,7.078,10.259,0.639,28.178,0.083,0.16,0.148,67,85.234,9.132,0.405,75,24,0.32
665019,"Morton, Charlie",SL,143,58,71.457,7.757,16.645,-14.56,28.953,0.105,0.133,0.07,39,81.492,11.692,0.38,83,17,0.205
665019,"Morton, Charlie",ST,86,36,69.106,7.397,13.867,-7.851,28.489,0.07,0.163,0.081,27,83.778,23.593,0.379,48,12,0.25
665052,"Holmes, Clay",FF,114,51,73.206,6.833,3.707,15.133,27.08,0.114,0.219,0.105,32,83.831,25.688,0.417,44,6,0.136
665155,"Williams, Gavin",FF,83,44,70.955,6.27,13.353,-1.082,34.027,0.108,0.169,0.096,31,85.155,33.29,0.161,33,12,0.364
665161,"Gausman, Kevin",CH,183,107,71.644,7.914,14.897,-14.86,32.271,0.262,0.077,0.071,53,79.677,2.774,0.294,119,55,0.462
665161,"Gausman, Kevin",CU,65,40,67.823,7.749,12.607,-20.12,30.446,0.246,0.062,0.077,22,81.127,1.455,0.247,42,22,0.524
665161,"Gausman, Kevin",FC,163,95,70.076,7.253,8.074,1.019,29.93,0.123,0.141,0.098,70,78.681,12.829,0.326,75,30,0.4
665161,"Gausman, Kevin",FF,380,178,70.199,6.921,6.121,3.091,29.318,0.061,0.226,0.139,149,86.624,26.698,0.434,160,40,0.25
665161,"Gausman, Kevin",SI,381,156,70.132,6.937,4.099,3.433,31.451,0.034,0.239,0.136,129,87.772,-3.171,0.38,171,31,0.181
665161,"Gausman, Kevin",SL,351,197,71.615,7.784,12.747,-11.803,29.902,0.179,0.1,0.085,124,82.14,2.734,0.238,217,95,0.438
665161,"Gausman, Kevin",ST,165,93,71.718,7.823,13.265,-15.349,28.719,0.182,0.085,0.085,60,82.647,13.533,0.315,94,39,0.415
665487,"Gallen, Zac",CH,293,145,71.911,7.742,13.384,-13.307,31.298,0.215,0.058,0.099,72,87.789,-0.694,0.301,203,69,0.34
665487,"Gallen, Zac",CU,149,49,71.44,7.396,12.806,-8.85,30.491,0.081,0.141,0.074,32,84.803,2.938,0.311,94,14,0.149
665487,"Gallen, Zac",FC,171,87,73.561,7.277,8.941,2.028,29.632,0.117,0.111,0.094,63,83.383,15.302,0.386,89,28,0.315
665487,"Gallen, Zac",FF,753,376,71.828,6.89,4.326,10.611,28.593,0.089,0.147,0.117,276,86.657,27.004,0.397,309,57,0.184
665487,"Gallen, Zac",FS,90,45,74.049,7.736,12.691,-8.77,30.89,0.222,0.067,0.089,23,85.717,-5.13,0.258,57,19,0.333
665487,"Gallen, Zac",SI,517,215,70.414,6.701,1.117,11.185,31.437,0.048,0.19,0.11,166,87.54,2.922,0.396,258,53,0.205
665487,"Gallen, Zac",SL,433,189,69.706,7.361,9.917,-3.057,29.661,0.139,0.132,0.09,113,85.773,6.496,0.377,258,70,0.271
665487,"Gallen, Zac",ST,203,90,69.16,7.34,10.585,-5.39,30.421,0.163,0.128,0.054,53,79.251,23.717,0.36,119,30,0.252
665489,"Fried, Max",CH,307,136,77.144,8.111,7.628,-15.854,28.517,0.111,0.101,0.114,95,86.315,9.579,0.357,194,55,0.284
665489,"Fried, Max",CU,116,45,76.812,8.052,6.973,-17.689,25.654,0.103,0.147,0.095,33,85.752,2.576,0.419,65,13,0.2
665489,"Fried, Max",FC,270,125,74.608,7.455,-1.011,1.404,26.776,0.074,0.167,0.133,94,86.461,13.284,0.451,134,33,0.246
665489,"Fried, Max",FF,768,300,74.558,7.079,-4.362,7.734,26.833,0.06,0.23,0.103,230,86.808,22.636,0.435,299,32,0.107
665489,"Fried, Max",FS,100,55,77.043,8.13,5.984,-19.129,30.347,0.18,0.07,0.08,32,82.531,10.938,0.35,55,20,0.364
665489,"Fried, Max",SI,587,228,75.661,7.26,-3.198,3.379,28.701,0.032,0.218,0.128,191,88.337,1.613,0.377,272,49,0.18
665489,"Fried, Max",SL,403,176,75.101,7.805,2.565,-6.799,26.774,0.102,0.141,0.119,130,84.801,8.122,0.357,215,49,0.228
665489,"Fried, Max",ST,209,97,75.515,8.05,7.089,-15.545,26.78,0.158,0.124,0.105,57,83.907,20.877,0.344,122,36,0.295
665561,"Cease, Dylan",CH,62,32,62.423,7.571,13.479,-8.554,34.117,0.145,0.097,0.048,21,77.776,7.143,0.221,35,11,0.314
665561,"Cease, Dylan",FF,147,64,64.51,7.095,7.273,3.544,30.516,0.068,0.15,0.048,49,80.539,30.939,0.334,73,13,0.178
665561,"Cease, Dylan",SI,73,30,65.3,7.193,4.488,6.84,33.491,0.027,0.219,0.096,27,86.063,2.667,0.316,28,4,0.143
665742,"Irvin, Jake",CH,285,98,70.304,7.454,14.932,-2.929,28.435,0.084,0.14,0.077,63,85.375,-0.27,0.442,171,28,0.164
665742,"Irvin, Jake",CU,227,61,71.627,7.293,13.419,-6.3,27.817,0.053,0.194,0.079,42,88.393,-3.238,0.504,129,10,0.078
665742,"Irvin, Jake",FC,210,81,70.594,6.797,10.481,8.746,28.441,0.067,0.267,0.119,62,87.998,22.468,0.497,97,17,0.175
665742,"Irvin, Jake",FF,755,300,72.684,6.766,9.802,10.591,27.393,0.06,0.229,0.128,229,90.284,31.41,0.508,346,67,0.194
665742,"Irvin, Jake",FS,145,46,66.789,7.177,12.47,2.22,27.559,0.076,0.083,0.083,31,83.358,10.935,0.474,95,10,0.105
665742,"Irvin, Jake",SI,595,218,71.888,6.779,7.479,9.494,28.885,0.052,0.234,0.087,174,86.141,16.886,0.382,287,54,0.188
665742,"Irvin, Jake",SL,463,165,69.453,7.154,12.265,0.175,27.897,0.108,0.214,0.071,99,86.09,7.111,0.32,223,34,0.152
665742,"Irvin, Jake",ST,204,60,68.975,7.042,11.286,-1.737,28.78,0.078,0.216,0.069,42,88.567,22.262,0.361,106,14,0.132
665750,"Woo, Bryan",CH,89,53,69.776,7.939,11.238,-12.619,30.335,0.157,0.067,0.079,37,76.095,11.189,0.288,49,21,0.429
665750,"Woo, Bryan",FF,282,152,68.416,6.695,-0.476,0.317,30.88,0.11,0.177,0.057,99,79.814,37.687,0.205,103,30,0.291
665750,"Woo, Bryan",FS,53,35,65.644,7.7,7.703,-17.22,35.663,0.208,0.057,0.075,23,72.217,17.609,0.172,34,19,0.559
665750,"Woo, Bryan",SI,77,31,70.083,7.021,-0.136,4.954,31.305,0.039,0.247,0.078,27,84.122,13.519,0.3,35,9,0.257
665804,"Gallen, Zac",FF,113,54,68.329,6.889,4.577,6.284,32.286,0.035,0.159,0.053,44,81.473,29.841,0.411,54,12,0.222
665804,"Gallen, Zac",SL,68,34,67.635,7.879,12.884,-14.179,35.595,0.132,0.191,0.132,23,83.665,7.174,0.179,36,14,0.389
665828,"Pepiot, Ryan",FF,152,80,67.878,6.735,3.169,9.055,31.04,0.132,0.151,0.072,56,82.47,28.339,0.3,61,17,0.279
665833,"Gray, Sonny",CH,322,139,77.711,8.21,13.149,-13.164,33.297,0.18,0.115,0.059,73,82.489,12.096,0.318,221,74,0.335
665833,"Gray, Sonny",CU,270,106,73.141,8.24,15.507,-20.203,35.112,0.189,0.207,0.063,48,83.454,7.083,0.24,157,51,0.325
665833,"Gray, Sonny",FC,148,70,79.1,7.631,8.005,-4.998,34.068,0.088,0.128,0.142,51,88.675,21.745,0.405,69,14,0.203
665833,"Gray, Sonny",FF,492,203,76.676,6.924,0.452,9.087,31.824,0.081,0.217,0.116,153,88.484,23.876,0.377,227,43,0.189
665833,"Gray, Sonny",FS,87,35,77.482,8.042,11.874,-11.499,33.142,0.126,0.092,0.08,22,86.036,-4.773,0.296,65,21,0.323
665833,"Gray, Sonny",KC,70,30,72.314,8.203,15.125,-16.738,35.192,0.143,0.186,0.086,18,84.472,-16.0,0.281,44,18,0.409
665833,"Gray, Sonny",SI,302,124,78.145,7.213,1.786,6.149,33.294,0.083,0.242,0.099,88,89.453,4.307,0.311,147,40,0.272
665833,"Gray, Sonny",SL,343,149,75.859,8.001,11.945,-14.951,34.336,0.175,0.137,0.09,73,88.418,13.392,0.324,199,52,0.261
665833,"Gray, Sonny",ST,182,65,71.661,7.88,10.673,-13.842,34.444,0.154,0.269,0.055,33,83.061,19.333,0.278,99,32,0.323
665839,"Gray, Sonny",FF,137,61,68.344,6.94,4.079,6.362,25.101,0.073,0.248,0.088,47,85.281,34.511,0.428,52,13,0.25
665862,"Gausman, Kevin",CH,304,132,72.462,8.159,18.102,-12.807,32.206,0.158,0.086,0.049,75,79.964,-4.693,0.274,205,56,0.273
665862,"Gausman, Kevin",CU,135,63,71.057,8.057,19.279,-18.284,33.769,0.148,0.193,0.089,38,79.411,10.079,0.395,74,26,0.351
665862,"Gausman, Kevin",FC,186,90,70.997,7.542,15.562,-5.125,33.977,0.156,0.14,0.075,55,82.189,13.455,0.436,90,25,0.278
665862,"Gausman, Kevin",FF,630,316,73.306,7.408,12.953,2.616,31.515,0.133,0.149,0.117,214,88.056,31.925,0.37,272,56,0.206
665862,"Gausman, Kevin",FS,134,69,72.218,8.263,19.543,-16.814,32.853,0.187,0.06,0.06,37,79.654,8.108,0.28,78,22,0.282
665862,"Gausman, Kevin",SI,297,143,72.233,7.461,11.372,2.961,33.574,0.081,0.212,0.098,112,84.426,14.965,0.362,117,33,0.282
665862,"Gausman, Kevin",SL,321,145,69.292,7.686,14.708,-10.563,33.304,0.199,0.165,0.05,67,80.936,17.418,0.289,177,52,0.294
665862,"Gausman, Kevin",ST,183,65,71.878,7.895,15.344,-10.562,33.9,0.104,0.213,0.077,40,81.688,14.4,0.289,99,23,0.232
665877,"Alcantara, Sandy",FF,83,36,63.497,6.648,2.733,3.259,32.326,0.048,0.205,0.06,32,77.794,24.094,0.322,37,10,0.27
665926,"Giolito, Lucas",CH,195,114,68.335,7.552,13.59,-8.31,32.612,0.144,0.067,0.067,79,80.037,11.81,0.258,121,53,0.438
665926,"Giolito, Lucas",CU,133,55,65.594,7.34,14.971,-8.175,32.196,0.113,0.143,0.038,35,79.98,-4.6,0.281,81,23,0.284
665926,"Giolito, Lucas",FC,138,68,68.571,6.932,6.686,8.632,32.453,0.065,0.174,0.051,56,76.775,18.5,0.351,61,18,0.295
665926,"Giolito, Lucas",FF,604,324,66.27,6.464,3.97,12.156,30.202,0.109,0.167,0.056,227,80.572,29.515,0.304,256,87,0.34
665926,"Giolito, Lucas",FS,67,38,70.333,7.517,11.738,-2.982,30.552,0.149,0.075,0.119,26,86.754,7.846,0.417,35,15,0.429
665926,"Giolito, Lucas",SI,261,125,66.692,6.497,2.128,12.947,32.199,0.08,0.215,0.073,99,80.599,14.141,0.322,111,33,0.297
665926,"Giolito, Lucas",SL,209,123,68.399,7.332,11.476,-5.142,31.982,0.153,0.115,0.086,76,81.003,4.816,0.324,100,42,0.42
665926,"Giolito, Lucas",ST,79,37,65.646,7.035,9.314,-3.59,32.752,0.051,0.203,0.025,30,77.783,23.967,0.33,35,9,0.257
665953,"Peterson, David",FF,83,48,71.824,6.354,0.539,3.51,29.103,0.096,0.169,0.072,31,79.245,35.935,0.206,44,21,0.477
665966,"Rodón, Carlos",CH,158,85,72.538,8.088,13.332,-6.527,31.547,0.127,0.095,0.101,61,80.228,-0.918,0.288,91,34,0.374
665966,"Rodón, Carlos",CU,101,32,68.529,8.077,19.23,-15.258,30.067,0.069,0.178,0.069,24,84.4,9.208,0.283,59,12,0.203
665966,"Rodón, Carlos",FC,157,85,71.116,7.378,6.477,8.918,30.121,0.146,0.146,0.051,55,80.493,28.4,0.235,75,25,0.333
665966,"Rodón, Carlos",FF,662,344,70.395,7.143,5.054,11.866,28.917,0.128,0.156,0.08,234,84.174,32.714,0.313,284,79,0.278
665966,"Rodón, Carlos",SI,321,135,69.735,7.113,2.629,13.9,32.693,0.059,0.262,0.09,111,80.695,10.171,0.264,133,34,0.256
665966,"Rodón, Carlos",SL,255,128,69.807,8.009,14.644,-7.317,31.0,0.196,0.125,0.075,73,82.768,15.11,0.325,136,45,0.331
665966,"Rodón, Carlos",ST,131,64,70.315,8.016,15.238,-12.127,30.851,0.122,0.092,0.099,43,85.119,23.698,0.277,79,25,0.316
666018,"Fried, Max",CH,145,70,69.979,7.833,14.116,-1.791,37.034,0.083,0.062,0.11,57,83.789,19.14,0.42,97,32,0.33
666018,"Fried, Max",CU,100,46,70.102,7.547,12.506,-1.038,37.255,0.13,0.18,0.13,29,88.166,1.069,0.289,52,16,0.308
666018,"Fried, Max",FC,156,88,70.728,7.221,11.692,2.587,35.9,0.192,0.141,0.103,54,87.419,22.889,0.378,74,25,0.338
666018,"Fried, Max",FF,613,291,67.157,6.697,5.164,14.455,32.957,0.1,0.15,0.073,210,83.302,31.405,0.407,287,65,0.226
666018,"Fried, Max",FS,75,42,70.676,7.898,16.193,-4.928,35.351,0.133,0.093,0.133,30,83.83,16.8,0.396,36,12,0.333
666018,"Fried, Max",SI,261,118,68.443,6.92,4.553,12.577,35.44,0.073,0.238,0.123,91,87.193,14.527,0.399,104,23,0.221
666018,"Fried, Max",SL,201,98,69.407,7.616,13.195,-2.882,37.072,0.124,0.164,0.124,65,86.862,19.338,0.385,106,35,0.33
666018,"Fried, Max",ST,122,63,68.58,7.523,12.54,-2.774,37.148,0.115,0.156,0.057,43,77.735,20.837,0.274,59,19,0.322
666023,"Bibee, Tanner",CH,99,56,68.365,7.853,14.739,-9.628,34.635,0.162,0.081,0.04,35,74.969,16.429,0.21,56,21,0.375
666023,"Bibee, Tanner",CU,86,38,64.5,7.523,13.426,-16.218,36.115,0.116,0.128,0.07,27,82.263,25.296,0.199,46,12,0.261
666023,"Bibee, Tanner",FC,94,52,68.025,7.063,6.829,0.876,33.729,0.096,0.149,0.074,41,82.073,22.317,0.351,41,13,0.317
666023,"Bibee, Tanner",FF,410,228,65.359,6.552,1.353,11.089,34.222,0.122,0.161,0.076,166,81.17,24.361,0.268,188,65,0.346
666023,"Bibee, Tanner",SI,252,133,66.684,6.66,0.924,6.191,36.725,0.071,0.175,0.107,102,83.534,6.272,0.344,104,38,0.365
666023,"Bibee, Tanner",SL,246,125,67.007,7.501,13.046,-6.234,34.446,0.138,0.122,0.089,83,81.22,16.205,0.257,124,33,0.266
666023,"Bibee, Tanner",ST,155,77,67.327,7.691,15.448,-13.494,35.005,0.123,0.161,0.065,53,81.389,28.453,0.23,66,15,0.227
666126,"Alexander, Jason",FF,126,69,67.652,6.475,2.342,10.641,24.371,0.071,0.167,0.127,55,85.049,33.509,0.369,55,20,0.364
666134,"Burke, Sean",CH,175,96,73.53,7.54,15.969,-9.6,36.104,0.189,0.097,0.086,55,82.6,5.4,0.215,110,50,0.455
666134,"Burke, Sean",FC,139,65,73.311,6.847,9.193,-1.439,35.643,0.065,0.165,0.058,48,78.212,21.229,0.253,57,10,0.175
666134,"Burke, Sean",FF,699,350,69.485,6.2,2.446,10.595,33.511,0.103,0.15,0.083,245,84.719,29.224,0.346,255,37,0.145
666134,"Burke, Sean",FS,71,36,73.351,7.663,18.713,-12.811,36.875,0.211,0.085,0.056,20,76.67,1.9,0.136,50,21,0.42
666134,"Burke, Sean",SI,186,65,71.194,6.352,1.719,10.032,36.712,0.038,0.258,0.07,54,82.917,6.759,0.302,77,10,0.13
666134,"Burke, Sean",SL,150,73,71.384,7.216,11.141,-6.485,37.816,0.127,0.18,0.08,48,80.427,25.354,0.299,78,31,0.397
666134,"Burke, Sean",ST,133,50,68.422,7.31,15.215,-9.762,37.006,0.143,0.218,0.068,29,83.91,10.828,0.297,74,22,0.297
666139,"Kremer, Dean",CH,171,98,70.114,7.553,8.351,-2.317,35.611,0.082,0.053,0.099,78,78.967,13.385,0.32,110,46,0.418
666139,"Kremer, Dean",CU,113,70,69.526,7.833,13.047,-12.468,36.018,0.15,0.097,0.115,49,81.851,8.98,0.308,65,35,0.538
666139,"Kremer, Dean",FC,163,83,73.482,7.134,5.692,2.583,35.264,0.166,0.129,0.067,49,81.269,27.0,0.39,81,24,0.296
666139,"Kremer, Dean",FF,605,316,70.361,6.737,1.229,9.19,34.611,0.142,0.142,0.066,203,83.331,28.108,0.34,252,60,0.238
666139,"Kremer, Dean",FS,68,45,71.628,7.849,13.76,-8.352,36.26,0.162,0.059,0.088,32,78.112,7.156,0.19,40,21,0.525
666139,"Kremer, Dean",SI,280,137,71.051,6.804,-0.277,8.79,36.904,0.086,0.164,0.079,95,82.177,9.716,0.324,127,39,0.307
666139,"Kremer, Dean",SL,249,146,69.282,7.673,11.723,-8.733,35.838,0.153,0.116,0.084,100,78.892,16.57,0.203,140,69,0.493
666139,"Kremer, Dean",ST,116,56,66.409,7.67,12.708,-9.08,34.422,0.172,0.172,0.034,31,77.532,20.129,0.223,67,28,0.418
666149,"Sears, JP",CH,106,58,64.246,7.676,19.503,-18.273,38.091,0.255,0.028,0.009,25,66.016,3.44,0.151,74,29,0.392
666149,"Sears, JP",FC,62,34,67.938,7.066,10.485,-2.3,34.046,0.145,0.145,0.081,25,80.224,29.32,0.357,29,7,0.241
666149,"Sears, JP",FF,248,126,68.273,6.718,5.917,9.192,32.868,0.105,0.206,0.077,90,82.817,26.833,0.276,98,28,0.286
666149,"Sears, JP",SI,139,76,67.637,6.752,4.092,5.544,36.541,0.058,0.223,0.137,65,82.966,12.554,0.32,50,15,0.3
666149,"Sears, JP",SL,171,92,64.329,7.743,17.326,-16.242,37.554,0.228,0.094,0.029,48,75.381,13.708,0.216,93,32,0.344
666149,"Sears, JP",ST,101,49,61.56,7.429,13.846,-15.185,38.108,0.198,0.089,0.04,26,75.527,19.615,0.195,63,21,0.333
666152,"Berríos, José",CH,98,46,62.464,7.238,7.876,-13.742,30.216,0.143,0.092,0.031,28,76.957,17.429,0.251,53,13,0.245
666152,"Berríos, José",FF,246,109,68.633,6.679,1.674,3.22,27.936,0.053,0.215,0.061,92,82.079,31.337,0.269,115,33,0.287
666152,"Berríos, José",SI,112,48,66.298,6.651,0.035,2.911,30.381,0.071,0.268,0.089,37,82.827,1.947,0.296,43,7,0.163
666152,"Berríos, José",SL,109,43,62.82,6.983,8.32,-8.802,30.128,0.101,0.202,0.037,28,77.843,9.552,0.224,46,9,0.196
666158,"Rea, Colin",CH,255,102,67.167,7.812,15.228,-6.549,33.902,0.078,0.133,0.047,75,77.465,3.213,0.274,155,36,0.232
666158,"Rea, Colin",CU,193,61,64.157,7.515,12.689,-4.571,33.346,0.088,0.223,0.041,41,82.117,-2.357,0.243,100,14,0.14
666158,"Rea, Colin",FC,195,95,69.559,7.3,11.346,3.926,34.13,0.051,0.123,0.051,70,80.684,13.871,0.315,88,11,0.125
666158,"Rea, Colin",FF,643,302,68.207,6.795,4.817,12.6,31.948,0.067,0.179,0.082,238,83.279,25.172,0.335,296,66,0.223
666158,"Rea, Colin",SI,243,93,68.804,7.035,7.131,10.143,33.526,0.021,0.235,0.103,81,84.664,10.235,0.357,103,12,0.117
666158,"Rea, Colin",SL,292,140,66.805,7.857,16.977,-7.865,35.597,0.151,0.168,0.072,90,83.514,12.244,0.253,140,35,0.25
666158,"Rea, Colin",ST,122,39,66.279,7.597,13.705,-3.56,34.871,0.082,0.27,0.033,22,80.0,9.682,0.25,56,7,0.125
666160,"Pfaadt, Brandon",CH,219,137,72.757,8.177,18.02,-12.586,33.262,0.178,0.046,0.128,92,84.309,11.098,0.32,131,60,0.458
666160,"Pfaadt, Brandon",CU,134,69,71.443,8.219,20.536,-20.87,34.914,0.164,0.157,0.112,41,84.171,3.286,0.313,70,25,0.357
666160,"Pfaadt, Brandon",FC,114,72,72.943,7.468,8.424,-0.782,34.309,0.088,0.07,0.132,54,85.137,19.426,0.483,48,16,0.333
666160,"Pfaadt, Brandon",FF,575,328,71.927,7.017,3.533,8.826,31.903,0.132,0.134,0.113,232,84.328,30.642,0.352,254,88,0.346
666160,"Pfaadt, Brandon",FS,86,51,73.298,8.367,19.798,-16.774,33.933,0.209,0.058,0.093,29,82.114,12.793,0.221,49,21,0.429
666160,"Pfaadt, Brandon",SI,145,59,70.517,7.012,2.799,6.269,33.871,0.041,0.228,0.083,51,82.584,7.849,0.39,67,16,0.239
666160,"Pfaadt, Brandon",SL,227,128,68.502,7.783,15.592,-13.492,34.866,0.198,0.11,0.097,72,83.608,16.653,0.262,121,50,0.413
666160,"Pfaadt, Brandon",ST,63,30,70.921,8.183,18.792,-17.249,35.503,0.159,0.175,0.095,19,83.284,10.947,0.313,32,12,0.375
666163,"Warren, Will",FF,234,106,64.554,6.261,6.118,8.555,26.597,0.085,0.201,0.038,80,77.612,32.138,0.259,112,32,0.286
666163,"Warren, Will",SI,78,30,62.974,6.194,0.34,6.783,28.5,0.013,0.256,0.064,29,76.803,15.793,0.353,34,8,0.235
666176,"Corbin, Patrick",CH,150,72,75.332,8.311,17.016,-19.497,35.322,0.187,0.087,0.1,37,81.919,3.108,0.307,96,29,0.302
666176,"Corbin, Patrick",CU,128,67,72.625,8.37,15.254,-20.889,35.24,0.211,0.109,0.094,36,82.333,13.222,0.288,85,38,0.447
666176,"Corbin, Patrick",FC,134,75,79.053,7.781,8.29,-5.479,33.47,0.127,0.142,0.157,53,86.289,19.585,0.535,55,15,0.273
666176,"Corbin, Patrick",FF,670,375,76.283,7.288,3.708,2.823,31.991,0.121,0.124,0.097,267,84.633,34.041,0.381,284,76,0.268
666176,"Corbin, Patrick",FS,75,34,76.694,8.264,15.219,-19.036,35.6,0.173,0.04,0.107,21,84.719,-6.905,0.336,50,11,0.22
666176,"Corbin, Patrick",SI,381,207,77.257,7.381,2.258,2.058,36.367,0.089,0.157,0.129,144,86.497,3.952,0.345,177,63,0.356
666176,"Corbin, Patrick",SL,377,191,71.819,8.118,12.167,-11.429,33.533,0.194,0.106,0.109,109,86.072,15.927,0.413,249,95,0.382
666176,"Corbin, Patrick",ST,235,113,72.706,7.957,10.611,-12.976,33.76,0.123,0.14,0.081,79,78.554,22.304,0.246,132,43,0.326
666181,"Rea, Colin",CH,118,62,71.375,7.946,18.847,-10.378,34.539,0.161,0.059,0.102,35,82.563,1.771,0.34,63,18,0.286
666181,"Rea, Colin",CU,78,37,66.772,7.967,21.087,-18.726,33.709,0.205,0.09,0.013,15,79.86,4.267,0.349,40,10,0.25
666181,"Rea, Colin",FC,83,39,70.522,7.297,12.415,0.602,34.063,0.108,0.133,0.108,26,90.235,13.692,0.362,37,9,0.243
666181,"Rea, Colin",FF,360,210,69.556,6.91,8.731,5.262,32.111,0.136,0.117,0.147,144,86.728,30.722,0.336,133,34,0.256
666181,"Rea, Colin",SL,122,63,71.206,7.745,17.072,-11.105,34.295,0.221,0.115,0.082,33,84.452,16.758,0.398,63,19,0.302
666181,"Rea, Colin",ST,64,31,68.268,7.968,21.169,-19.17,34.836,0.25,0.109,0.047,9,76.667,5.667,0.305,36,13,0.361
666182,"Flaherty, Jack",CH,211,128,70.365,8.071,15.737,-13.41,38.612,0.152,0.071,0.118,90,82.562,15.789,0.361,139,66,0.475
666182,"Flaherty, Jack",CU,111,53,69.458,8.15,17.038,-21.797,38.641,0.162,0.108,0.117,32,90.359,16.312,0.38,73,27,0.37
666182,"Flaherty, Jack",FC,238,141,67.671,6.954,0.851,8.185,36.593,0.071,0.109,0.164,117,85.331,17.829,0.357,102,32,0.314
666182,"Flaherty, Jack",FF,751,369,64.807,6.35,-6.636,18.266,36.776,0.073,0.15,0.083,287,84.782,22.819,0.364,333,76,0.228
666182,"Flaherty, Jack",SI,448,216,65.939,6.485,-5.023,13.717,41.14,0.045,0.196,0.138,187,87.013,5.417,0.354,203,65,0.32
666182,"Flaherty, Jack",SL,358,202,68.709,7.728,8.604,-5.95,36.206,0.12,0.109,0.137,150,84.437,12.4,0.343,211,89,0.422
666182,"Flaherty, Jack",ST,176,100,66.72,7.907,11.781,-10.164,34.813,0.131,0.085,0.114,76,80.476,22.632,0.356,112,50,0.446
666185,"Alexander, Jason",CH,130,49,62.719,7.287,15.339,-9.058,37.129,0.115,0.085,0.023,33,75.282,3.697,0.223,86,16,0.186
666185,"Alexander, Jason",FC,102,49,67.822,6.861,10.685,1.272,37.158,0.108,0.245,0.059,34,82.874,22.529,0.163,39,8,0.205
666185,"Alexander, Jason",FF,419,201,67.626,6.559,7.341,4.365,35.055,0.086,0.165,0.076,152,83.791,28.724,0.307,178,28,0.157
666185,"Alexander, Jason",SI,121,60,69.205,6.878,9.787,3.202,36.107,0.074,0.24,0.107,48,85.544,18.958,0.368,47,12,0.255
666185,"Alexander, Jason",SL,102,46,63.356,6.818,8.126,-0.568,36.872,0.118,0.137,0.039,30,75.397,24.267,0.28,52,10,0.192
666211,"Ginn, J.T.",CH,77,32,72.628,8.359,17.327,-16.979,30.643,0.208,0.091,0.026,14,78.214,-6.857,0.207,52,15,0.288
666211,"Ginn, J.T.",FF,220,114,72.515,7.237,5.2,5.568,27.804,0.127,0.155,0.1,77,84.762,24.818,0.268,75,11,0.147
666310,"Flaherty, Jack",CH,217,97,69.932,8.069,15.428,-9.714,31.584,0.092,0.134,0.065,72,81.258,12.431,0.262,125,36,0.288
666310,"Flaherty, Jack",CU,113,40,71.09,8.213,20.182,-17.474,33.442,0.071,0.186,0.08,31,81.929,10.871,0.25,62,12,0.194
666310,"Flaherty, Jack",FC,125,69,72.252,7.506,11.636,-4.955,32.93,0.112,0.136,0.136,53,84.421,17.226,0.366,49,13,0.265
666310,"Flaherty, Jack",FF,544,277,70.55,7.197,6.977,2.332,31.026,0.074,0.147,0.092,209,84.435,36.163,0.316,234,51,0.218
666310,"Flaherty, Jack",FS,88,42,71.419,8.326,19.116,-16.494,31.597,0.136,0.125,0.102,25,87.916,9.44,0.334,45,11,0.244
666310,"Flaherty, Jack",KC,70,31,70.206,8.116,17.905,-14.402,34.311,0.157,0.171,0.1,19,83.558,11.0,0.179,38,14,0.368
666310,"Flaherty, Jack",SI,173,83,70.454,7.185,5.544,1.392,33.994,0.052,0.202,0.121,71,84.358,8.577,0.386,67,14,0.209
666310,"Flaherty, Jack",SL,221,101,69.162,8.125,17.757,-19.302,31.942,0.131,0.172,0.027,65,78.88,29.215,0.218,114,36,0.316
666310,"Flaherty, Jack",ST,150,64,66.308,8.087,16.786,-16.001,32.549,0.12,0.24,0.067,44,80.945,27.455,0.214,70,18,0.257
666397,"Hendricks, Kyle",CH,169,86,69.359,7.409,18.577,-2.869,42.647,0.178,0.148,0.101,52,81.621,0.558,0.355,88,29,0.33
666397,"Hendricks, Kyle",CU,75,32,65.697,7.488,20.653,-2.621,42.435,0.16,0.187,0.04,17,74.418,1.412,0.23,40,10,0.25
666397,"Hendricks, Kyle",FF,242,93,68.809,6.389,6.649,15.033,39.675,0.041,0.207,0.054,72,82.526,25.208,0.35,118,18,0.153
666397,"Hendricks, Kyle",SI,140,51,68.126,6.48,6.75,13.263,42.063,0.05,0.271,0.057,39,79.403,1.59,0.233,59,7,0.119
666397,"Hendricks, Kyle",SL,100,40,68.29,6.962,11.755,6.669,42.481,0.12,0.17,0.09,24,88.192,14.75,0.305,54,10,0.185
666624,"Fried, Max",CH,124,72,74.01,8.672,17.899,-20.927,27.611,0.274,0.04,0.089,31,84.09,1.677,0.319,81,33,0.407
666624,"Fried, Max",CU,87,48,71.237,8.365,15.858,-19.609,27.36,0.264,0.092,0.092,21,87.867,8.476,0.218,53,21,0.396
666624,"Fried, Max",FC,92,45,75.971,8.111,14.379,-6.928,27.143,0.141,0.054,0.076,29,83.49,23.655,0.353,53,13,0.245
666624,"Fried, Max",FF,366,182,74.562,7.669,11.272,6.817,26.817,0.169,0.15,0.074,104,84.391,35.885,0.34,163,33,0.202
666624,"Fried, Max",SI,150,85,75.294,7.904,12.337,3.178,28.038,0.1,0.193,0.14,63,86.263,17.571,0.293,60,20,0.333
666624,"Fried, Max",SL,194,114,72.22,8.501,16.944,-15.942,27.357,0.237,0.067,0.082,60,82.013,12.049,0.289,111,42,0.378
666624,"Fried, Max",ST,111,60,68.455,8.364,17.645,-19.744,27.09,0.225,0.081,0.072,31,77.819,12.516,0.275,59,16,0.271
666969,"Soriano, José",CH,174,107,71.85,8.058,14.232,-13.611,29.1,0.172,0.098,0.08,69,78.91,5.638,0.264,98,48,0.49
666969,"Soriano, José",CU,100,61,70.243,7.667,13.808,-11.256,30.112,0.15,0.08,0.08,45,79.16,10.311,0.252,55,24,0.436
666969,"Soriano, José",FC,125,66,71.895,7.583,8.059,0.963,28.358,0.144,0.16,0.064,42,81.617,26.833,0.245,58,16,0.276
666969,"Soriano, José",FF,878,454,69.871,7.155,5.645,11.572,26.118,0.147,0.126,0.091,293,86.844,30.072,0.328,451,143,0.317
666969,"Soriano, José",FS,54,30,72.2,8.157,14.651,-20.35,32.109,0.352,0.056,0.074,11,83.018,-1.364,0.198,37,17,0.459
666969,"Soriano, José",SI,369,157,71.801,7.256,3.21,7.966,30.269,0.076,0.244,0.111,119,85.531,15.192,0.384,157,38,0.242
666969,"Soriano, José",SL,270,152,68.84,7.868,10.509,-7.302,28.85,0.2,0.126,0.074,91,81.692,19.527,0.231,150,67,0.447
666969,"Soriano, José",ST,139,72,70.034,7.89,13.836,-12.764,27.617,0.122,0.058,0.122,48,87.952,22.229,0.332,87,33,0.379
666971,"Quintana, Jose",CH,168,94,68.914,7.926,14.379,-11.986,39.367,0.173,0.089,0.048,61,77.615,2.148,0.236,113,51,0.451
666971,"Quintana, Jose",CU,132,65,68.969,7.982,17.74,-19.381,37.858,0.159,0.106,0.068,40,78.455,5.175,0.324,81,27,0.333
666971,"Quintana, Jose",FC,132,71,67.9,7.186,8.567,-0.069,34.261,0.053,0.197,0.091,60,81.37,19.717,0.269,55,16,0.291
666971,"Quintana, Jose",FF,672,345,68.794,6.908,4.706,5.496,34.866,0.046,0.173,0.113,296,84.296,28.226,0.326,271,73,0.269
666971,"Quintana, Jose",FS,62,43,67.36,7.805,14.78,-15.592,40.381,0.29,0.032,0.113,18,83.233,1.444,0.231,41,24,0.585
666971,"Quintana, Jose",SI,294,136,68.873,7.067,4.181,4.624,38.377,0.02,0.197,0.139,119,84.504,12.017,0.409,135,36,0.267
666971,"Quintana, Jose",SL,337,172,68.835,7.84,13.628,-15.005,38.198,0.16,0.157,0.089,106,82.498,13.245,0.275,186,71,0.382
666971,"Quintana, Jose",ST,162,97,68.49,7.831,15.104,-16.043,36.465,0.173,0.105,0.093,67,80.031,20.806,0.324,87,37,0.425
667472,"Wentz, Joey",CH,72,38,71.947,7.9,17.624,-10.063,28.898,0.167,0.153,0.139,23,89.622,11.696,0.492,37,11,0.297
667472,"Wentz, Joey",CU,91,36,69.829,7.762,17.093,-4.454,29.4,0.132,0.198,0.066,23,81.287,3.696,0.237,50,14,0.28
667472,"Wentz, Joey",FC,98,45,66.959,6.857,7.412,5.082,28.339,0.122,0.204,0.071,31,81.797,13.161,0.219,39,9,0.231
667472,"Wentz, Joey",FF,411,212,67.595,6.54,7.085,12.501,25.217,0.097,0.197,0.112,154,86.778,25.39,0.331,137,29,0.212
667472,"Wentz, Joey",SI,262,98,69.181,6.727,7.748,8.331,27.369,0.053,0.305,0.08,79,85.258,8.835,0.317,103,20,0.194
667472,"Wentz, Joey",SL,181,66,69.398,7.537,10.783,-3.731,30.713,0.105,0.221,0.05,44,81.682,13.818,0.242,93,20,0.215
667670,"Soriano, José",CH,286,149,73.041,7.607,19.453,-15.208,37.293,0.213,0.059,0.07,79,84.113,5.734,0.382,164,49,0.299
667670,"Soriano, José",CU,159,76,67.853,7.407,18.142,-13.339,38.699,0.201,0.145,0.057,39,80.849,1.308,0.325,92,29,0.315
667670,"Soriano, José",FC,179,85,72.932,6.948,11.234,-2.825,35.284,0.134,0.112,0.078,49,85.122,18.837,0.51,86,11,0.128
667670,"Soriano, José",FF,699,345,70.947,6.445,3.079,6.788,34.439,0.089,0.136,0.1,257,84.421,30.288,0.374,320,62,0.194
667670,"Soriano, José",FS,91,45,74.04,7.802,24.02,-21.574,38.776,0.231,0.066,0.099,19,84.216,6.474,0.283,58,18,0.31
667670,"Soriano, José",SI,498,244,73.293,6.713,5.799,1.584,38.404,0.042,0.195,0.124,203,86.168,8.645,0.35,234,58,0.248
667670,"Soriano, José",SL,363,203,70.306,7.501,16.93,-12.461,35.977,0.237,0.085,0.088,104,83.613,15.49,0.338,203,72,0.355
667670,"Soriano, José",ST,215,109,69.146,7.37,16.923,-11.042,36.099,0.191,0.112,0.093,63,82.89,27.857,0.253,125,38,0.304
668227,"Skubal, Tarik",CH,284,116,71.351,7.846,10.924,-10.582,26.746,0.13,0.148,0.06,75,80.104,5.013,0.232,183,53,0.29
668227,"Skubal, Tarik",CU,129,68,66.941,7.727,12.426,-13.001,26.717,0.147,0.116,0.147,47,87.598,3.979,0.363,80,35,0.438
668227,"Skubal, Tarik",FC,220,88,71.029,7.435,8.929,1.207,23.831,0.095,0.227,0.095,62,83.989,22.597,0.339,105,25,0.238
668227,"Skubal, Tarik",FF,1003,431,71.775,7.14,7.447,8.674,22.852,0.12,0.2,0.089,289,85.983,31.668,0.38,431,65,0.151
668227,"Skubal, Tarik",FS,94,47,71.157,7.772,13.69,-16.6,27.955,0.191,0.043,0.053,26,77.308,-0.5,0.233,57,16,0.281
668227,"Skubal, Tarik",SI,562,232,71.339,7.131,4.739,10.685,26.741,0.071,0.254,0.109,173,86.902,11.253,0.355,223,32,0.143
668227,"Skubal, Tarik",SL,504,237,67.125,7.567,9.116,-1.531,26.068,0.179,0.167,0.063,133,82.252,8.835,0.258,283,94,0.332
668227,"Skubal, Tarik",ST,253,113,66.51,7.544,10.82,-5.438,25.303,0.126,0.174,0.095,73,83.09,12.041,0.333,149,51,0.342
668670,"Martin, Davis",FF,157,73,68.821,7.019,12.787,8.405,29.766,0.121,0.178,0.07,49,84.073,35.857,0.292,77,18,0.234
668670,"Martin, Davis",SI,120,59,69.453,7.078,12.123,3.203,31.794,0.042,0.258,0.158,49,86.8,11.0,0.385,36,12,0.333
668670,"Martin, Davis",SL,100,44,68.507,7.677,17.443,-6.799,31.496,0.13,0.2,0.03,25,81.744,22.68,0.201,44,7,0.159
668709,"Soriano, José",CH,234,122,70.35,7.927,18.74,-18.609,32.502,0.235,0.085,0.056,62,79.384,22.065,0.16,131,37,0.282
668709,"Soriano, José",FC,87,40,71.358,7.11,10.993,-4.533,30.078,0.057,0.253,0.126,34,83.882,21.559,0.329,28,6,0.214
668709,"Soriano, José",FF,361,157,69.671,6.95,9.742,-1.462,29.661,0.055,0.194,0.1,131,86.034,29.435,0.324,166,34,0.205
668709,"Soriano, José",FS,89,46,68.66,7.893,19.339,-17.109,31.672,0.292,0.101,0.0,16,74.138,-6.125,0.076,51,17,0.333
668709,"Soriano, José",SI,175,79,71.056,7.029,8.749,-1.524,31.102,0.074,0.189,0.114,61,84.857,15.23,0.328,88,25,0.284
668709,"Soriano, José",SL,181,77,67.699,7.526,18.489,-14.1,33.367,0.16,0.21,0.061,42,83.664,16.31,0.294,90,24,0.267
668715,"Rea, Colin",CH,133,71,69.473,7.856,18.475,-15.382,30.262,0.113,0.068,0.068,49,78.976,8.204,0.32,79,26,0.329
668715,"Rea, Colin",CU,162,76,67.829,7.889,18.405,-19.383,29.44,0.148,0.16,0.049,48,79.508,6.125,0.194,88,29,0.33
668715,"Rea, Colin",FC,146,75,68.672,7.273,9.94,1.123,28.645,0.137,0.13,0.048,52,78.035,25.0,0.295,63,14,0.222
668715,"Rea, Colin",FF,808,374,69.291,6.89,7.635,7.083,26.509,0.095,0.208,0.059,266,82.749,35.323,0.305,312,52,0.167
668715,"Rea, Colin",SI,455,205,68.929,6.971,6.787,4.261,29.407,0.07,0.218,0.084,154,82.066,12.654,0.321,170,31,0.182
668715,"Rea, Colin",SL,355,187,69.308,7.8,15.744,-13.39,29.525,0.169,0.113,0.087,115,81.557,16.252,0.295,186,61,0.328
668715,"Rea, Colin",ST,178,75,67.95,7.641,16.018,-18.467,29.801,0.067,0.112,0.045,62,80.369,23.516,0.309,108,25,0.231
668800,"Gray, Sonny",FF,108,58,66.666,6.155,3.75,13.503,23.894,0.065,0.25,0.065,45,81.384,29.356,0.304,44,22,0.5
668804,"Singer, Brady",CH,421,195,70.68,7.266,16.995,-2.059,37.768,0.133,0.086,0.062,122,81.194,-3.582,0.279,238,54,0.227
668804,"Singer, Brady",CU,255,146,69.292,7.491,18.536,-10.368,37.811,0.227,0.11,0.059,76,82.962,-2.844,0.224,129,51,0.395
668804,"Singer, Brady",FC,192,97,72.041,6.546,10.315,6.954,37.279,0.12,0.141,0.109,67,84.894,7.627,0.421,94,21,0.223
668804,"Singer, Brady",FF,769,381,69.178,6.183,4.545,14.124,37.376,0.072,0.166,0.112,295,86.496,22.189,0.396,342,87,0.254
668804,"Singer, Brady",FS,108,47,70.326,7.419,17.432,-4.717,37.903,0.194,0.102,0.028,20,78.61,1.2,0.225,68,18,0.265
668804,"Singer, Brady",KC,58,30,67.219,7.352,17.006,-16.413,40.345,0.19,0.069,0.052,12,85.892,-4.75,0.163,39,15,0.385
668804,"Singer, Brady",SI,300,127,70.127,6.346,4.05,14.258,39.3,0.08,0.163,0.1,92,87.33,12.37,0.392,145,21,0.145
668804,"Singer, Brady",SL,329,179,70.927,7.299,17.049,-6.436,38.616,0.191,0.119,0.085,97,86.495,12.763,0.302,156,45,0.288
668804,"Singer, Brady",ST,176,86,68.822,7.182,15.798,-3.533,38.047,0.165,0.091,0.068,51,83.094,5.745,0.371,95,22,0.232
668885,"Mize, Casey",CH,96,41,63.403,7.189,16.949,-14.24,40.605,0.167,0.146,0.021,24,69.312,5.583,0.256,59,15,0.254
668885,"Mize, Casey",FC,64,31,63.037,6.557,7.349,-6.091,39.126,0.062,0.125,0.078,26,80.388,14.269,0.364,29,6,0.207
668885,"Mize, Casey",FF,243,103,64.118,6.269,2.128,2.066,38.023,0.025,0.177,0.119,88,84.444,23.17,0.415,111,16,0.144
668885,"Mize, Casey",SI,138,54,65.687,6.474,3.45,4.303,41.641,0.051,0.196,0.065,41,79.005,-7.488,0.393,72,15,0.208
668885,"Mize, Casey",SL,94,37,66.334,7.169,12.647,-6.472,40.748,0.117,0.213,0.032,25,70.64,-1.4,0.277,44,10,0.227
668901,"Sánchez, Cristopher",CH,170,94,70.47,8.046,18.839,-11.001,33.129,0.253,0.041,0.065,47,80.943,-7.085,0.338,122,54,0.443
668901,"Sánchez, Cristopher",CU,100,47,67.839,7.88,18.313,-10.415,33.195,0.17,0.19,0.09,25,81.804,-2.96,0.298,52,18,0.346
668901,"Sánchez, Cristopher",FC,117,61,71.085,7.415,13.753,5.946,31.06,0.188,0.154,0.111,35,85.374,17.657,0.365,54,17,0.315
668901,"Sánchez, Cristopher",FF,421,236,69.445,7.013,10.693,14.2,30.712,0.121,0.159,0.126,168,87.555,30.381,0.315,166,52,0.313
668901,"Sánchez, Cristopher",FS,53,30,68.297,7.91,16.574,-10.891,33.916,0.358,0.057,0.057,8,88.612,0.889,0.076,35,15,0.429
668901,"Sánchez, Cristopher",SI,324,156,68.972,7.101,8.725,13.031,32.433,0.077,0.194,0.139,122,86.395,12.074,0.343,146,44,0.301
668901,"Sánchez, Cristopher",SL,312,160,68.976,7.713,16.039,-4.008,31.322,0.179,0.122,0.087,90,83.862,14.473,0.349,163,48,0.294
668901,"Sánchez, Cristopher",ST,222,109,68.546,7.712,17.024,-5.587,32.446,0.158,0.122,0.09,68,82.613,22.897,0.302,117,31,0.265
668904,"Lopez, Jacob",CH,154,80,71.379,8.385,13.473,-14.69,31.515,0.169,0.091,0.065,50,82.58,11.04,0.216,96,34,0.354
668904,"Lopez, Jacob",CU,84,42,70.468,8.21,14.489,-14.838,29.864,0.095,0.143,0.083,30,84.387,10.833,0.38,48,16,0.333
668904,"Lopez, Jacob",FC,156,84,71.678,8.052,11.67,-5.414,27.991,0.096,0.154,0.096,64,82.686,21.781,0.21,77,26,0.338
668904,"Lopez, Jacob",FF,511,256,72.599,7.692,7.883,-1.341,27.586,0.135,0.17,0.088,162,85.475,34.401,0.3,216,58,0.269
668904,"Lopez, Jacob",FS,49,30,70.343,8.329,13.981,-16.115,28.982,0.224,0.082,0.082,17,78.065,7.529,0.274,28,13,0.464
668904,"Lopez, Jacob",SI,215,100,71.985,7.673,7.551,-1.371,29.237,0.056,0.274,0.163,83,88.059,8.361,0.37,90,32,0.356
668904,"Lopez, Jacob",SL,199,102,70.146,8.295,12.704,-10.032,29.36,0.116,0.141,0.09,68,83.079,11.853,0.339,98,25,0.255
668904,"Lopez, Jacob",ST,118,63,70.898,8.223,13.244,-13.571,28.733,0.136,0.102,0.076,47,78.383,22.213,0.287,66,22,0.333
668930,"Keller, Mitch",CH,249,112,68.804,7.238,11.791,-1.915,31.061,0.072,0.1,0.072,87,77.259,3.23,0.285,147,35,0.238
668930,"Keller, Mitch",CU,268,76,70.324,7.241,14.306,-2.194,32.563,0.063,0.25,0.045,56,80.587,4.263,0.199,152,28,0.184
668930,"Keller, Mitch",FC,155,92,68.656,6.563,3.994,10.189,31.377,0.071,0.129,0.181,77,85.929,19.117,0.528,55,15,0.273
668930,"Keller, Mitch",FF,1082,538,67.486,6.291,1.627,15.688,29.567,0.093,0.179,0.072,403,83.904,30.352,0.359,441,115,0.261
668930,"Keller, Mitch",FS,117,57,69.762,7.416,13.785,-1.863,32.722,0.145,0.043,0.094,35,84.017,14.029,0.227,76,22,0.289
668930,"Keller, Mitch",SI,391,160,66.465,6.251,-0.28,15.191,33.052,0.036,0.258,0.09,138,85.155,16.442,0.343,157,30,0.191
668930,"Keller, Mitch",SL,370,159,67.674,7.09,11.622,-0.025,32.128,0.135,0.151,0.092,100,83.64,12.29,0.318,202,57,0.282
668930,"Keller, Mitch",ST,214,76,64.416,7.027,10.384,-4.156,33.987,0.107,0.215,0.051,47,82.038,6.553,0.31,114,24,0.211
668939,"Berríos, José",CH,211,87,65.357,7.157,10.709,-1.856,34.126,0.081,0.128,0.081,65,80.28,12.738,0.268,128,32,0.25
668939,"Berríos, José",FC,133,70,69.831,6.855,9.974,-2.921,35.273,0.075,0.18,0.158,58,87.497,17.397,0.328,50,13,0.26
668939,"Berríos, José",FF,495,218,69.208,6.405,5.971,5.86,33.138,0.04,0.216,0.111,184,87.122,26.032,0.388,213,46,0.216
668939,"Berríos, José",SI,161,60,69.21,6.624,3.953,4.381,35.138,0.012,0.255,0.093,55,84.167,13.636,0.271,73,11,0.151
668939,"Berríos, José",SL,168,69,66.954,7.107,12.599,-6.666,35.495,0.095,0.22,0.054,48,82.554,14.833,0.329,84,21,0.25
668942,"Berríos, José",CH,108,51,65.708,7.892,17.686,-9.625,32.605,0.111,0.074,0.065,33,81.321,-4.324,0.255,62,13,0.21
668942,"Berríos, José",FF,303,143,66.832,6.749,5.398,7.619,31.597,0.089,0.172,0.079,101,85.898,31.108,0.286,127,22,0.173
668942,"Berríos, José",SI,108,55,67.188,7.004,5.909,8.376,32.343,0.046,0.157,0.102,45,84.607,17.556,0.272,40,4,0.1
668942,"Berríos, José",SL,64,33,66.49,7.481,13.982,-6.386,32.798,0.125,0.188,0.078,19,82.921,19.526,0.231,26,7,0.269
669003,"Hicks, Jordan",FF,87,42,73.11,7.026,8.99,14.322,30.944,0.126,0.218,0.103,29,84.872,23.759,0.313,34,7,0.206
669004,"Lively, Ben",FF,100,49,72.329,7.21,6.562,7.626,26.906,0.16,0.15,0.09,27,88.107,37.741,0.23,48,11,0.229
669016,"Ohtani, Shohei",CH,128,71,69.992,7.535,12.214,-5.37,37.177,0.102,0.117,0.102,54,81.313,-2.37,0.366,68,28,0.412
669016,"Ohtani, Shohei",CU,142,54,67.808,7.717,17.616,-10.906,42.642,0.148,0.169,0.049,31,82.903,3.742,0.306,93,27,0.29
669016,"Ohtani, Shohei",FC,115,51,70.54,6.988,9.549,-1.755,38.236,0.13,0.191,0.13,34,85.121,16.382,0.308,57,16,0.281
669016,"Ohtani, Shohei",FF,635,287,69.095,6.38,0.871,10.781,37.194,0.083,0.17,0.077,212,83.402,25.019,0.307,314,73,0.232
669016,"Ohtani, Shohei",FS,55,30,69.537,7.607,13.339,-4.501,38.183,0.164,0.036,0.055,15,82.493,15.333,0.302,32,9,0.281
669016,"Ohtani, Shohei",SI,225,104,69.708,6.554,0.183,8.948,38.209,0.04,0.218,0.147,89,85.962,8.483,0.415,94,25,0.266
669016,"Ohtani, Shohei",SL,280,138,69.171,7.575,14.627,-8.682,40.454,0.121,0.15,0.071,94,80.89,11.298,0.298,155,48,0.31
669016,"Ohtani, Shohei",ST,80,37,70.916,7.976,22.803,-16.493,39.855,0.138,0.212,0.1,25,82.912,11.72,0.381,36,14,0.389
669065,"Pfaadt, Brandon",CH,183,112,74.11,7.354,17.655,-7.979,34.539,0.219,0.033,0.142,62,84.897,7.855,0.363,109,46,0.422
669065,"Pfaadt, Brandon",CU,116,50,74.087,7.3,18.579,-13.747,35.501,0.147,0.147,0.078,29,83.803,-2.967,0.457,64,16,0.25
669065,"Pfaadt, Brandon",FC,161,87,73.299,6.426,9.275,5.474,33.631,0.137,0.13,0.099,54,84.065,19.37,0.48,63,14,0.222
669065,"Pfaadt, Brandon",FF,640,345,72.672,6.175,5.473,11.265,33.368,0.158,0.097,0.086,212,84.941,32.481,0.388,280,58,0.207
669065,"Pfaadt, Brandon",FS,68,39,73.313,7.244,16.992,-14.13,34.489,0.221,0.059,0.118,21,83.138,6.095,0.251,38,14,0.368
669065,"Pfaadt, Brandon",SI,194,103,72.972,6.154,3.965,11.363,35.487,0.119,0.144,0.098,75,82.489,11.893,0.325,93,30,0.323
669065,"Pfaadt, Brandon",SL,196,118,71.985,7.024,15.246,-6.022,34.568,0.194,0.046,0.128,70,85.357,13.714,0.362,102,34,0.333
669065,"Pfaadt, Brandon",ST,101,44,72.716,7.302,19.773,-13.401,34.378,0.109,0.069,0.109,31,83.232,15.194,0.358,64,14,0.219
669087,"Sánchez, Cristopher",FF,83,40,72.075,6.965,7.148,4.712,29.131,0.145,0.229,0.036,25,81.924,37.2,0.214,27,5,0.185
669127,"Brown, Hunter",CH,145,79,74.357,7.61,14.546,-11.005,32.426,0.145,0.041,0.09,53,81.847,7.057,0.359,89,33,0.371
669127,"Brown, Hunter",CU,96,49,72.526,7.677,15.59,-16.642,30.841,0.156,0.135,0.104,31,86.068,5.839,0.214,57,20,0.351
669127,"Brown, Hunter",FC,134,77,74.439,7.227,12.172,-3.729,30.919,0.082,0.097,0.119,56,85.23,32.107,0.351,63,18,0.286
669127,"Brown, Hunter",FF,632,329,72.093,6.677,7.469,9.041,28.199,0.111,0.169,0.092,223,85.774,33.451,0.36,285,88,0.309
669127,"Brown, Hunter",SI,302,159,72.759,6.794,6.032,4.406,32.182,0.066,0.162,0.166,132,87.208,9.402,0.419,127,39,0.307
669127,"Brown, Hunter",SL,316,167,72.443,7.511,13.958,-9.653,30.851,0.13,0.123,0.098,117,84.016,16.248,0.306,171,57,0.333
669127,"Brown, Hunter",ST,198,96,72.055,7.521,15.188,-10.471,29.476,0.162,0.116,0.056,57,78.514,21.474,0.149,117,35,0.299
669221,"Luzardo, Jesús",CH,107,55,71.87,8.561,20.278,-15.864,31.285,0.206,0.065,0.093,26,83.123,0.038,0.378,59,13,0.22
669221,"Luzardo, Jesús",CU,108,44,67.218,8.436,19.356,-18.87,30.692,0.139,0.222,0.028,28,74.557,-2.286,0.197,51,13,0.255
669221,"Luzardo, Jesús",FC,102,64,70.922,7.557,9.647,2.989,30.617,0.186,0.069,0.088,41,82.217,21.146,0.229,44,13,0.295
669221,"Luzardo, Jesús",FF,357,165,71.453,7.193,6.538,8.731,29.423,0.101,0.207,0.073,113,84.244,30.726,0.356,153,35,0.229
669221,"Luzardo, Jesús",SI,283,121,72.542,7.294,5.844,7.481,32.222,0.067,0.223,0.067,92,81.887,13.696,0.369,121,21,0.174
669221,"Luzardo, Jesús",SL,218,103,67.627,8.092,14.849,-8.927,31.604,0.202,0.128,0.05,54,79.72,6.426,0.273,121,34,0.281
669221,"Luzardo, Jesús",ST,120,64,69.551,8.278,16.755,-13.916,30.4,0.175,0.125,0.083,39,79.592,19.513,0.216,64,25,0.391
669224,"Crochet, Garrett",CH,222,106,71.478,8.036,14.736,-13.274,31.941,0.153,0.095,0.063,64,80.002,17.516,0.239,133,40,0.301
669224,"Crochet, Garrett",CU,113,60,71.319,7.893,13.605,-13.787,33.57,0.097,0.177,0.15,45,81.896,18.467,0.338,46,15,0.326
669224,"Crochet, Garrett",FC,162,81,71.227,7.463,9.317,-3.816,32.139,0.111,0.16,0.086,55,83.6,18.636,0.307,77,25,0.325
669224,"Crochet, Garrett",FF,565,305,72.411,7.027,4.079,6.724,29.665,0.101,0.136,0.101,232,85.047,37.073,0.358,238,56,0.235
669224,"Crochet, Garrett",FS,86,46,72.742,8.104,15.218,-17.452,32.477,0.198,0.093,0.07,29,82.603,21.552,0.136,52,19,0.365
669224,"Crochet, Garrett",SI,254,123,72.5,7.221,6.276,3.518,32.654,0.063,0.177,0.134,91,86.401,18.791,0.331,115,30,0.261
669224,"Crochet, Garrett",SL,301,146,71.159,8.051,16.155,-16.689,33.064,0.193,0.123,0.056,82,79.505,15.866,0.241,163,52,0.319
669224,"Crochet, Garrett",ST,146,72,67.621,7.687,13.117,-8.604,32.177,0.151,0.13,0.034,43,78.065,22.605,0.192,82,28,0.341
669234,"Cannon, Jonathan",FF,140,71,68.382,6.572,10.727,9.951,40.308,0.093,0.15,0.071,54,81.67,30.352,0.313,58,11,0.19
669234,"Cannon, Jonathan",SI,106,43,68.807,6.921,11.84,4.994,41.716,0.057,0.236,0.075,34,79.894,15.382,0.337,47,14,0.298
669234,"Cannon, Jonathan",SL,86,35,67.676,7.241,17.782,-4.366,40.712,0.163,0.186,0.023,17,85.324,20.588,0.317,45,7,0.156
669236,"Yamamoto, Yoshinobu",CH,62,33,71.382,8.097,18.61,-16.025,28.85,0.323,0.048,0.032,11,80.782,13.364,0.102,39,13,0.333
669236,"Yamamoto, Yoshinobu",FC,56,33,71.662,7.288,13.069,1.826,26.06,0.143,0.107,0.125,22,87.773,23.273,0.314,24,7,0.292
669236,"Yamamoto, Yoshinobu",FF,175,96,70.818,6.748,7.825,14.331,25.734,0.143,0.137,0.08,62,87.41,37.242,0.304,87,29,0.333
669236,"Yamamoto, Yoshinobu",SI,139,66,70.148,6.908,6.511,13.04,28.159,0.058,0.259,0.129,50,87.24,8.02,0.376,57,19,0.333
669236,"Yamamoto, Yoshinobu",SL,106,57,69.402,7.653,14.126,-6.553,27.404,0.198,0.132,0.066,34,82.729,7.676,0.212,59,23,0.39
669236,"Yamamoto, Yoshinobu",ST,100,56,66.884,7.562,14.094,-9.338,26.777,0.18,0.05,0.12,35,79.777,12.6,0.281,56,18,0.321
669242,"Sánchez, Cristopher",CH,255,111,70.509,7.305,13.041,-6.235,26.27,0.078,0.098,0.09,79,83.415,2.3,0.277,152,36,0.237
669242,"Sánchez, Cristopher",CU,119,55,68.813,7.407,13.48,-11.815,27.696,0.134,0.185,0.118,37,85.432,-3.486,0.33,68,26,0.382
669242,"Sánchez, Cristopher",FC,130,73,69.99,6.677,9.773,-3.162,25.891,0.1,0.146,0.123,55,82.518,16.855,0.369,54,20,0.37
669242,"Sánchez, Cristopher",FF,479,231,67.482,6.288,3.492,10.91,24.437,0.079,0.217,0.077,179,81.502,30.067,0.307,196,53,0.27
669242,"Sánchez, Cristopher",KC,60,33,69.491,7.364,12.664,-10.504,27.069,0.117,0.167,0.117,19,86.911,-7.263,0.153,30,14,0.467
669242,"Sánchez, Cristopher",SI,199,95,69.057,6.529,4.086,11.85,26.933,0.025,0.231,0.141,76,88.308,14.776,0.379,68,13,0.191
669242,"Sánchez, Cristopher",SL,140,84,71.054,7.209,12.346,-9.001,27.882,0.107,0.121,0.143,60,83.93,5.1,0.342,69,28,0.406
669242,"Sánchez, Cristopher",ST,93,38,71.218,7.508,14.97,-15.846,30.667,0.108,0.226,0.075,25,85.256,15.84,0.24,42,12,0.286
669257,"Peralta, Freddy",CH,161,57,67.827,7.718,15.41,-3.141,36.235,0.05,0.149,0.099,45,84.98,15.222,0.426,99,19,0.192
669257,"Peralta, Freddy",CU,146,39,65.189,7.616,15.766,-9.145,36.809,0.068,0.274,0.048,29,80.266,17.759,0.22,77,13,0.169
669257,"Peralta, Freddy",FC,152,64,68.707,7.25,11.686,0.559,32.466,0.053,0.217,0.039,50,80.708,36.7,0.363,65,11,0.169
669257,"Peralta, Freddy",FF,719,294,68.452,6.832,7.342,9.85,31.53,0.081,0.229,0.082,207,87.956,32.232,0.401,301,54,0.179
669257,"Peralta, Freddy",SI,303,136,69.484,6.982,8.376,4.709,34.371,0.043,0.251,0.142,116,89.287,17.638,0.357,119,32,0.269
669257,"Peralta, Freddy",SL,361,140,67.893,7.62,15.028,-5.542,35.263,0.091,0.163,0.078,100,83.222,22.79,0.374,188,34,0.181
669257,"Peralta, Freddy",ST,196,65,64.083,7.606,14.85,-4.745,35.457,0.117,0.143,0.02,36,77.269,23.139,0.363,128,27,0.211
669261,"Singer, Brady",CH,78,35,69.955,7.73,16.542,-2.941,34.817,0.128,0.115,0.077,21,85.729,16.409,0.318,45,10,0.222
669261,"Singer, Brady",FC,90,38,71.111,7.25,11.733,6.084,34.767,0.144,0.178,0.056,22,78.477,14.636,0.328,39,7,0.179
669261,"Singer, Brady",FF,253,98,71.201,6.799,8.237,14.09,33.425,0.115,0.182,0.071,61,86.675,32.23,0.356,108,13,0.12
669261,"Singer, Brady",SI,101,37,73.832,7.092,8.488,10.424,35.599,0.079,0.238,0.03,28,83.589,20.964,0.295,48,9,0.188
669261,"Singer, Brady",SL,118,60,74.743,7.819,18.251,-4.11,36.59,0.127,0.161,0.093,42,85.805,11.905,0.207,52,11,0.212
669288,"Pivetta, Nick",FF,81,50,69.31,6.841,7.044,-0.68,30.171,0.16,0.111,0.148,35,86.474,25.829,0.375,39,16,0.41
669289,"Rea, Colin",CH,94,41,68.738,7.885,10.502,-9.522,37.266,0.032,0.117,0.064,37,81.557,15.514,0.307,52,9,0.173
669289,"Rea, Colin",FC,82,36,64.678,7.049,4.193,4.435,32.362,0.037,0.207,0.037,30,78.17,25.7,0.208,41,13,0.317
669289,"Rea, Colin",FF,433,205,66.569,7.026,2.74,4.657,33.736,0.06,0.21,0.058,165,82.897,28.564,0.249,185,50,0.27
669289,"Rea, Colin",SI,226,106,65.524,6.913,-0.346,0.925,36.324,0.027,0.204,0.102,91,81.82,1.319,0.339,103,31,0.301
669289,"Rea, Colin",SL,229,106,65.326,7.702,9.144,-8.979,35.105,0.087,0.175,0.052,77,78.256,18.935,0.198,115,27,0.235
669289,"Rea, Colin",ST,99,42,65.117,7.462,9.492,-11.684,33.843,0.071,0.141,0.04,32,79.219,21.625,0.23,52,7,0.135
669326,"Bowlan, Jonathan",FF,198,134,66.658,6.011,3.515,12.354,31.442,0.227,0.076,0.061,75,76.608,27.547,0.222,70,20,0.286
669326,"Bowlan, Jonathan",SI,75,44,67.045,6.218,2.898,9.817,35.933,0.133,0.093,0.04,27,71.593,-1.185,0.368,33,10,0.303
669326,"Bowlan, Jonathan",SL,86,54,65.913,6.954,15.558,-8.332,32.516,0.221,0.058,0.047,34,75.038,4.853,0.153,46,23,0.5
669357,"Singer, Brady",CH,168,94,71.739,8.039,20.182,-8.081,33.708,0.179,0.083,0.06,54,79.9,9.778,0.259,91,32,0.352
669357,"Singer, Brady",CU,108,49,68.14,7.84,20.225,-10.692,34.355,0.157,0.213,0.074,30,86.97,19.452,0.256,58,22,0.379
669357,"Singer, Brady",FC,117,62,73.386,7.41,16.222,-2.513,35.952,0.12,0.171,0.145,45,89.098,25.378,0.308,56,21,0.375
669357,"Singer, Brady",FF,665,308,71.415,7.047,7.662,7.976,32.659,0.123,0.141,0.059,195,84.404,35.267,0.33,295,47,0.159
669357,"Singer, Brady",SI,188,71,69.74,6.991,9.358,10.17,35.593,0.09,0.266,0.053,48,81.779,19.755,0.406,80,19,0.238
669357,"Singer, Brady",SL,212,102,68.923,7.871,19.084,-9.45,35.754,0.179,0.127,0.066,59,79.92,11.712,0.268,118,40,0.339
669357,"Singer, Brady",ST,104,49,66.292,7.994,21.37,-14.864,35.471,0.192,0.173,0.038,25,79.164,23.0,0.272,56,20,0.357
669364,"Parker, Mitchell",CH,288,139,64.798,6.841,7.384,-5.391,30.808,0.087,0.045,0.042,104,73.765,13.798,0.241,194,60,0.309
669364,"Parker, Mitchell",CU,156,63,64.144,6.829,7.131,-7.752,32.825,0.077,0.173,0.032,50,77.032,4.26,0.325,89,28,0.315
669364,"Parker, Mitchell",FC,141,79,64.076,5.993,2.016,1.689,33.124,0.014,0.135,0.113,70,79.691,14.071,0.359,60,23,0.383
669364,"Parker, Mitchell",FF,883,421,62.462,5.722,-2.997,6.073,29.969,0.05,0.161,0.063,351,79.619,25.48,0.302,383,76,0.198
669364,"Parker, Mitchell",FS,101,43,61.566,6.69,7.031,-1.375,31.488,0.109,0.079,0.03,30,77.743,7.433,0.171,66,18,0.273
669364,"Parker, Mitchell",SI,344,163,64.71,5.992,-3.092,8.85,31.883,0.009,0.218,0.09,152,82.887,11.392,0.287,120,24,0.2
669364,"Parker, Mitchell",SL,172,99,65.026,6.618,3.738,-4.221,34.398,0.058,0.14,0.076,84,77.505,21.083,0.311,72,23,0.319
669364,"Parker, Mitchell",ST,113,44,65.167,6.719,5.374,-7.214,35.223,0.035,0.248,0.053,39,79.236,18.615,0.383,59,13,0.22
669369,"Gore, MacKenzie",FF,107,50,60.845,6.286,-1.545,-1.411,35.207,0.14,0.224,0.056,31,73.539,23.581,0.301,48,12,0.25
669394,"Valdez, Framber",CH,109,58,74.765,7.963,12.231,-14.108,26.72,0.183,0.11,0.147,35,90.14,18.543,0.332,61,23,0.377
669394,"Valdez, Framber",CU,68,30,74.39,7.852,13.325,-17.574,25.792,0.103,0.132,0.118,22,87.927,17.591,0.227,34,6,0.176
669394,"Valdez, Framber",FC,99,42,73.663,7.254,6.769,0.105,23.345,0.081,0.192,0.061,33,79.9,25.0,0.398,47,8,0.17
669394,"Valdez, Framber",FF,316,185,72.587,6.736,1.897,10.939,21.514,0.161,0.142,0.101,123,84.296,34.309,0.324,170,78,0.459
669394,"Valdez, Framber",FS,42,33,74.566,7.947,13.106,-13.928,27.553,0.214,0.0,0.095,18,83.167,-2.444,0.29,21,12,0.571
669394,"Valdez, Framber",SI,247,135,73.607,6.889,0.71,9.141,26.994,0.053,0.231,0.182,114,84.896,16.877,0.394,97,36,0.371
669394,"Valdez, Framber",SL,233,134,73.039,7.697,10.155,-8.941,25.21,0.219,0.094,0.103,78,83.95,8.013,0.28,124,46,0.371
669394,"Valdez, Framber",ST,154,83,71.268,7.941,14.137,-16.399,25.44,0.234,0.117,0.052,46,80.257,19.978,0.235,98,44,0.449
669397,"Peterson, David",CH,89,54,60.909,6.572,11.571,-9.935,33.275,0.101,0.056,0.067,40,78.03,9.075,0.232,43,15,0.349
669397,"Peterson, David",CU,106,43,56.184,6.2,7.117,-16.574,30.277,0.085,0.16,0.028,31,73.465,1.871,0.138,55,12,0.218
669397,"Peterson, David",FC,97,43,59.578,5.946,4.826,10.949,28.768,0.103,0.155,0.031,31,72.942,24.613,0.27,49,10,0.204
669397,"Peterson, David",FF,498,238,61.095,5.808,2.649,10.985,29.737,0.082,0.151,0.038,175,80.254,30.229,0.259,228,42,0.184
669397,"Peterson, David",SI,380,166,59.36,5.622,-2.91,11.778,33.749,0.034,0.266,0.068,138,80.9,12.0,0.311,145,34,0.234
669397,"Peterson, David",SL,239,119,62.093,6.646,11.954,-6.59,30.606,0.142,0.172,0.029,80,76.904,11.7,0.26,113,37,0.327
669397,"Peterson, David",ST,124,59,62.481,6.762,12.085,-11.841,30.308,0.137,0.105,0.032,39,75.744,24.949,0.187,67,15,0.224
669450,"Suarez, Ranger",FF,160,62,69.107,6.574,5.549,8.934,26.972,0.081,0.175,0.05,47,82.977,32.936,0.314,82,11,0.134
669477,"Yamamoto, Yoshinobu",CH,118,66,72.571,8.117,16.992,-15.644,35.954,0.178,0.025,0.059,42,77.983,9.071,0.365,82,33,0.402
669477,"Yamamoto, Yoshinobu",CU,99,48,69.418,7.716,16.006,-11.59,34.99,0.111,0.162,0.081,34,79.653,13.0,0.259,55,19,0.345
669477,"Yamamoto, Yoshinobu",FC,93,43,72.59,7.505,12.679,-8.156,33.139,0.086,0.194,0.14,33,87.309,22.273,0.366,43,10,0.233
669477,"Yamamoto, Yoshinobu",FF,368,197,69.317,6.823,3.057,4.587,33.637,0.098,0.128,0.106,149,84.871,32.342,0.344,157,35,0.223
669477,"Yamamoto, Yoshinobu",SI,204,106,68.533,6.975,4.338,3.483,36.073,0.064,0.181,0.123,80,85.856,15.6,0.365,93,30,0.323
669477,"Yamamoto, Yoshinobu",SL,244,123,68.505,7.822,14.256,-13.402,35.619,0.18,0.143,0.082,74,84.364,18.378,0.279,134,47,0.351
669477,"Yamamoto, Yoshinobu",ST,122,60,68.843,7.748,16.291,-15.262,34.749,0.189,0.164,0.057,36,77.408,27.944,0.329,63,19,0.302
669701,"Castillo, Luis",CH,275,121,68.941,7.117,10.603,-5.003,36.746,0.084,0.142,0.058,91,83.985,11.945,0.263,154,41,0.266
669701,"Castillo, Luis",CU,156,73,66.93,7.081,13.64,-8.068,38.517,0.109,0.218,0.071,46,77.128,-3.174,0.29,73,24,0.329
669701,"Castillo, Luis",FC,150,54,68.404,6.648,8.273,-2.392,37.614,0.067,0.207,0.053,39,79.387,8.641,0.283,81,19,0.235
669701,"Castillo, Luis",FF,831,392,66.351,6.089,1.316,6.682,35.345,0.06,0.181,0.055,319,80.058,28.341,0.343,338,74,0.219
669701,"Castillo, Luis",FS,89,44,67.382,7.07,10.606,-3.446,37.016,0.124,0.112,0.067,31,82.958,-2.29,0.232,55,20,0.364
669701,"Castillo, Luis",SI,301,126,67.2,6.264,0.756,6.919,37.585,0.05,0.203,0.066,98,80.215,2.6,0.362,133,22,0.165
669701,"Castillo, Luis",SL,250,119,66.039,7.075,14.867,-10.605,36.627,0.12,0.16,0.088,83,82.429,18.94,0.293,125,40,0.32
669701,"Castillo, Luis",ST,159,69,65.096,6.943,12.62,-8.241,38.005,0.138,0.201,0.063,44,83.023,21.545,0.285,71,19,0.268
669707,"Boyd, Matthew",CH,105,56,68.27,8.084,12.181,-15.043,40.649,0.143,0.086,0.057,35,78.951,12.257,0.202,61,21,0.344
669707,"Boyd, Matthew",CU,96,44,62.798,7.728,11.76,-11.193,39.716,0.125,0.146,0.094,30,81.887,11.3,0.349,52,14,0.269
669707,"Boyd, Matthew",FC,91,42,68.613,7.349,5.368,-2.752,38.306,0.055,0.154,0.044,35,74.734,11.057,0.236,45,10,0.222
669707,"Boyd, Matthew",FF,503,247,68.331,7.146,3.416,7.302,35.702,0.056,0.181,0.087,206,82.563,28.35,0.339,208,40,0.192
669707,"Boyd, Matthew",SI,241,106,69.168,7.289,1.209,1.919,39.806,0.054,0.266,0.104,82,82.841,8.671,0.381,93,18,0.194
669707,"Boyd, Matthew",SL,249,101,67.623,8.043,11.414,-5.829,37.378,0.141,0.157,0.06,57,82.447,10.491,0.33,142,30,0.211
669707,"Boyd, Matthew",ST,107,45,66.555,8.205,15.168,-13.174,37.45,0.159,0.112,0.037,27,78.185,11.074,0.158,69,18,0.261
669717,"Rodón, Carlos",FF,103,58,71.275,6.671,8.177,5.232,30.065,0.097,0.068,0.068,39,79.641,38.667,0.278,50,11,0.22
669717,"Rodón, Carlos",SI,56,37,71.403,6.803,9.075,4.156,31.637,0.071,0.143,0.107,28,78.329,16.964,0.262,23,12,0.522
669717,"Rodón, Carlos",SL,70,37,68.972,7.578,18.926,-17.744,34.719,0.286,0.129,0.029,14,72.707,19.5,0.089,40,15,0.375
669720,"Pallante, Andre",CH,142,83,71.146,7.484,17.748,-14.954,32.153,0.218,0.049,0.085,44,80.439,5.25,0.274,78,27,0.346
669720,"Pallante, Andre",CU,98,49,67.088,7.276,16.956,-15.028,32.509,0.184,0.102,0.051,25,82.588,5.44,0.263,61,24,0.393
669720,"Pallante, Andre",FC,117,59,70.86,6.988,12.914,-1.625,30.794,0.094,0.162,0.103,41,84.649,19.61,0.364,51,11,0.216
669720,"Pallante, Andre",FF,351,185,69.756,6.581,9.806,8.997,28.639,0.097,0.188,0.1,140,84.606,30.593,0.347,179,68,0.38
669720,"Pallante, Andre",SI,267,139,70.768,6.69,9.827,2.517,31.973,0.071,0.169,0.09,107,83.875,6.925,0.381,123,45,0.366
669720,"Pallante, Andre",SL,323,171,69.223,7.238,15.8,-8.939,31.334,0.245,0.102,0.059,82,82.788,6.659,0.236,167,56,0.335
669720,"Pallante, Andre",ST,173,78,68.391,7.158,16.927,-14.124,30.153,0.185,0.15,0.04,43,80.072,13.674,0.197,95,28,0.295
669743,"Sánchez, Cristopher",CH,101,40,63.81,7.172,13.084,-1.023,34.288,0.119,0.109,0.04,25,74.724,-4.32,0.311,66,15,0.227
669743,"Sánchez, Cristopher",FF,538,219,62.183,5.948,1.594,17.388,32.332,0.065,0.251,0.045,168,81.139,28.482,0.352,192,17,0.089
669743,"Sánchez, Cristopher",SI,287,91,61.474,6.018,0.486,9.251,37.322,0.024,0.272,0.056,78,81.868,12.051,0.363,126,20,0.159
669743,"Sánchez, Cristopher",SL,165,68,62.597,6.729,8.029,7.573,34.462,0.073,0.2,0.091,55,83.882,11.291,0.33,82,20,0.244
669911,"Sánchez, Cristopher",CH,197,90,71.542,8.274,22.627,-13.847,36.62,0.239,0.086,0.056,34,82.444,8.765,0.244,126,38,0.302
669911,"Sánchez, Cristopher",CU,141,62,68.302,8.392,21.387,-18.451,37.678,0.199,0.199,0.064,26,87.565,1.074,0.269,90,37,0.411
669911,"Sánchez, Cristopher",FC,92,47,72.965,7.613,16.859,-7.636,38.425,0.13,0.196,0.098,31,83.174,19.032,0.462,45,17,0.378
669911,"Sánchez, Cristopher",FF,501,272,71.36,6.812,6.767,10.76,34.153,0.142,0.122,0.066,185,83.342,31.811,0.28,206,46,0.223
669911,"Sánchez, Cristopher",FS,55,31,71.023,8.327,23.123,-12.18,37.356,0.309,0.055,0.018,14,80.543,-5.357,0.105,42,21,0.5
669911,"Sánchez, Cristopher",SI,103,48,72.323,6.97,5.029,11.624,35.286,0.078,0.214,0.117,37,86.135,22.108,0.398,39,7,0.179
669911,"Sánchez, Cristopher",SL,155,73,71.139,8.328,23.959,-19.021,37.556,0.213,0.206,0.058,36,82.908,17.528,0.211,74,28,0.378
670042,"Rocker, Kumar",CH,112,66,73.297,7.632,19.872,-12.708,32.215,0.339,0.062,0.071,26,84.912,11.115,0.283,67,28,0.418
670042,"Rocker, Kumar",FC,64,37,69.359,6.786,12.71,-5.79,33.139,0.266,0.031,0.078,18,81.133,10.944,0.238,31,7,0.226
670042,"Rocker, Kumar",FF,274,159,71.635,6.463,8.762,9.354,30.484,0.19,0.106,0.077,95,82.656,26.274,0.332,109,25,0.229
670042,"Rocker, Kumar",SI,92,43,74.505,6.66,7.359,10.148,31.767,0.076,0.12,0.12,32,86.291,16.625,0.427,48,11,0.229
670042,"Rocker, Kumar",SL,117,68,71.891,7.452,19.05,-11.502,32.517,0.222,0.034,0.077,34,80.126,3.441,0.294,59,17,0.288
670092,"Martinez, Nick",FF,60,31,64.768,6.871,10.411,3.358,30.286,0.017,0.133,0.1,27,82.274,39.111,0.263,29,8,0.276
670097,"Cecconi, Slade",FF,103,42,64.084,6.377,7.509,9.736,31.916,0.126,0.252,0.049,24,74.721,30.25,0.172,48,10,0.208
670156,"Kochanowicz, Jack",CH,86,31,63.116,6.59,4.832,-10.022,33.226,0.081,0.105,0.0,22,71.932,2.636,0.263,54,10,0.185
670156,"Kochanowicz, Jack",FF,222,100,65.985,6.237,4.112,4.935,31.056,0.032,0.248,0.126,89,86.57,20.101,0.359,85,20,0.235
670156,"Kochanowicz, Jack",SI,109,39,65.189,6.234,2.85,3.518,34.179,0.018,0.303,0.046,35,81.7,6.457,0.312,39,6,0.154
670156,"Kochanowicz, Jack",SL,97,38,66.997,7.127,13.863,-12.387,33.335,0.186,0.196,0.031,19,73.921,4.632,0.258,46,8,0.174
670223,"Senga, Kodai",CH,89,52,71.798,8.675,23.157,-19.12,34.421,0.27,0.079,0.056,23,77.152,7.435,0.189,60,31,0.517
670223,"Senga, Kodai",FF,191,109,73.479,7.788,14.592,-1.915,31.642,0.188,0.136,0.11,60,85.893,40.467,0.212,63,11,0.175
670224,"Warren, Will",CH,134,71,72.39,8.469,19.92,-18.381,38.795,0.216,0.075,0.06,38,76.376,1.053,0.164,86,31,0.36
670224,"Warren, Will",FC,73,35,71.697,7.438,10.292,-4.224,35.965,0.192,0.164,0.041,19,78.732,22.211,0.195,36,14,0.389
670224,"Warren, Will",FF,268,134,71.835,7.155,5.263,4.036,34.535,0.127,0.198,0.082,93,83.075,30.871,0.304,94,21,0.223
670224,"Warren, Will",SI,126,63,70.99,7.455,5.399,0.525,37.154,0.103,0.19,0.048,46,79.946,9.826,0.296,52,15,0.288
670224,"Warren, Will",SL,115,50,65.3,7.825,12.358,-15.379,39.16,0.2,0.165,0.035,24,81.471,6.917,0.276,67,25,0.373
670231,"Leiter, Jack",CH,93,41,69.585,7.512,11.896,-12.578,27.392,0.129,0.118,0.065,25,80.224,-0.48,0.184,55,13,0.236
670231,"Leiter, Jack",FC,89,35,73.253,7.171,10.872,0.542,24.341,0.079,0.18,0.079,25,84.648,17.24,0.329,40,7,0.175
670231,"Leiter, Jack",FF,225,110,71.344,6.716,7.74,8.469,23.613,0.089,0.204,0.089,75,83.675,29.093,0.416,87,23,0.264
670231,"Leiter, Jack",SL,96,45,69.764,7.484,11.458,-7.275,25.951,0.135,0.156,0.073,31,81.09,7.548,0.219,44,12,0.273
670242,"Mize, Casey",CH,136,63,74.369,7.916,16.411,-14.706,29.606,0.14,0.066,0.074,37,83.53,5.595,0.272,99,38,0.384
670242,"Mize, Casey",CU,127,64,72.838,7.933,18.545,-21.978,28.109,0.197,0.102,0.063,33,82.964,8.727,0.271,76,28,0.368
670242,"Mize, Casey",FC,107,54,74.679,7.191,9.514,-0.412,27.375,0.196,0.131,0.065,29,85.641,18.966,0.362,47,8,0.17
670242,"Mize, Casey",FF,623,327,74.697,6.886,7.494,5.396,27.01,0.162,0.13,0.08,200,84.77,30.06,0.345,244,45,0.184
670242,"Mize, Casey",FS,75,37,75.692,8.011,18.401,-16.969,27.334,0.267,0.067,0.053,15,84.273,18.0,0.299,53,20,0.377
670242,"Mize, Casey",SI,199,89,74.871,7.048,8.717,3.378,30.544,0.106,0.171,0.06,59,80.364,10.966,0.298,91,26,0.286
670242,"Mize, Casey",SL,160,77,75.355,7.765,15.381,-13.99,28.76,0.162,0.081,0.112,46,85.907,13.543,0.362,89,22,0.247
670242,"Mize, Casey",ST,82,50,71.706,7.769,15.511,-14.338,28.294,0.22,0.122,0.122,31,85.529,25.806,0.397,44,22,0.5
670541,"Gausman, Kevin",CH,92,46,76.189,8.343,17.306,-11.703,38.235,0.141,0.054,0.12,30,87.043,29.6,0.586,63,22,0.349
670541,"Gausman, Kevin",FC,91,39,74.392,7.323,6.081,0.962,35.575,0.132,0.187,0.088,27,82.222,16.963,0.282,45,10,0.222
670541,"Gausman, Kevin",FF,285,121,74.294,7.097,2.241,4.608,34.134,0.035,0.172,0.088,105,84.807,33.324,0.397,138,22,0.159
670541,"Gausman, Kevin",SI,85,38,74.976,7.081,0.063,0.918,38.802,0.024,0.165,0.176,35,88.729,11.257,0.454,41,11,0.268
670541,"Gausman, Kevin",SL,111,58,75.159,8.274,17.02,-13.686,37.798,0.189,0.153,0.117,33,89.515,16.424,0.415,63,26,0.413
670623,"Castillo, Luis",CH,164,75,67.684,8.272,17.152,-24.56,35.314,0.116,0.104,0.061,52,79.862,20.596,0.262,96,25,0.26
670623,"Castillo, Luis",CU,100,35,68.125,8.197,21.527,-28.073,32.725,0.06,0.12,0.02,28,78.1,23.107,0.264,63,8,0.127
670623,"Castillo, Luis",FC,149,50,66.761,7.996,16.856,-15.031,30.243,0.054,0.262,0.047,36,83.069,31.865,0.329,70,10,0.143
670623,"Castillo, Luis",FF,532,234,66.62,7.624,12.602,-5.093,29.687,0.041,0.212,0.088,192,84.672,35.51,0.357,242,57,0.236
670623,"Castillo, Luis",SI,401,166,69.38,7.877,11.786,-8.742,34.239,0.022,0.264,0.165,147,89.271,19.581,0.335,164,33,0.201
670623,"Castillo, Luis",SL,348,131,65.383,8.056,15.333,-18.104,33.027,0.08,0.178,0.055,101,79.612,14.089,0.305,194,40,0.206
670623,"Castillo, Luis",ST,172,66,67.58,8.125,16.15,-18.843,33.385,0.076,0.128,0.047,50,79.258,22.44,0.317,108,22,0.204
670764,"Warren, Will",CH,142,64,64.025,7.271,14.328,-8.227,36.969,0.092,0.106,0.063,44,78.368,3.136,0.238,83,25,0.301
670764,"Warren, Will",FC,134,61,69.818,7.005,11.237,1.691,34.502,0.075,0.216,0.082,46,81.063,15.978,0.317,47,11,0.234
670764,"Warren, Will",FF,471,226,65.478,6.429,5.748,8.074,33.65,0.085,0.178,0.053,159,81.948,30.0,0.218,183,34,0.186
670764,"Warren, Will",FS,58,37,63.45,7.197,14.325,-15.945,36.068,0.19,0.069,0.034,23,74.152,-0.652,0.218,26,11,0.423
670764,"Warren, Will",SI,177,81,64.435,6.445,4.435,4.897,35.795,0.062,0.192,0.079,64,81.097,15.328,0.324,68,11,0.162
670764,"Warren, Will",SL,132,47,63.821,6.858,11.239,-6.557,37.583,0.053,0.167,0.03,36,78.972,7.5,0.312,65,9,0.138
670770,"Pallante, Andre",CH,258,111,67.989,6.998,12.479,-18.061,30.068,0.136,0.116,0.05,70,78.286,1.086,0.229,148,31,0.209
670770,"Pallante, Andre",CU,217,70,68.151,7.167,14.307,-18.247,29.791,0.106,0.217,0.055,42,83.605,4.429,0.233,116,21,0.181
670770,"Pallante, Andre",FC,169,71,69.917,6.569,8.811,-5.199,27.218,0.03,0.237,0.107,64,81.689,11.0,0.39,65,10,0.154
670770,"Pallante, Andre",FF,1000,390,65.935,6.136,3.183,3.251,27.724,0.03,0.224,0.073,339,81.556,30.735,0.344,450,72,0.16
670770,"Pallante, Andre",FS,98,42,66.242,6.765,8.576,-21.015,31.438,0.122,0.041,0.051,28,79.725,-1.75,0.168,62,12,0.194
670770,"Pallante, Andre",SI,433,164,64.914,6.048,0.416,-0.378,30.395,0.018,0.247,0.083,150,81.005,6.167,0.313,156,20,0.128
670770,"Pallante, Andre",SL,293,107,67.268,6.88,10.678,-11.937,30.38,0.116,0.177,0.089,70,82.576,15.086,0.302,160,29,0.181
670770,"Pallante, Andre",ST,153,63,66.818,6.906,11.985,-17.835,29.862,0.124,0.209,0.033,41,77.354,6.732,0.197,77,21,0.273
671056,"Rea, Colin",CH,169,71,71.875,8.153,12.835,-8.145,34.183,0.148,0.089,0.059,37,80.446,-1.838,0.26,102,21,0.206
671056,"Rea, Colin",CU,115,45,72.972,8.195,14.687,-9.074,35.137,0.113,0.183,0.096,29,88.793,4.931,0.307,61,15,0.246
671056,"Rea, Colin",FC,116,57,73.176,7.74,6.993,1.672,30.851,0.103,0.216,0.121,42,86.783,15.0,0.475,50,17,0.34
671056,"Rea, Colin",FF,544,250,71.633,7.31,3.154,9.829,29.699,0.057,0.169,0.101,204,85.738,24.216,0.358,247,49,0.198
671056,"Rea, Colin",SI,350,146,73.612,7.544,5.183,5.281,33.366,0.051,0.266,0.103,118,85.833,5.585,0.377,143,34,0.238
671056,"Rea, Colin",SL,299,144,72.668,8.098,11.271,-4.315,32.527,0.147,0.117,0.094,94,84.717,2.915,0.42,166,49,0.295
671056,"Rea, Colin",ST,139,67,71.195,7.945,11.41,-4.92,31.652,0.158,0.115,0.094,41,86.256,19.429,0.375,77,24,0.312
671213,"Berríos, José",CH,62,34,75.453,8.297,19.29,-10.422,36.954,0.242,0.032,0.097,17,84.341,14.941,0.27,35,10,0.286
671213,"Berríos, José",FF,132,65,73.642,7.505,9.566,4.307,34.963,0.098,0.159,0.129,47,86.623,24.787,0.353,58,15,0.259
671218,"Pivetta, Nick",CH,208,102,75.134,7.439,12.253,-7.364,32.385,0.12,0.062,0.091,67,85.875,11.448,0.253,136,44,0.324
671218,"Pivetta, Nick",CU,155,74,74.26,7.458,12.284,-10.365,30.906,0.142,0.206,0.097,47,85.343,2.787,0.266,75,22,0.293
671218,"Pivetta, Nick",FC,182,85,72.594,6.563,2.818,7.009,31.201,0.082,0.143,0.077,66,83.579,20.03,0.394,96,28,0.292
671218,"Pivetta, Nick",FF,898,427,70.964,6.23,1.263,10.898,30.546,0.105,0.18,0.073,277,84.293,31.422,0.315,435,123,0.283
671218,"Pivetta, Nick",SI,472,208,70.218,6.251,-0.475,12.275,33.115,0.034,0.237,0.108,175,84.229,5.994,0.394,217,68,0.313
671218,"Pivetta, Nick",SL,395,208,73.351,7.168,8.67,-2.994,31.342,0.147,0.139,0.127,145,86.643,21.8,0.27,197,58,0.294
671218,"Pivetta, Nick",ST,237,121,73.038,7.153,9.798,-5.291,30.991,0.127,0.156,0.097,84,83.06,26.893,0.347,120,40,0.333
671221,"Baz, Shane",CH,136,95,68.96,7.038,14.54,-1.416,42.178,0.272,0.044,0.059,52,76.95,7.058,0.232,82,49,0.598
671221,"Baz, Shane",FC,75,46,70.011,6.205,3.845,10.568,42.436,0.213,0.147,0.013,30,76.267,7.633,0.211,34,16,0.471
671221,"Baz, Shane",FF,276,153,70.295,6.037,2.583,13.609,40.858,0.149,0.12,0.058,105,80.191,22.585,0.343,111,23,0.207
671221,"Baz, Shane",SL,88,41,67.885,6.593,9.953,-6.366,43.291,0.114,0.102,0.068,26,79.481,4.346,0.217,49,12,0.245
671277,"Senga, Kodai",CH,220,116,69.574,7.594,11.213,-4.772,28.984,0.127,0.068,0.086,77,81.606,15.195,0.31,145,55,0.379
671277,"Senga, Kodai",CU,193,112,68.944,7.515,12.676,-7.351,30.139,0.114,0.098,0.124,81,86.463,4.605,0.287,105,45,0.429
671277,"Senga, Kodai",FC,119,62,71.489,7.079,9.121,0.248,28.064,0.05,0.193,0.176,54,86.567,12.241,0.452,50,16,0.32
671277,"Senga, Kodai",FF,465,222,70.579,6.784,4.547,8.298,25.62,0.06,0.239,0.101,177,84.358,30.418,0.409,197,62,0.315
671277,"Senga, Kodai",FS,105,59,69.781,7.657,11.656,-4.19,29.105,0.124,0.095,0.095,43,79.528,-1.302,0.284,64,28,0.438
671277,"Senga, Kodai",SI,274,151,71.768,7.114,8.325,3.394,28.449,0.058,0.161,0.142,124,84.918,8.823,0.318,128,43,0.336
671277,"Senga, Kodai",SL,283,162,70.066,7.664,13.304,-10.167,30.097,0.191,0.085,0.11,98,83.837,12.745,0.31,165,69,0.418
671277,"Senga, Kodai",ST,104,58,70.17,7.656,13.636,-8.707,30.182,0.096,0.067,0.115,45,82.553,16.867,0.316,62,22,0.355
671284,"Rea, Colin",FF,74,36,72.506,7.158,1.815,18.373,33.424,0.095,0.176,0.054,24,81.913,21.333,0.224,31,4,0.129
671286,"Skubal, Tarik",CH,65,36,76.894,8.756,16.553,-16.92,31.779,0.292,0.092,0.077,15,82.993,11.2,0.273,42,20,0.476
671286,"Skubal, Tarik",FF,71,34,76.247,7.291,-0.845,15.112,30.029,0.099,0.197,0.113,24,88.212,20.417,0.315,27,4,0.148
671289,"Gallen, Zac",CH,93,44,69.135,7.398,9.854,-11.255,36.099,0.075,0.086,0.118,34,85.229,9.029,0.25,53,14,0.264
671289,"Gallen, Zac",FC,119,44,69.119,6.656,-0.057,0.88,35.012,0.034,0.193,0.059,36,79.717,22.861,0.282,58,9,0.155
671289,"Gallen, Zac",FF,524,250,68.359,6.43,-2.377,5.345,34.858,0.034,0.189,0.086,220,82.083,24.732,0.354,219,48,0.219
671289,"Gallen, Zac",SI,374,174,69.069,6.404,-4.155,8.219,37.029,0.021,0.209,0.118,154,84.649,2.877,0.354,151,34,0.225
671289,"Gallen, Zac",SL,288,132,68.162,7.208,5.64,-3.678,34.234,0.118,0.156,0.066,89,81.989,7.573,0.271,171,60,0.351
671289,"Gallen, Zac",ST,118,54,67.756,7.035,3.722,-11.797,36.978,0.042,0.127,0.136,46,83.378,24.326,0.332,64,16,0.25
671655,"Flaherty, Jack",FF,89,33,71.082,5.991,-0.78,16.307,24.716,0.09,0.247,0.079,24,88.95,25.5,0.397,38,7,0.184
671732,"deGrom, Jacob",CH,391,201,74.003,7.712,12.846,-8.938,30.97,0.192,0.087,0.054,113,78.959,5.929,0.269,221,64,0.29
671732,"deGrom, Jacob",CU,147,42,69.478,7.695,13.88,-14.277,31.517,0.116,0.231,0.075,21,88.295,11.524,0.367,88,19,0.216
671732,"deGrom, Jacob",FC,140,65,72.875,6.892,6.388,3.668,31.106,0.064,0.121,0.121,52,82.692,16.654,0.322,73,19,0.26
671732,"deGrom, Jacob",FF,857,453,71.1,6.427,1.15,14.157,28.874,0.133,0.123,0.074,305,84.591,28.056,0.316,377,91,0.241
671732,"deGrom, Jacob",FS,148,69,72.685,7.749,12.125,-10.252,32.716,0.223,0.068,0.061,31,81.716,10.097,0.317,94,27,0.287
671732,"deGrom, Jacob",SI,314,128,71.683,6.581,-0.263,12.888,30.92,0.064,0.239,0.105,102,84.751,6.882,0.318,138,35,0.254
671732,"deGrom, Jacob",SL,303,140,69.804,7.414,10.748,-5.475,30.903,0.165,0.149,0.076,83,81.781,12.687,0.344,158,48,0.304
671732,"deGrom, Jacob",ST,137,46,68.527,7.584,14.083,-14.234,29.832,0.19,0.175,0.029,18,79.611,15.444,0.18,73,15,0.205
671739,"Alcantara, Sandy",CH,252,145,73.311,8.537,10.659,-7.373,31.706,0.143,0.06,0.071,99,77.645,-2.273,0.291,172,83,0.483
671739,"Alcantara, Sandy",CU,156,83,71.89,8.501,11.879,-18.267,33.388,0.167,0.122,0.147,50,88.0,2.9,0.385,91,39,0.429
671739,"Alcantara, Sandy",FC,151,88,71.372,7.416,4.813,1.496,29.733,0.099,0.146,0.106,69,82.348,21.942,0.344,72,31,0.431
671739,"Alcantara, Sandy",FF,593,343,72.002,7.306,1.215,11.466,28.587,0.083,0.148,0.137,273,85.97,26.282,0.374,258,91,0.353
671739,"Alcantara, Sandy",FS,116,66,73.567,8.508,11.054,-12.911,33.022,0.198,0.017,0.086,38,84.563,-1.395,0.225,82,35,0.427
671739,"Alcantara, Sandy",SI,453,233,71.245,7.397,0.971,8.525,31.351,0.066,0.236,0.124,184,84.161,1.315,0.301,185,71,0.384
671739,"Alcantara, Sandy",SL,268,167,72.783,8.508,11.172,-13.238,31.081,0.22,0.138,0.123,98,87.767,13.367,0.299,133,69,0.519
671739,"Alcantara, Sandy",ST,136,77,70.942,8.558,11.751,-16.328,32.336,0.221,0.154,0.096,46,81.37,16.0,0.197,83,41,0.494
672016,"Luzardo, Jesús",FF,202,95,69.752,7.121,0.511,8.632,30.911,0.134,0.158,0.084,61,82.349,25.246,0.315,97,24,0.247
672016,"Luzardo, Jesús",SI,123,54,70.111,6.864,-4.081,10.934,31.4,0.081,0.26,0.065,32,76.784,-6.312,0.311,59,19,0.322
672016,"Luzardo, Jesús",SL,86,41,71.795,7.955,5.61,-4.403,32.178,0.186,0.174,0.058,24,82.05,1.25,0.243,44,13,0.295
672275,"Gallen, Zac",CH,254,130,69.275,7.657,11.922,-6.87,31.554,0.185,0.094,0.047,78,78.301,10.667,0.222,146,47,0.322
672275,"Gallen, Zac",CU,149,70,67.654,7.411,12.035,-11.809,33.743,0.107,0.228,0.054,49,78.72,6.143,0.197,65,21,0.323
672275,"Gallen, Zac",FC,102,56,71.312,6.898,5.526,3.522,33.349,0.137,0.137,0.137,37,85.659,20.405,0.391,42,10,0.238
672275,"Gallen, Zac",FF,657,302,69.364,6.567,0.782,8.141,32.374,0.084,0.181,0.072,229,83.174,27.52,0.282,288,57,0.198
672275,"Gallen, Zac",FS,99,54,69.931,7.669,12.741,-10.139,32.84,0.202,0.04,0.03,32,77.166,-0.242,0.176,73,31,0.425
672275,"Gallen, Zac",SI,151,61,70.425,6.79,0.852,10.746,31.813,0.053,0.252,0.079,51,84.145,21.824,0.373,62,11,0.177
672275,"Gallen, Zac",SL,177,94,68.566,7.478,11.365,-13.691,35.896,0.22,0.169,0.085,49,81.614,11.796,0.218,88,37,0.42
672275,"Gallen, Zac",ST,95,47,70.631,7.838,16.305,-16.217,35.409,0.158,0.137,0.063,27,78.2,22.667,0.227,47,13,0.277
672284,"Wheeler, Zack",FF,104,64,72.756,6.813,9.803,8.581,27.748,0.25,0.144,0.067,31,83.929,30.484,0.278,39,15,0.385
672356,"Skubal, Tarik",CH,195,122,74.678,8.248,16.994,-12.585,29.287,0.313,0.051,0.072,57,78.588,-3.877,0.241,115,52,0.452
672356,"Skubal, Tarik",CU,84,48,71.746,8.279,17.437,-19.577,27.884,0.298,0.071,0.095,19,84.821,-0.789,0.391,46,18,0.391
672356,"Skubal, Tarik",FC,140,87,73.948,7.398,7.728,4.33,28.595,0.171,0.086,0.079,55,79.218,13.745,0.361,64,24,0.375
672356,"Skubal, Tarik",FF,489,284,73.883,7.041,4.222,15.046,27.394,0.202,0.115,0.08,158,84.942,31.487,0.276,229,86,0.376
672356,"Skubal, Tarik",FS,50,31,74.023,7.987,15.067,-10.071,30.581,0.38,0.06,0.04,10,77.86,-13.6,0.065,31,16,0.516
672356,"Skubal, Tarik",SI,317,180,73.805,7.116,3.229,12.874,30.834,0.148,0.129,0.098,119,83.493,1.908,0.344,166,77,0.464
672356,"Skubal, Tarik",SL,304,150,72.702,7.841,11.643,-4.335,28.364,0.204,0.105,0.079,80,84.734,6.975,0.249,163,47,0.288
672356,"Skubal, Tarik",ST,195,111,70.884,8.072,15.625,-10.438,28.554,0.226,0.082,0.067,60,82.46,9.783,0.247,104,38,0.365
672386,"Fried, Max",CH,138,77,73.812,7.611,12.538,-4.741,25.503,0.087,0.065,0.174,60,85.81,9.083,0.477,80,26,0.325
672386,"Fried, Max",CU,129,53,71.796,7.624,12.813,-8.691,25.943,0.078,0.233,0.116,38,81.539,5.395,0.33,70,25,0.357
672386,"Fried, Max",FC,191,100,71.356,6.938,5.55,9.532,22.676,0.089,0.183,0.105,79,83.591,23.823,0.379,84,26,0.31
672386,"Fried, Max",FF,664,296,69.19,6.647,2.809,17.714,21.699,0.071,0.182,0.09,227,85.458,32.41,0.413,332,84,0.253
672386,"Fried, Max",SI,489,231,70.608,6.846,3.457,13.223,25.852,0.035,0.217,0.133,197,85.148,15.99,0.338,205,59,0.288
672386,"Fried, Max",SL,401,190,71.862,7.51,11.536,-2.329,24.485,0.095,0.132,0.12,148,85.091,14.135,0.348,226,64,0.283
672386,"Fried, Max",ST,194,101,70.481,7.439,11.352,-2.987,22.402,0.119,0.103,0.088,71,81.99,22.183,0.237,105,35,0.333
672515,"Yamamoto, Yoshinobu",CH,88,48,70.281,7.39,15.045,-5.556,33.896,0.091,0.136,0.102,33,81.833,3.794,0.344,45,18,0.4
672515,"Yamamoto, Yoshinobu",CU,87,36,67.529,7.383,13.794,-3.011,34.443,0.08,0.172,0.08,29,83.31,0.207,0.298,50,14,0.28
672515,"Yamamoto, Yoshinobu",FC,81,34,68.647,6.818,7.471,6.725,33.48,0.025,0.247,0.086,30,83.24,26.167,0.439,30,5,0.167
672515,"Yamamoto, Yoshinobu",FF,445,202,68.744,6.431,3.615,12.382,32.509,0.072,0.191,0.074,152,83.9,32.691,0.365,187,40,0.214
672515,"Yamamoto, Yoshinobu",SI,245,98,69.266,6.469,1.105,12.686,36.645,0.02,0.253,0.106,90,84.962,13.911,0.412,108,21,0.194
672515,"Yamamoto, Yoshinobu",SL,188,76,70.136,7.393,13.624,-4.716,34.331,0.106,0.191,0.064,52,83.004,9.808,0.287,104,27,0.26
672515,"Yamamoto, Yoshinobu",ST,107,42,67.993,7.29,14.211,-3.175,32.782,0.075,0.196,0.065,32,82.072,21.906,0.359,63,18,0.286
672569,"Hancock, Emerson",FF,88,40,62.87,5.97,7.301,-4.909,31.126,0.023,0.182,0.091,32,84.5,27.156,0.55,44,15,0.341
672580,"Ober, Bailey",CH,174,82,69.102,7.659,8.801,-8.749,28.475,0.069,0.149,0.098,64,82.114,5.594,0.352,95,32,0.337
672580,"Ober, Bailey",CU,108,45,70.41,7.8,9.258,-12.512,26.958,0.046,0.185,0.083,36,84.169,-0.889,0.318,53,14,0.264
672580,"Ober, Bailey",FC,224,109,71.332,7.164,5.559,1.726,25.562,0.076,0.161,0.094,86,83.956,16.93,0.332,102,27,0.265
672580,"Ober, Bailey",FF,744,280,69.346,6.627,-0.694,11.649,26.738,0.047,0.278,0.091,224,86.171,24.759,0.355,298,39,0.131
672580,"Ober, Bailey",SI,497,181,71.223,6.949,0.192,6.875,28.824,0.022,0.282,0.137,162,89.446,8.27,0.353,202,29,0.144
672580,"Ober, Bailey",SL,413,156,69.58,7.583,6.177,-2.072,26.427,0.07,0.179,0.102,121,86.51,11.262,0.29,245,54,0.22
672580,"Ober, Bailey",ST,239,98,68.928,7.665,8.822,-9.261,26.462,0.079,0.138,0.071,77,81.265,17.805,0.311,139,32,0.23
672640,"Luzardo, Jesús",CH,214,119,69.927,7.255,12.981,-9.95,30.833,0.168,0.089,0.051,74,77.277,0.446,0.203,124,50,0.403
672640,"Luzardo, Jesús",CU,122,50,67.818,7.152,10.846,-8.555,30.423,0.123,0.107,0.049,30,83.46,17.233,0.298,72,16,0.222
672640,"Luzardo, Jesús",FC,137,59,70.13,6.668,5.353,3.28,28.467,0.022,0.219,0.088,48,81.544,16.812,0.347,60,10,0.167
672640,"Luzardo, Jesús",FF,555,239,70.313,6.25,2.299,5.961,28.161,0.032,0.267,0.108,207,85.676,28.155,0.387,234,61,0.261
672640,"Luzardo, Jesús",FS,70,38,70.657,7.295,14.388,-15.543,30.901,0.2,0.086,0.043,18,76.489,-4.444,0.262,42,14,0.333
672640,"Luzardo, Jesús",SI,422,194,70.965,6.429,3.59,3.612,31.804,0.017,0.237,0.13,179,86.744,5.821,0.38,173,40,0.231
672640,"Luzardo, Jesús",SL,374,180,69.182,7.07,9.545,-6.233,30.005,0.142,0.174,0.072,115,82.074,11.13,0.327,203,70,0.345
672640,"Luzardo, Jesús",ST,182,79,68.709,7.031,9.49,-5.113,29.156,0.071,0.165,0.049,61,77.93,8.77,0.279,109,34,0.312
672695,"Ray, Robbie",CH,290,136,66.796,7.161,8.065,-8.576,34.952,0.055,0.072,0.114,109,83.803,15.56,0.276,198,66,0.333
672695,"Ray, Robbie",CU,255,80,65.719,7.121,9.392,-6.269,35.322,0.043,0.263,0.027,61,80.161,0.951,0.354,138,28,0.203
672695,"Ray, Robbie",FC,196,82,67.648,6.833,7.533,-6.356,35.583,0.041,0.235,0.071,68,82.8,18.87,0.46,78,15,0.192
672695,"Ray, Robbie",FF,1238,477,63.955,6.305,3.298,3.984,34.706,0.036,0.225,0.056,409,80.665,28.13,0.376,489,52,0.106
672695,"Ray, Robbie",FS,105,54,67.937,7.171,9.131,-5.026,34.497,0.048,0.057,0.095,45,81.504,3.444,0.278,67,22,0.328
672695,"Ray, Robbie",SI,357,123,65.852,6.509,2.137,5.2,36.998,0.025,0.317,0.112,110,85.562,16.491,0.361,133,16,0.12
672695,"Ray, Robbie",SL,346,149,66.13,7.004,8.808,-9.912,36.23,0.049,0.182,0.095,125,83.434,12.944,0.367,161,38,0.236
672695,"Ray, Robbie",ST,152,60,63.01,6.592,5.837,-2.381,37.793,0.066,0.211,0.026,45,75.527,18.022,0.291,70,15,0.214
672724,"Bassitt, Chris",CH,64,38,71.303,8.082,10.83,-11.927,26.684,0.141,0.078,0.031,28,73.586,1.286,0.183,33,13,0.394
672724,"Bassitt, Chris",FC,108,61,73.088,7.678,8.108,-0.083,26.171,0.167,0.157,0.074,34,80.015,12.471,0.258,53,20,0.377
672724,"Bassitt, Chris",FF,314,139,71.024,7.147,1.968,10.335,24.586,0.127,0.162,0.067,90,82.354,30.4,0.274,156,29,0.186
672724,"Bassitt, Chris",SI,191,108,71.812,7.146,0.431,10.409,27.755,0.141,0.199,0.11,72,82.736,4.917,0.309,66,22,0.333
672724,"Bassitt, Chris",SL,144,81,72.17,8.146,11.74,-12.431,25.766,0.174,0.118,0.097,48,82.646,-2.833,0.285,72,25,0.347
672724,"Bassitt, Chris",ST,82,48,69.829,7.955,12.44,-16.717,26.171,0.232,0.098,0.049,24,76.958,18.792,0.093,38,13,0.342
672744,"Lodolo, Nick",CH,115,65,73.867,8.666,23.237,-8.463,36.845,0.313,0.061,0.07,23,80.883,-3.087,0.188,81,35,0.432
672744,"Lodolo, Nick",FF,241,138,74.962,7.5,6.194,16.076,33.301,0.145,0.112,0.108,93,83.366,24.022,0.373,104,27,0.26
672744,"Lodolo, Nick",SI,154,83,75.319,7.669,5.852,14.151,35.617,0.11,0.169,0.084,54,81.296,14.636,0.304,49,10,0.204
672744,"Lodolo, Nick",SL,139,70,73.685,8.499,18.789,-6.569,35.725,0.245,0.108,0.058,30,81.65,24.067,0.297,82,29,0.354
672744,"Lodolo, Nick",ST,68,31,73.997,8.516,19.79,-12.957,35.082,0.132,0.191,0.044,18,79.2,25.667,0.211,34,10,0.294
672761,"Williams, Gavin",CH,200,112,68.997,7.368,10.358,-8.589,28.843,0.145,0.095,0.1,73,80.704,14.562,0.3,116,47,0.405
672761,"Williams, Gavin",CU,173,64,66.036,7.373,13.702,-13.6,32.227,0.127,0.197,0.046,35,84.891,13.0,0.254,109,34,0.312
672761,"Williams, Gavin",FC,153,82,70.964,6.832,8.822,-5.273,30.599,0.078,0.209,0.105,62,79.595,22.726,0.311,68,22,0.324
672761,"Williams, Gavin",FF,573,317,69.037,6.455,3.089,6.194,26.882,0.115,0.143,0.092,234,84.272,30.359,0.322,286,102,0.357
672761,"Williams, Gavin",SI,147,63,68.788,6.609,1.127,2.985,30.59,0.041,0.279,0.082,54,84.778,18.63,0.268,60,14,0.233
672761,"Williams, Gavin",SL,200,104,70.974,7.413,12.848,-14.84,33.074,0.165,0.14,0.09,63,88.786,18.937,0.296,101,37,0.366
672820,"Bibee, Tanner",CH,159,95,72.854,7.804,14.359,-3.211,34.364,0.119,0.164,0.126,70,83.373,10.386,0.373,92,53,0.576
672820,"Bibee, Tanner",CU,127,52,69.594,7.806,15.833,-13.921,32.591,0.126,0.213,0.118,34,84.862,19.971,0.292,72,22,0.306
672820,"Bibee, Tanner",FC,157,77,72.362,7.518,10.107,1.204,31.65,0.076,0.185,0.096,54,85.131,25.519,0.439,89,34,0.382
672820,"Bibee, Tanner",FF,663,336,70.3,6.797,5.531,11.065,29.799,0.086,0.196,0.087,253,85.589,33.249,0.345,305,106,0.348
672820,"Bibee, Tanner",FS,63,34,73.358,8.045,17.305,-13.471,36.124,0.175,0.079,0.079,18,83.567,4.0,0.252,41,18,0.439
672820,"Bibee, Tanner",SI,341,163,71.597,6.934,4.754,8.22,34.415,0.05,0.258,0.144,137,85.996,17.401,0.365,142,58,0.408
672820,"Bibee, Tanner",SL,329,168,71.279,7.79,13.639,-5.318,33.486,0.152,0.176,0.07,112,80.134,14.973,0.26,185,81,0.438
672820,"Bibee, Tanner",ST,162,89,70.42,7.646,13.128,-7.776,32.267,0.142,0.136,0.068,60,81.163,20.667,0.247,90,38,0.422
673237,"Castillo, Luis",CH,188,110,70.92,7.828,15.009,-8.537,32.616,0.165,0.048,0.085,68,79.509,6.779,0.245,124,51,0.411
673237,"Castillo, Luis",CU,127,71,69.294,7.812,15.807,-10.38,29.793,0.173,0.079,0.11,42,84.233,0.952,0.222,79,29,0.367
673237,"Castillo, Luis",FC,143,85,72.12,7.266,10.139,4.335,27.429,0.105,0.119,0.14,63,88.017,24.159,0.361,71,30,0.423
673237,"Castillo, Luis",FF,475,286,70.697,6.661,4.082,15.066,24.92,0.112,0.116,0.105,215,84.197,34.46,0.384,240,109,0.454
673237,"Castillo, Luis",FS,71,49,73.133,7.869,15.488,-13.218,31.477,0.183,0.028,0.085,33,83.13,-3.273,0.287,41,21,0.512
673237,"Castillo, Luis",SI,282,155,70.193,6.735,4.041,10.581,28.862,0.046,0.191,0.152,133,87.449,9.112,0.381,121,52,0.43
673237,"Castillo, Luis",SL,358,219,70.209,7.722,14.186,-5.469,29.454,0.156,0.05,0.123,150,82.904,8.147,0.353,224,103,0.46
673237,"Castillo, Luis",ST,194,124,68.344,7.695,15.188,-6.702,28.133,0.186,0.072,0.072,80,77.726,8.012,0.212,114,61,0.535
673357,"Springs, Jeffrey",CH,168,99,72.8,8.332,18.248,-15.386,38.561,0.238,0.065,0.101,52,83.835,12.731,0.284,102,44,0.431
673357,"Springs, Jeffrey",FC,141,81,72.072,7.794,12.128,-5.187,35.422,0.248,0.142,0.071,42,79.812,29.69,0.249,74,33,0.446
673357,"Springs, Jeffrey",FF,356,187,74.034,7.264,5.637,5.306,34.355,0.132,0.135,0.079,126,83.416,31.563,0.337,154,30,0.195
673357,"Springs, Jeffrey",SI,313,150,74.398,7.28,5.631,6.001,38.265,0.061,0.157,0.109,113,84.065,4.575,0.362,150,39,0.26
673357,"Springs, Jeffrey",SL,252,136,71.372,8.135,15.078,-11.436,36.466,0.202,0.103,0.083,79,83.224,19.051,0.322,150,55,0.367
673357,"Springs, Jeffrey",ST,153,88,73.522,8.105,15.937,-11.405,35.275,0.17,0.078,0.111,56,83.927,25.036,0.3,83,30,0.361
673490,"Horton, Cade",FF,312,119,67.986,6.497,3.67,6.735,21.554,0.054,0.25,0.051,95,81.878,32.105,0.271,120,17,0.142
673490,"Horton, Cade",SI,154,52,68.702,6.706,2.849,5.443,23.834,0.039,0.26,0.084,42,84.245,11.214,0.391,71,10,0.141
673490,"Horton, Cade",SL,121,50,68.012,7.343,7.213,-11.363,25.686,0.066,0.273,0.107,41,85.11,14.122,0.28,51,16,0.314
673548,"Peralta, Freddy",CH,231,107,69.911,7.502,11.081,-9.656,32.965,0.139,0.117,0.095,72,85.45,16.514,0.375,118,25,0.212
673548,"Peralta, Freddy",CU,221,74,71.308,7.448,11.647,-8.817,31.894,0.059,0.195,0.05,55,82.965,14.709,0.281,112,15,0.134
673548,"Peralta, Freddy",FC,218,87,72.65,7.212,8.151,-3.072,30.868,0.073,0.206,0.078,67,82.47,28.706,0.377,107,24,0.224
673548,"Peralta, Freddy",FF,777,332,71.585,6.636,1.74,10.157,29.493,0.082,0.194,0.085,244,84.648,32.279,0.411,358,75,0.209
673548,"Peralta, Freddy",SI,471,206,73.541,6.835,2.321,4.841,31.669,0.036,0.257,0.138,175,86.127,15.469,0.443,170,28,0.165
673548,"Peralta, Freddy",SL,523,209,69.231,7.651,13.084,-12.924,31.28,0.141,0.205,0.046,122,80.749,23.68,0.215,272,65,0.239
673548,"Peralta, Freddy",ST,273,98,69.715,7.733,15.312,-14.205,31.107,0.117,0.22,0.081,63,84.048,16.302,0.318,151,35,0.232
673962,"Kikuchi, Yusei",CH,162,93,70.518,7.623,18.771,-8.886,38.485,0.148,0.056,0.074,63,80.11,8.175,0.274,104,40,0.385
673962,"Kikuchi, Yusei",CU,102,52,69.956,7.302,15.924,-8.159,40.946,0.108,0.147,0.088,38,80.511,5.211,0.265,61,27,0.443
673962,"Kikuchi, Yusei",FC,123,64,70.026,6.797,9.857,5.888,36.874,0.106,0.187,0.098,47,83.34,22.404,0.291,56,15,0.268
673962,"Kikuchi, Yusei",FF,584,292,68.542,6.405,5.764,13.672,35.514,0.118,0.171,0.086,193,84.579,29.42,0.324,242,52,0.215
673962,"Kikuchi, Yusei",FS,52,34,70.524,7.506,19.882,-12.998,40.098,0.231,0.077,0.173,17,91.947,7.647,0.374,33,19,0.576
673962,"Kikuchi, Yusei",SI,361,172,69.894,6.695,7.44,7.294,38.76,0.066,0.258,0.127,132,83.839,9.947,0.341,161,59,0.366
673962,"Kikuchi, Yusei",SL,307,156,68.235,7.315,14.324,-1.596,37.919,0.127,0.088,0.068,107,81.794,19.72,0.314,190,62,0.326
673962,"Kikuchi, Yusei",ST,196,98,67.899,7.226,14.695,-3.0,37.01,0.148,0.158,0.077,63,80.911,20.952,0.205,109,39,0.358
676044,"Gausman, Kevin",FF,86,50,71.232,6.53,5.033,15.899,32.719,0.163,0.128,0.105,34,84.4,32.912,0.339,49,20,0.408
676059,"Berríos, José",CH,156,80,68.386,7.31,17.44,-15.035,31.643,0.212,0.071,0.026,41,76.402,3.732,0.139,94,29,0.309
676059,"Berríos, José",FC,119,55,70.231,6.667,10.0,1.423,30.222,0.126,0.151,0.092,36,85.319,18.833,0.41,63,15,0.238
676059,"Berríos, José",FF,402,220,69.857,6.377,6.541,7.915,27.656,0.117,0.174,0.102,151,85.025,34.185,0.317,150,29,0.193
676059,"Berríos, José",SI,237,112,69.103,6.375,6.256,5.702,29.923,0.059,0.228,0.101,90,84.351,14.467,0.357,108,36,0.333
676059,"Berríos, José",SL,159,83,67.853,7.065,13.406,-6.868,31.691,0.201,0.101,0.107,47,88.583,14.979,0.419,81,19,0.235
676059,"Berríos, José",ST,94,43,66.395,6.988,13.988,-10.633,30.846,0.149,0.16,0.138,28,85.507,19.75,0.307,52,14,0.269
676070,"Crochet, Garrett",FF,96,38,65.246,6.831,8.355,10.586,28.351,0.042,0.281,0.062,29,81.779,29.448,0.146,45,13,0.289
676116,"Berríos, José",FF,98,37,69.676,6.843,11.225,11.729,35.595,0.173,0.143,0.041,18,85.017,33.444,0.194,50,7,0.14
676356,"Kikuchi, Yusei",FF,69,33,67.394,7.097,2.712,3.736,24.892,0.101,0.188,0.043,22,78.023,23.864,0.342,38,12,0.316
676391,"Fried, Max",CH,201,130,66.465,7.582,16.609,-11.525,34.6,0.124,0.055,0.09,100,77.665,11.71,0.274,125,65,0.52
676391,"Fried, Max",CU,123,62,63.532,7.208,15.315,-9.156,33.596,0.057,0.146,0.049,51,75.731,10.216,0.266,63,21,0.333
676391,"Fried, Max",FC,210,114,65.711,6.905,10.177,1.346,32.395,0.052,0.157,0.105,99,81.439,19.152,0.349,110,44,0.4
676391,"Fried, Max",FF,560,301,66.08,6.518,7.457,7.067,28.922,0.055,0.184,0.082,254,83.837,34.142,0.318,248,91,0.367
676391,"Fried, Max",FS,49,37,65.982,7.432,15.753,-12.643,34.353,0.163,0.02,0.102,26,78.827,9.5,0.25,25,14,0.56
676391,"Fried, Max",SI,331,161,65.976,6.478,4.254,4.554,34.454,0.015,0.208,0.094,148,81.851,14.738,0.34,151,51,0.338
676391,"Fried, Max",SL,347,201,62.485,7.073,12.208,-4.052,31.98,0.095,0.098,0.089,161,80.501,12.857,0.267,168,54,0.321
676391,"Fried, Max",ST,202,97,61.682,7.238,14.753,-8.29,31.928,0.119,0.064,0.035,69,78.714,20.855,0.239,135,42,0.311
676439,"Bibee, Tanner",FF,161,79,68.168,6.522,3.681,9.628,33.538,0.087,0.161,0.068,60,82.628,35.633,0.323,62,9,0.145
676475,"Keller, Mitch",CH,240,118,71.608,7.905,13.371,-2.168,33.671,0.088,0.1,0.083,89,81.011,12.315,0.281,146,42,0.288
676475,"Keller, Mitch",CU,130,46,68.483,7.811,13.734,-4.461,35.302,0.077,0.185,0.077,34,83.503,0.5,0.34,70,15,0.214
676475,"Keller, Mitch",FC,158,87,72.185,7.467,12.809,-4.52,31.058,0.076,0.127,0.152,70,86.583,13.971,0.327,72,22,0.306
676475,"Keller, Mitch",FF,580,304,70.413,6.939,6.797,7.686,28.647,0.083,0.147,0.124,240,86.842,30.5,0.382,254,71,0.28
676475,"Keller, Mitch",FS,71,41,70.948,7.905,13.63,-5.124,33.541,0.113,0.056,0.113,26,84.619,-1.5,0.252,46,21,0.457
676475,"Keller, Mitch",SI,331,166,70.835,7.132,5.739,5.935,32.559,0.048,0.196,0.106,135,85.084,18.548,0.339,138,35,0.254
676475,"Keller, Mitch",SL,249,111,71.266,7.716,10.505,-4.531,33.717,0.08,0.157,0.104,79,84.994,8.188,0.361,140,41,0.293
676475,"Keller, Mitch",ST,109,49,63.733,7.621,12.479,-2.327,33.244,0.128,0.211,0.101,31,83.916,21.935,0.336,54,17,0.315
676572,"Luzardo, Jesús",CH,160,73,72.408,7.75,12.675,-14.009,29.097,0.106,0.088,0.069,52,81.362,5.096,0.206,96,26,0.271
676572,"Luzardo, Jesús",CU,106,47,72.617,7.726,14.557,-16.811,30.36,0.132,0.151,0.113,30,89.86,1.9,0.342,65,20,0.308
676572,"Luzardo, Jesús",FC,159,73,72.159,7.041,5.931,1.498,26.918,0.113,0.195,0.075,52,83.048,22.038,0.283,81,21,0.259
676572,"Luzardo, Jesús",FF,575,275,71.801,6.552,2.3,8.576,25.259,0.077,0.209,0.113,211,86.847,26.422,0.372,253,60,0.237
676572,"Luzardo, Jesús",SI,343,145,72.719,6.703,0.873,5.189,29.753,0.044,0.309,0.149,126,88.234,13.858,0.333,128,34,0.266
676572,"Luzardo, Jesús",SL,325,151,69.171,7.473,11.457,-8.671,28.408,0.154,0.16,0.083,91,83.674,14.462,0.3,175,46,0.263
676572,"Luzardo, Jesús",ST,180,72,69.61,7.51,12.079,-10.278,28.073,0.117,0.167,0.05,46,78.035,19.087,0.3,107,23,0.215
676609,"Crochet, Garrett",CH,124,52,65.0,7.049,13.992,-13.891,34.676,0.089,0.105,0.048,40,76.92,-1.625,0.338,67,13,0.194
676609,"Crochet, Garrett",FC,128,57,65.214,6.789,8.828,-2.506,32.239,0.125,0.172,0.055,38,78.232,22.053,0.338,64,17,0.266
676609,"Crochet, Garrett",FF,457,228,67.219,6.195,4.923,9.075,29.647,0.118,0.166,0.044,154,80.679,34.156,0.279,239,84,0.351
676609,"Crochet, Garrett",SI,241,102,67.4,6.263,2.312,6.918,32.85,0.054,0.224,0.095,86,83.103,15.407,0.358,96,14,0.146
676609,"Crochet, Garrett",SL,253,118,62.244,6.903,12.159,-7.162,32.835,0.142,0.154,0.047,77,77.088,10.623,0.261,142,44,0.31
676609,"Crochet, Garrett",ST,149,60,63.689,7.031,13.717,-13.3,31.749,0.121,0.188,0.013,38,76.208,30.316,0.311,86,28,0.326
676694,"deGrom, Jacob",CH,100,44,67.544,7.517,14.472,-13.137,32.305,0.14,0.12,0.03,24,77.163,3.958,0.209,54,13,0.241
676694,"deGrom, Jacob",FC,105,52,68.302,6.998,9.037,-2.745,32.324,0.076,0.124,0.076,38,81.647,18.289,0.384,47,9,0.191
676694,"deGrom, Jacob",FF,350,171,67.001,6.487,1.884,6.61,31.943,0.057,0.163,0.1,144,84.343,26.069,0.375,155,29,0.187
676694,"deGrom, Jacob",SI,254,127,67.445,6.557,1.172,5.147,34.671,0.039,0.205,0.146,105,85.213,5.152,0.302,99,23,0.232
676694,"deGrom, Jacob",SL,241,121,61.625,7.296,12.637,-7.272,32.679,0.183,0.154,0.058,67,81.827,8.493,0.32,125,47,0.376
676694,"deGrom, Jacob",ST,133,53,66.134,7.016,10.176,-10.53,30.84,0.053,0.113,0.053,42,79.929,27.0,0.377,77,11,0.143
676724,"Schwellenbach, Spencer",FF,64,33,74.165,6.926,4.835,6.894,27.509,0.156,0.078,0.078,21,81.219,34.381,0.425,31,6,0.194
676801,"Povich, Cade",FF,154,89,69.22,7.162,14.692,2.129,33.296,0.195,0.091,0.052,52,82.556,28.981,0.32,76,27,0.355
676801,"Povich, Cade",SI,64,36,64.646,6.797,10.351,6.141,36.102,0.078,0.156,0.047,29,75.138,9.483,0.312,30,11,0.367
676801,"Povich, Cade",SL,61,31,64.294,7.621,18.878,-5.561,34.73,0.197,0.066,0.049,19,79.205,23.789,0.261,37,14,0.378
676914,"Snell, Blake",CH,143,54,70.027,7.594,27.168,-15.339,34.006,0.147,0.154,0.042,31,77.332,-0.875,0.349,84,18,0.214
676914,"Snell, Blake",FC,120,50,67.483,7.104,20.882,-5.839,32.505,0.133,0.233,0.092,30,88.273,30.8,0.239,61,15,0.246
676914,"Snell, Blake",FF,366,177,70.085,6.762,17.471,0.69,32.56,0.112,0.128,0.079,124,86.213,37.823,0.317,192,44,0.229
676914,"Snell, Blake",SI,158,72,71.996,6.896,16.148,1.81,34.155,0.082,0.228,0.12,54,88.215,19.574,0.298,79,19,0.241
676914,"Snell, Blake",SL,152,63,69.32,7.366,22.979,-9.927,34.724,0.145,0.118,0.053,37,85.27,9.676,0.36,87,16,0.184
677008,"Wacha, Michael",CH,75,53,68.463,7.444,17.138,-2.951,38.679,0.227,0.04,0.067,31,79.474,12.226,0.29,44,25,0.568
677008,"Wacha, Michael",FF,239,138,67.312,6.268,5.723,12.17,36.198,0.096,0.109,0.088,108,83.606,31.843,0.386,104,27,0.26
677008,"Wacha, Michael",SI,60,31,68.207,6.655,7.684,8.511,38.357,0.1,0.183,0.083,23,79.457,0.042,0.214,27,11,0.407
677008,"Wacha, Michael",SL,82,50,65.808,7.396,18.999,-6.36,38.557,0.183,0.085,0.049,26,80.408,9.077,0.25,48,23,0.479
677347,"Hancock, Emerson",FF,189,83,71.282,6.806,8.933,9.685,36.286,0.143,0.164,0.095,51,85.233,33.765,0.347,82,12,0.146
677347,"Hancock, Emerson",SI,91,49,72.133,6.837,9.296,4.876,39.33,0.176,0.154,0.066,26,83.146,10.0,0.384,39,10,0.256
677347,"Hancock, Emerson",SL,94,50,70.321,7.996,20.99,-15.415,37.128,0.33,0.138,0.053,19,78.432,10.947,0.233,52,21,0.404
677587,"Ober, Bailey",CH,228,120,68.282,7.725,15.22,-15.605,29.332,0.224,0.123,0.048,65,75.923,2.0,0.21,120,42,0.35
677587,"Ober, Bailey",CU,88,35,66.491,7.582,15.683,-17.103,29.251,0.17,0.239,0.08,18,77.833,-15.444,0.328,48,12,0.25
677587,"Ober, Bailey",FC,122,65,68.86,7.075,9.031,-2.813,28.02,0.057,0.189,0.09,55,78.287,8.455,0.36,49,11,0.224
677587,"Ober, Bailey",FF,523,262,67.775,6.708,5.148,4.401,27.925,0.059,0.151,0.094,213,82.157,32.296,0.331,263,77,0.293
677587,"Ober, Bailey",FS,69,36,68.094,7.42,11.881,-15.863,29.588,0.174,0.159,0.072,21,81.152,-0.636,0.2,34,11,0.324
677587,"Ober, Bailey",SI,150,81,66.673,6.772,2.856,3.923,30.406,0.047,0.193,0.113,71,82.285,4.958,0.291,57,20,0.351
677587,"Ober, Bailey",SL,152,85,66.448,7.706,16.526,-18.888,31.75,0.204,0.118,0.066,45,80.653,7.867,0.265,78,29,0.372
677587,"Ober, Bailey",ST,70,36,66.915,7.585,14.727,-16.661,30.009,0.129,0.114,0.086,26,78.138,5.346,0.367,34,9,0.265
677588,"Canning, Griffin",CU,82,30,65.094,6.919,6.475,-8.452,39.64,0.085,0.159,0.061,17,80.6,-14.882,0.3,51,14,0.275
677588,"Canning, Griffin",FF,230,106,67.45,6.168,-4.982,13.862,32.039,0.057,0.187,0.096,88,83.464,19.386,0.357,96,15,0.156
677588,"Canning, Griffin",SL,90,48,71.998,7.196,8.696,-8.442,37.541,0.189,0.144,0.111,26,85.958,1.308,0.243,49,18,0.367
677592,"Messick, Parker",FF,101,49,72.79,7.612,11.609,15.642,29.776,0.158,0.099,0.089,27,88.47,29.593,0.25,50,7,0.14
677594,"Skubal, Tarik",CH,247,145,76.017,8.146,12.486,-14.387,34.345,0.186,0.061,0.109,92,83.224,4.065,0.317,146,64,0.438
677594,"Skubal, Tarik",CU,110,61,74.624,8.224,14.47,-16.489,33.504,0.164,0.091,0.082,38,82.579,6.605,0.301,65,28,0.431
677594,"Skubal, Tarik",FC,239,136,75.388,7.446,3.955,5.398,30.562,0.146,0.126,0.079,96,81.697,23.646,0.256,105,32,0.305
677594,"Skubal, Tarik",FF,740,384,74.411,6.985,0.508,13.758,29.236,0.132,0.126,0.114,256,87.916,26.816,0.398,341,77,0.226
677594,"Skubal, Tarik",FS,91,55,73.79,7.967,11.746,-13.655,33.211,0.253,0.044,0.11,26,87.781,3.231,0.407,54,22,0.407
677594,"Skubal, Tarik",KC,58,34,73.407,8.046,10.826,-7.576,32.279,0.259,0.103,0.069,19,79.168,-13.474,0.214,33,14,0.424
677594,"Skubal, Tarik",SI,469,263,74.625,7.14,0.774,8.761,33.143,0.055,0.168,0.156,211,86.278,0.59,0.35,198,73,0.369
677594,"Skubal, Tarik",SL,448,245,76.059,8.077,10.988,-10.634,31.388,0.201,0.105,0.092,142,83.732,15.303,0.333,253,102,0.403
677594,"Skubal, Tarik",ST,272,145,74.309,8.129,12.976,-13.795,31.088,0.165,0.132,0.096,96,84.039,18.469,0.358,166,73,0.44
677595,"Morton, Charlie",CH,88,50,74.22,7.959,8.338,-5.686,30.775,0.125,0.045,0.136,35,82.814,12.314,0.316,60,27,0.45
677595,"Morton, Charlie",CU,100,50,69.914,8.11,13.015,-19.059,31.397,0.24,0.17,0.01,23,77.865,-4.565,0.105,62,27,0.435
677595,"Morton, Charlie",FF,220,118,72.508,6.928,2.641,10.722,26.035,0.177,0.195,0.068,68,82.851,32.676,0.322,86,35,0.407
677595,"Morton, Charlie",SL,122,62,71.603,8.042,11.633,-13.229,32.427,0.18,0.123,0.107,33,84.006,5.939,0.295,79,30,0.38
677649,"Kikuchi, Yusei",CH,70,43,68.062,7.242,10.675,-11.487,30.02,0.157,0.071,0.1,30,85.773,18.1,0.264,33,14,0.424
677649,"Kikuchi, Yusei",CU,65,32,66.843,7.39,9.358,-15.091,34.021,0.092,0.2,0.046,21,78.086,15.952,0.126,35,15,0.429
677649,"Kikuchi, Yusei",FF,260,131,66.539,6.308,-2.046,12.446,26.735,0.119,0.162,0.077,89,82.803,26.584,0.264,118,36,0.305
677649,"Kikuchi, Yusei",SI,97,50,68.686,6.455,-1.679,4.876,29.7,0.072,0.165,0.093,39,79.033,8.333,0.315,39,11,0.282
677649,"Kikuchi, Yusei",SL,133,68,68.264,7.299,9.446,-6.865,27.336,0.143,0.135,0.053,44,76.068,16.932,0.239,72,23,0.319
677649,"Kikuchi, Yusei",ST,89,49,63.871,7.178,9.389,-8.243,30.418,0.18,0.135,0.022,32,69.397,30.812,0.153,56,27,0.482
677800,"Berríos, José",CH,190,109,72.504,7.657,13.848,-6.049,32.151,0.137,0.058,0.126,77,84.503,11.429,0.353,117,45,0.385
677800,"Berríos, José",CU,87,32,68.027,7.352,11.205,-14.218,33.463,0.092,0.23,0.126,23,91.378,26.304,0.512,47,12,0.255
677800,"Berríos, José",FC,106,58,72.94,6.796,7.955,1.813,29.809,0.066,0.132,0.085,42,83.093,31.905,0.362,46,14,0.304
677800,"Berríos, José",FF,711,364,72.661,6.664,4.869,7.005,30.696,0.105,0.136,0.065,256,82.175,42.43,0.3,318,67,0.211
677800,"Berríos, José",FS,75,41,73.685,7.658,14.543,-9.851,30.717,0.093,0.053,0.093,33,80.821,22.545,0.297,43,11,0.256
677800,"Berríos, José",SI,172,83,72.408,6.635,3.537,5.847,32.104,0.087,0.174,0.105,64,83.067,7.969,0.333,71,16,0.225
677800,"Berríos, José",SL,173,100,72.426,7.55,14.122,-10.061,31.686,0.197,0.133,0.133,61,85.708,20.328,0.35,85,35,0.412
677800,"Berríos, José",ST,66,31,72.153,7.79,18.333,-18.35,33.093,0.167,0.242,0.106,18,83.111,31.278,0.117,31,13,0.419
677942,"Darvish, Yu",CH,62,32,71.561,7.91,16.834,-13.394,39.609,0.145,0.161,0.081,19,81.7,0.105,0.313,31,11,0.355
677942,"Darvish, Yu",FC,72,38,70.932,7.276,6.427,8.448,36.571,0.097,0.194,0.069,30,81.587,16.667,0.386,28,6,0.214
677942,"Darvish, Yu",FF,359,171,67.226,6.692,2.434,14.12,34.425,0.145,0.139,0.053,100,82.299,29.09,0.337,165,30,0.182
677942,"Darvish, Yu",SI,189,77,67.723,6.862,0.715,10.486,37.594,0.079,0.259,0.048,53,78.523,-0.236,0.284,80,14,0.175
677942,"Darvish, Yu",SL,156,76,70.762,7.767,12.054,-0.573,37.247,0.147,0.135,0.122,50,83.742,8.06,0.32,83,25,0.301
677942,"Darvish, Yu",ST,87,47,69.93,7.632,10.722,-0.051,36.691,0.218,0.126,0.069,26,81.908,24.038,0.243,51,21,0.412
677950,"Yamamoto, Yoshinobu",CH,221,124,69.269,7.512,14.044,-8.207,29.054,0.19,0.113,0.063,70,80.29,-6.457,0.27,120,52,0.433
677950,"Yamamoto, Yoshinobu",CU,182,93,66.914,7.354,11.872,-10.931,29.262,0.143,0.159,0.049,55,78.085,-7.455,0.198,85,26,0.306
677950,"Yamamoto, Yoshinobu",FC,102,60,67.831,6.515,7.077,11.966,26.839,0.137,0.069,0.098,43,79.065,17.279,0.336,45,13,0.289
677950,"Yamamoto, Yoshinobu",FF,418,209,67.878,6.247,4.515,12.089,25.866,0.093,0.175,0.11,144,86.974,25.778,0.339,185,53,0.286
677950,"Yamamoto, Yoshinobu",FS,105,56,70.534,7.298,13.376,-2.554,27.517,0.162,0.086,0.048,32,80.594,-10.219,0.177,60,21,0.35
677950,"Yamamoto, Yoshinobu",SI,249,120,67.517,6.248,2.9,18.181,26.901,0.104,0.245,0.084,84,82.218,4.595,0.275,98,34,0.347
677950,"Yamamoto, Yoshinobu",SL,233,127,68.357,7.296,12.333,-9.53,28.946,0.15,0.137,0.077,77,82.982,-1.013,0.29,121,49,0.405
677950,"Yamamoto, Yoshinobu",ST,124,69,64.927,7.119,11.494,-16.959,30.803,0.185,0.113,0.081,44,79.459,12.068,0.325,63,23,0.365
677951,"Martin, Davis",CH,215,110,73.212,7.479,8.963,-7.603,30.328,0.116,0.07,0.116,78,86.445,14.821,0.351,128,41,0.32
677951,"Martin, Davis",CU,107,48,72.762,7.542,10.404,-11.722,32.545,0.084,0.15,0.065,36,78.642,-4.75,0.365,67,24,0.358
677951,"Martin, Davis",FC,270,143,74.036,7.076,5.537,0.507,26.566,0.104,0.126,0.119,109,85.43,25.138,0.399,127,31,0.244
677951,"Martin, Davis",FF,836,440,71.909,6.49,1.278,9.71,26.745,0.118,0.173,0.098,311,85.794,33.299,0.375,349,98,0.281
677951,"Martin, Davis",SI,323,164,73.427,6.642,0.008,5.718,32.049,0.059,0.214,0.146,130,87.801,15.611,0.4,131,39,0.298
677951,"Martin, Davis",SL,420,210,73.309,7.353,6.983,-5.389,29.154,0.131,0.1,0.095,142,85.93,23.049,0.338,233,69,0.296
677951,"Martin, Davis",ST,208,108,70.905,7.338,6.681,-5.4,28.802,0.135,0.077,0.096,76,83.286,23.211,0.306,134,53,0.396
678009,"Williams, Gavin",CH,105,46,64.818,7.442,7.313,-8.282,31.418,0.114,0.048,0.029,32,73.175,6.938,0.256,69,15,0.217
678009,"Williams, Gavin",CU,72,31,65.927,7.627,12.057,-9.173,33.158,0.125,0.236,0.069,19,80.479,9.526,0.266,39,14,0.359
678009,"Williams, Gavin",FC,74,31,70.486,7.403,11.648,-8.583,30.205,0.081,0.176,0.054,24,77.883,12.583,0.369,37,8,0.216
678009,"Williams, Gavin",FF,261,121,68.858,6.857,1.88,4.783,28.009,0.096,0.176,0.057,83,80.837,32.096,0.394,110,22,0.2
678009,"Williams, Gavin",SI,156,60,67.229,6.768,1.254,3.459,30.151,0.058,0.301,0.064,46,80.172,13.587,0.191,65,13,0.2
678009,"Williams, Gavin",SL,183,87,68.413,7.651,11.862,-10.281,31.821,0.131,0.137,0.071,54,81.443,14.709,0.198,92,22,0.239
678011,"Rea, Colin",FF,108,47,64.26,5.974,7.408,14.384,33.337,0.13,0.213,0.056,30,79.91,20.367,0.315,47,6,0.128
678246,"Kremer, Dean",CH,169,84,67.53,8.004,17.31,-11.377,37.28,0.071,0.077,0.053,68,79.19,16.456,0.294,103,30,0.291
678246,"Kremer, Dean",CU,120,52,64.845,7.629,13.998,-7.867,37.486,0.075,0.142,0.033,38,79.439,21.237,0.178,76,22,0.289
678246,"Kremer, Dean",FC,191,89,69.966,7.684,13.284,-7.262,36.45,0.105,0.162,0.073,59,82.642,30.932,0.326,89,20,0.225
678246,"Kremer, Dean",FF,856,399,70.245,7.41,10.011,0.878,33.32,0.078,0.16,0.078,290,84.407,35.189,0.311,385,68,0.177
678246,"Kremer, Dean",SI,375,182,70.531,7.426,7.861,2.454,37.007,0.048,0.176,0.173,149,88.219,14.013,0.437,155,27,0.174
678246,"Kremer, Dean",SL,337,146,64.846,7.768,12.506,-5.054,37.579,0.113,0.181,0.059,99,78.362,20.909,0.271,177,49,0.277
678246,"Kremer, Dean",ST,199,87,65.445,7.485,12.061,-3.964,36.213,0.106,0.141,0.04,58,80.831,29.797,0.241,100,17,0.17
678391,"Woo, Bryan",FF,109,53,68.874,7.285,1.539,7.231,27.761,0.064,0.128,0.064,37,79.943,32.0,0.3,48,6,0.125
678489,"Sears, JP",FF,125,58,65.232,7.211,10.939,7.418,27.121,0.072,0.176,0.08,46,82.176,26.957,0.193,58,14,0.241
678554,"Fried, Max",CH,97,52,73.344,7.796,11.045,-10.856,33.352,0.093,0.103,0.093,41,81.007,10.902,0.268,59,24,0.407
678554,"Fried, Max",FC,75,43,74.293,7.312,6.229,-3.425,32.69,0.12,0.16,0.107,32,81.656,16.812,0.384,32,12,0.375
678554,"Fried, Max",FF,301,146,71.838,6.652,-0.507,9.262,31.219,0.063,0.159,0.073,113,83.102,29.389,0.337,138,29,0.21
678554,"Fried, Max",SI,194,94,72.187,6.759,-1.656,6.123,34.519,0.046,0.211,0.108,73,82.742,10.84,0.305,80,16,0.2
678554,"Fried, Max",SL,166,85,69.844,7.671,10.183,-10.525,32.191,0.151,0.151,0.048,50,80.372,20.353,0.267,89,33,0.371
678554,"Fried, Max",ST,76,30,69.467,7.15,3.932,-4.257,31.628,0.092,0.197,0.039,21,78.41,16.476,0.227,40,9,0.225
678662,"Cease, Dylan",CH,112,72,71.646,7.925,15.822,-6.393,36.846,0.205,0.08,0.098,42,79.733,5.714,0.242,63,34,0.54
678662,"Cease, Dylan",CU,77,39,68.046,7.992,19.671,-14.306,36.315,0.221,0.182,0.078,18,83.233,10.278,0.289,45,19,0.422
678662,"Cease, Dylan",FC,94,56,69.814,7.364,8.523,1.223,35.723,0.149,0.085,0.064,36,79.069,25.778,0.446,50,19,0.38
678662,"Cease, Dylan",FF,510,290,69.155,6.819,4.206,13.693,34.126,0.151,0.069,0.059,184,82.136,27.696,0.315,266,81,0.305
678662,"Cease, Dylan",SI,197,124,68.301,6.813,1.86,9.006,38.62,0.066,0.091,0.127,105,82.69,15.286,0.402,70,20,0.286
678662,"Cease, Dylan",SL,270,173,70.057,7.773,13.242,-4.723,36.13,0.211,0.081,0.089,107,80.549,16.056,0.313,158,81,0.513
678662,"Cease, Dylan",ST,164,106,69.651,7.92,16.066,-11.897,36.566,0.256,0.079,0.098,58,83.598,20.483,0.221,93,49,0.527
678877,"Skubal, Tarik",CH,91,67,75.014,8.289,13.77,-19.243,30.598,0.363,0.055,0.121,29,86.91,12.793,0.262,56,37,0.661
678877,"Skubal, Tarik",FF,163,97,75.942,6.777,-0.909,13.118,26.781,0.147,0.098,0.061,61,80.007,27.066,0.152,77,29,0.377
678877,"Skubal, Tarik",SI,70,43,77.978,6.763,-2.186,9.116,31.168,0.029,0.143,0.114,37,82.376,-0.027,0.396,36,20,0.556
678877,"Skubal, Tarik",SL,73,48,76.234,8.062,11.67,-13.726,30.64,0.233,0.082,0.123,26,84.596,5.778,0.108,43,25,0.581
678877,"Skubal, Tarik",ST,69,43,73.832,8.256,15.174,-24.555,28.938,0.29,0.101,0.101,23,84.657,23.522,0.183,41,21,0.512
678882,"Fried, Max",CH,235,131,69.733,7.789,15.496,-13.223,35.142,0.174,0.072,0.072,79,80.266,6.203,0.295,144,62,0.431
678882,"Fried, Max",CU,129,84,69.261,8.105,18.915,-20.035,34.871,0.233,0.085,0.07,49,77.673,2.592,0.298,75,40,0.533
678882,"Fried, Max",FC,116,65,70.515,7.258,8.531,5.916,31.924,0.155,0.086,0.078,44,84.364,18.318,0.275,57,20,0.351
678882,"Fried, Max",FF,658,387,67.81,6.683,5.343,12.827,29.101,0.122,0.129,0.09,278,84.622,32.299,0.323,281,99,0.352
678882,"Fried, Max",FS,74,47,64.288,7.727,17.327,-15.083,35.477,0.23,0.041,0.054,29,76.51,0.621,0.161,53,29,0.547
678882,"Fried, Max",SI,370,193,66.835,6.691,2.355,8.202,35.415,0.076,0.181,0.105,145,80.614,0.856,0.302,159,63,0.396
678882,"Fried, Max",SL,371,232,69.7,7.772,14.085,-7.788,32.456,0.178,0.108,0.092,153,83.127,18.797,0.315,193,90,0.466
678882,"Fried, Max",ST,161,89,69.483,7.794,16.839,-10.66,31.12,0.124,0.081,0.106,66,81.809,13.045,0.327,85,30,0.353
678894,"Verlander, Justin",FF,94,42,71.551,6.976,0.285,3.707,22.765,0.085,0.277,0.064,29,82.103,23.483,0.267,36,10,0.278
679032,"Brown, Ben",CH,63,36,66.792,7.317,5.821,5.096,25.079,0.159,0.079,0.095,24,77.183,-15.417,0.227,36,14,0.389
679032,"Brown, Ben",FF,200,97,65.743,6.45,0.883,18.782,22.499,0.105,0.225,0.055,68,80.084,27.426,0.255,87,31,0.356
679032,"Brown, Ben",SI,116,51,66.126,6.598,0.864,9.416,25.233,0.043,0.233,0.147,41,82.363,-1.683,0.388,50,16,0.32
679032,"Brown, Ben",SL,89,54,67.943,7.596,7.442,-11.246,26.883,0.191,0.079,0.056,30,76.917,10.7,0.21,53,26,0.491
679529,"Bibee, Tanner",CH,278,133,71.626,8.171,19.631,-14.032,39.141,0.151,0.108,0.079,77,82.43,15.143,0.315,166,50,0.301
679529,"Bibee, Tanner",CU,159,59,71.548,8.166,21.628,-22.268,38.153,0.113,0.182,0.05,40,79.42,13.775,0.317,85,19,0.224
679529,"Bibee, Tanner",FC,217,103,70.662,7.533,10.199,-3.58,35.833,0.134,0.171,0.06,67,78.87,20.299,0.298,106,26,0.245
679529,"Bibee, Tanner",FF,686,322,71.825,7.256,6.798,1.861,35.947,0.071,0.157,0.12,252,87.942,33.413,0.417,277,43,0.155
679529,"Bibee, Tanner",FS,89,47,71.149,8.396,23.049,-24.036,41.822,0.236,0.079,0.034,22,80.182,7.455,0.208,61,23,0.377
679529,"Bibee, Tanner",SI,549,230,72.965,7.417,7.906,0.5,40.358,0.038,0.219,0.113,191,86.797,13.126,0.382,237,39,0.165
679529,"Bibee, Tanner",SL,437,202,71.495,8.159,17.574,-15.066,37.435,0.169,0.165,0.076,115,85.37,24.957,0.241,230,67,0.291
679529,"Bibee, Tanner",ST,304,130,69.012,8.102,18.176,-16.431,37.759,0.145,0.138,0.039,77,80.092,30.519,0.222,176,43,0.244
679845,"Skubal, Tarik",CH,78,39,68.203,7.756,15.389,-23.261,31.115,0.167,0.051,0.038,23,85.696,15.348,0.183,40,9,0.225
679845,"Skubal, Tarik",FF,191,90,67.772,6.626,4.594,3.139,27.969,0.021,0.209,0.131,80,86.421,33.2,0.362,80,20,0.25
679845,"Skubal, Tarik",SI,143,64,68.451,6.635,1.22,-1.814,32.421,0.049,0.196,0.063,52,78.494,8.327,0.207,56,8,0.143
679845,"Skubal, Tarik",SL,85,41,62.335,7.31,9.663,-9.015,32.483,0.129,0.071,0.118,27,84.652,8.481,0.41,50,17,0.34
680474,"Ureña, José",CH,71,39,68.418,7.168,13.12,-6.937,32.5,0.155,0.042,0.042,25,79.236,7.44,0.231,42,13,0.31
680474,"Ureña, José",FF,270,134,66.467,6.419,4.494,9.806,29.216,0.126,0.181,0.059,92,82.684,30.272,0.282,112,28,0.25
680474,"Ureña, José",SI,171,77,62.037,6.075,-0.026,8.264,32.117,0.082,0.158,0.111,59,82.712,9.271,0.372,75,10,0.133
680474,"Ureña, José",SL,137,49,65.419,6.794,9.693,-2.108,31.465,0.08,0.212,0.051,33,79.2,10.059,0.27,69,9,0.13
680474,"Ureña, José",ST,72,31,69.287,7.0,13.899,-11.102,30.104,0.139,0.153,0.028,19,79.116,41.421,0.223,37,7,0.189
680574,"Pallante, Andre",CH,126,68,69.646,7.481,17.528,-11.552,33.116,0.23,0.087,0.087,37,83.038,7.243,0.22,73,26,0.356
680574,"Pallante, Andre",CU,149,53,67.023,7.244,16.313,-10.033,33.182,0.121,0.262,0.067,32,85.759,2.719,0.219,72,15,0.208
680574,"Pallante, Andre",FC,135,58,66.204,6.677,9.15,4.216,31.508,0.081,0.222,0.052,39,78.538,28.538,0.414,65,16,0.246
680574,"Pallante, Andre",FF,716,305,67.178,6.277,5.867,12.018,30.894,0.091,0.215,0.066,205,83.235,33.62,0.353,334,79,0.237
680574,"Pallante, Andre",FS,64,32,68.833,7.32,14.963,-7.384,31.957,0.125,0.094,0.031,23,78.322,16.304,0.146,36,11,0.306
680574,"Pallante, Andre",SI,445,181,67.231,6.251,4.952,9.096,33.022,0.063,0.243,0.085,137,83.32,13.92,0.357,209,54,0.258
680574,"Pallante, Andre",SL,497,227,66.522,7.184,14.851,-6.511,32.249,0.171,0.169,0.05,132,80.808,21.227,0.238,263,80,0.304
680574,"Pallante, Andre",ST,210,79,67.021,7.136,16.199,-6.708,32.415,0.1,0.214,0.033,53,81.342,25.151,0.161,110,21,0.191
680577,"Soriano, José",FF,122,69,63.075,5.941,-1.465,11.706,29.727,0.139,0.164,0.057,50,78.528,25.68,0.135,48,14,0.292
680577,"Soriano, José",SI,66,36,63.518,6.105,-4.639,11.215,34.274,0.061,0.197,0.061,25,80.14,8.2,0.184,30,9,0.3
680700,"Crochet, Garrett",FF,77,34,66.517,6.603,3.668,8.051,20.626,0.078,0.208,0.091,24,82.85,17.792,0.247,34,8,0.235
680718,"Houser, Adrian",CH,268,126,74.686,8.147,13.408,-12.457,29.147,0.112,0.075,0.131,90,84.201,13.333,0.382,168,48,0.286
680718,"Houser, Adrian",CU,204,78,71.656,8.172,15.012,-18.632,29.915,0.123,0.201,0.064,48,80.315,-2.917,0.156,119,36,0.303
680718,"Houser, Adrian",FC,175,110,76.113,7.436,8.677,-4.175,29.24,0.137,0.143,0.154,76,82.822,13.724,0.316,79,41,0.519
680718,"Houser, Adrian",FF,719,343,74.667,7.024,3.457,8.836,27.259,0.083,0.186,0.09,252,83.387,28.54,0.334,298,72,0.242
680718,"Houser, Adrian",FS,100,47,74.684,8.08,12.137,-13.411,27.775,0.16,0.06,0.08,30,82.383,2.633,0.454,59,15,0.254
680718,"Houser, Adrian",SI,260,130,74.631,7.064,2.571,9.151,29.561,0.088,0.235,0.142,97,85.398,7.598,0.346,98,32,0.327
680718,"Houser, Adrian",SL,300,155,75.019,8.065,11.861,-15.196,29.555,0.177,0.15,0.143,96,89.855,10.729,0.36,151,54,0.358
680718,"Houser, Adrian",ST,111,51,74.838,8.064,13.726,-13.294,29.895,0.135,0.198,0.108,33,85.43,8.273,0.339,59,19,0.322
680728,"Blalock, Bradley",CH,54,31,73.806,7.584,20.889,-14.874,34.581,0.241,0.074,0.056,15,79.193,6.333,0.256,28,9,0.321
680728,"Blalock, Bradley",FC,54,30,71.943,6.91,13.768,-4.02,36.066,0.093,0.148,0.185,22,86.564,15.091,0.517,27,11,0.407
680728,"Blalock, Bradley",FF,203,105,71.292,6.433,5.92,7.241,30.891,0.108,0.192,0.123,77,86.187,32.156,0.264,74,20,0.27
680737,"Allen, Logan",CH,51,31,63.703,7.973,14.154,-18.668,28.686,0.235,0.078,0.059,17,72.376,6.176,0.18,27,11,0.407
680737,"Allen, Logan",FF,145,85,65.625,6.929,7.416,-4.791,25.67,0.117,0.124,0.062,64,77.052,33.141,0.18,52,16,0.308
680737,"Allen, Logan",SI,63,32,67.903,7.176,6.585,-2.561,28.169,0.079,0.19,0.143,27,80.656,3.815,0.407,24,7,0.292
680757,"Mize, Casey",CH,283,131,63.753,6.767,8.181,-7.59,36.058,0.057,0.131,0.067,107,79.27,11.402,0.296,164,46,0.28
680757,"Mize, Casey",CU,125,46,65.948,6.833,9.666,-7.992,37.932,0.016,0.256,0.064,41,80.002,8.366,0.505,63,13,0.206
680757,"Mize, Casey",FC,223,97,61.152,6.049,2.949,-2.284,34.221,0.027,0.179,0.031,87,77.341,26.356,0.318,100,18,0.18
680757,"Mize, Casey",FF,1040,447,60.076,5.785,-0.646,3.527,33.89,0.02,0.234,0.035,409,80.945,29.633,0.308,457,103,0.225
680757,"Mize, Casey",FS,117,46,62.357,6.686,4.865,-4.272,36.611,0.06,0.094,0.034,36,78.036,12.806,0.281,78,19,0.244
680757,"Mize, Casey",SI,461,179,61.642,5.923,-3.541,3.294,36.158,0.013,0.297,0.056,168,82.315,11.185,0.321,178,35,0.197
680757,"Mize, Casey",SL,341,148,62.31,6.554,5.047,-4.634,35.828,0.07,0.196,0.067,123,79.566,18.967,0.255,159,40,0.252
680757,"Mize, Casey",ST,174,61,60.492,6.649,6.139,-7.22,37.683,0.046,0.207,0.046,50,78.908,21.56,0.341,91,15,0.165
680776,"Pepiot, Ryan",CH,259,132,73.681,8.052,10.645,-9.474,27.155,0.17,0.081,0.093,79,82.791,2.15,0.261,170,63,0.371
680776,"Pepiot, Ryan",CU,188,77,70.567,7.94,9.431,-9.611,26.415,0.133,0.154,0.069,47,81.109,1.17,0.2,119,37,0.311
680776,"Pepiot, Ryan",FC,198,91,73.978,7.403,5.785,-1.454,26.783,0.101,0.182,0.116,65,86.18,21.323,0.399,97,28,0.289
680776,"Pepiot, Ryan",FF,1006,483,73.147,6.926,1.338,10.139,25.017,0.103,0.183,0.091,333,85.33,31.462,0.363,433,112,0.259
680776,"Pepiot, Ryan",FS,133,68,73.618,8.106,10.181,-9.321,27.806,0.188,0.068,0.09,36,85.428,0.139,0.341,90,34,0.378
680776,"Pepiot, Ryan",SI,291,117,72.047,6.764,-3.441,14.71,28.283,0.055,0.258,0.089,93,83.271,2.404,0.35,126,32,0.254
680776,"Pepiot, Ryan",SL,382,195,73.456,7.791,7.857,-5.157,26.807,0.181,0.152,0.092,112,83.879,19.071,0.272,203,78,0.384
680776,"Pepiot, Ryan",ST,125,66,72.337,7.849,10.76,-8.614,26.905,0.184,0.112,0.072,41,80.824,28.171,0.244,70,27,0.386
680777,"Mize, Casey",CH,141,62,68.538,7.743,13.786,-8.96,28.594,0.149,0.156,0.057,38,79.226,6.447,0.287,92,32,0.348
680777,"Mize, Casey",FC,141,55,71.95,7.328,10.013,-0.607,27.638,0.092,0.177,0.035,41,80.763,29.171,0.348,69,10,0.145
680777,"Mize, Casey",FF,544,228,70.635,6.691,4.559,8.22,26.71,0.044,0.265,0.121,183,87.06,28.672,0.353,245,70,0.286
680777,"Mize, Casey",SI,402,140,72.643,6.991,6.201,2.711,31.486,0.022,0.313,0.097,120,84.966,13.483,0.31,169,39,0.231
680777,"Mize, Casey",SL,294,117,68.315,7.692,13.732,-10.268,28.603,0.133,0.15,0.061,73,79.934,10.986,0.339,164,37,0.226
680777,"Mize, Casey",ST,144,61,68.116,7.755,15.118,-12.702,28.772,0.118,0.132,0.049,42,79.302,17.69,0.304,88,24,0.273
680779,"Peralta, Freddy",CH,83,49,72.026,7.896,14.403,-19.728,27.195,0.193,0.084,0.048,29,77.066,25.31,0.204,48,21,0.438
680779,"Peralta, Freddy",CU,65,32,72.471,7.748,11.467,-16.338,28.004,0.077,0.077,0.138,25,88.572,19.52,0.397,39,11,0.282
680779,"Peralta, Freddy",FC,58,34,75.945,7.67,11.22,-11.346,26.35,0.121,0.103,0.086,25,80.596,32.84,0.33,26,12,0.462
680779,"Peralta, Freddy",FF,334,192,71.998,6.635,3.702,3.823,24.487,0.15,0.111,0.084,129,82.542,35.287,0.31,150,49,0.327
680779,"Peralta, Freddy",SI,185,105,70.643,6.568,-0.686,5.672,28.914,0.081,0.162,0.081,76,78.253,19.434,0.335,73,21,0.288
680779,"Peralta, Freddy",SL,213,112,70.469,7.789,12.454,-14.049,26.678,0.183,0.094,0.103,65,86.185,20.785,0.292,123,44,0.358
680779,"Peralta, Freddy",ST,79,39,68.866,7.621,10.705,-12.503,24.679,0.139,0.127,0.127,26,88.0,20.923,0.191,44,14,0.318
680862,"Kikuchi, Yusei",FF,119,74,69.725,7.007,4.078,14.17,30.719,0.067,0.101,0.084,56,83.3,27.339,0.243,48,16,0.333
680862,"Kikuchi, Yusei",SI,91,49,70.019,7.179,6.325,9.183,32.857,0.088,0.198,0.099,33,83.17,10.088,0.257,40,11,0.275
680869,"Skubal, Tarik",FF,119,71,69.685,6.827,17.862,9.948,32.814,0.202,0.134,0.092,42,85.993,32.19,0.261,49,12,0.245
680869,"Skubal, Tarik",SI,96,43,72.53,7.037,19.635,2.556,35.088,0.156,0.156,0.042,22,79.868,12.409,0.202,48,12,0.25
680869,"Skubal, Tarik",SL,65,32,65.697,7.694,27.02,-8.618,35.262,0.215,0.123,0.092,14,77.857,10.0,0.208,33,9,0.273
680977,"Skenes, Paul",CH,146,72,69.496,7.212,10.666,-5.036,31.813,0.089,0.062,0.151,56,86.025,1.304,0.357,94,29,0.309
680977,"Skenes, Paul",CU,171,62,68.941,7.218,12.92,-9.881,33.191,0.047,0.211,0.088,51,83.235,15.784,0.377,91,22,0.242
680977,"Skenes, Paul",FC,161,76,69.831,6.712,8.193,1.638,30.15,0.05,0.174,0.106,63,85.065,16.762,0.342,77,19,0.247
680977,"Skenes, Paul",FF,617,266,65.751,6.129,1.702,12.815,28.625,0.031,0.214,0.089,237,84.53,27.359,0.391,259,47,0.181
680977,"Skenes, Paul",FS,60,32,67.142,7.416,14.046,-6.382,32.961,0.15,0.083,0.117,20,85.005,-5.6,0.367,41,16,0.39
680977,"Skenes, Paul",SI,374,154,66.058,6.204,0.65,10.786,30.897,0.035,0.249,0.091,130,84.958,15.077,0.295,155,31,0.2
680977,"Skenes, Paul",SL,255,111,68.03,7.015,9.743,-3.593,31.032,0.082,0.184,0.106,85,84.4,9.518,0.31,129,34,0.264
680977,"Skenes, Paul",ST,90,40,68.631,7.338,14.495,-9.612,31.208,0.078,0.189,0.1,31,81.777,15.484,0.358,51,18,0.353
681082,"Quantrill, Cal",CH,249,115,67.099,7.503,10.18,-4.807,34.035,0.04,0.104,0.068,98,81.426,14.5,0.278,148,43,0.291
681082,"Quantrill, Cal",CU,185,61,67.507,7.459,10.493,-3.443,33.641,0.038,0.232,0.081,53,83.077,2.849,0.269,106,26,0.245
681082,"Quantrill, Cal",FC,147,67,68.39,7.124,8.39,-0.211,32.044,0.116,0.279,0.088,47,80.551,22.723,0.336,60,17,0.283
681082,"Quantrill, Cal",FF,1043,422,67.963,6.825,4.033,8.773,31.466,0.057,0.255,0.055,337,83.127,32.287,0.335,439,95,0.216
681082,"Quantrill, Cal",FS,87,35,67.588,7.675,12.508,-4.195,33.719,0.103,0.126,0.034,22,82.241,8.455,0.236,58,16,0.276
681082,"Quantrill, Cal",SI,356,132,69.1,6.877,3.15,9.268,32.923,0.031,0.317,0.053,111,82.645,16.477,0.308,132,26,0.197
681082,"Quantrill, Cal",SL,285,125,65.05,7.124,6.324,0.011,33.314,0.095,0.154,0.056,90,81.363,18.022,0.346,151,36,0.238
681082,"Quantrill, Cal",ST,94,39,67.013,7.456,13.896,-7.233,31.974,0.053,0.181,0.011,32,76.731,14.938,0.245,50,11,0.22
681146,"Parker, Mitchell",FF,145,57,67.106,6.865,11.096,10.618,28.698,0.021,0.283,0.083,52,86.873,28.154,0.283,56,13,0.232
681146,"Parker, Mitchell",SI,85,30,66.788,6.908,13.245,7.823,30.421,0.059,0.318,0.071,22,84.555,-9.818,0.279,37,10,0.27
681297,"Pepiot, Ryan",CH,228,106,70.45,7.748,21.832,-9.159,39.127,0.219,0.123,0.031,48,77.531,4.542,0.22,133,39,0.293
681297,"Pepiot, Ryan",FC,111,46,73.002,7.189,15.29,-0.699,40.153,0.081,0.243,0.09,33,86.233,20.242,0.473,47,7,0.149
681297,"Pepiot, Ryan",FF,425,198,71.704,6.593,7.865,7.947,38.41,0.089,0.198,0.096,137,86.614,25.934,0.342,177,33,0.186
681297,"Pepiot, Ryan",FS,89,48,69.767,7.656,19.876,-10.785,39.722,0.225,0.079,0.034,23,81.526,-1.739,0.16,50,18,0.36
681297,"Pepiot, Ryan",SI,194,73,72.046,6.896,9.907,3.39,39.001,0.067,0.273,0.129,58,87.247,13.534,0.365,87,16,0.184
681297,"Pepiot, Ryan",SL,173,77,69.128,7.542,20.524,-10.706,39.997,0.168,0.202,0.064,40,78.742,14.7,0.251,88,28,0.318
681297,"Pepiot, Ryan",ST,102,35,67.157,7.786,23.84,-12.654,38.676,0.216,0.294,0.02,12,74.192,3.083,0.137,53,18,0.34
681351,"Sugano, Tomoyuki",CH,124,73,70.88,8.037,20.647,-12.26,35.207,0.218,0.048,0.097,40,86.07,5.2,0.297,81,36,0.444
681351,"Sugano, Tomoyuki",CU,86,39,67.542,8.055,21.886,-18.162,34.868,0.209,0.116,0.07,20,88.15,13.0,0.201,54,15,0.278
681351,"Sugano, Tomoyuki",FC,96,53,72.642,7.333,11.003,5.875,31.98,0.083,0.125,0.177,41,90.312,21.512,0.504,44,10,0.227
681351,"Sugano, Tomoyuki",FF,489,233,69.012,6.977,9.448,10.464,29.647,0.11,0.17,0.065,158,84.242,32.342,0.326,227,54,0.238
681351,"Sugano, Tomoyuki",SI,308,164,70.291,7.154,9.622,9.803,33.848,0.088,0.205,0.11,120,84.014,12.225,0.305,122,38,0.311
681351,"Sugano, Tomoyuki",SL,325,179,70.018,7.926,19.7,-10.222,33.864,0.228,0.092,0.071,89,79.521,10.787,0.227,186,69,0.371
681351,"Sugano, Tomoyuki",ST,243,130,68.827,7.884,19.372,-13.75,33.556,0.193,0.107,0.111,75,84.241,18.907,0.286,141,51,0.362
681393,"Luzardo, Jesús",CH,129,75,68.991,7.595,28.415,-8.6,43.599,0.225,0.039,0.023,39,75.159,0.769,0.182,74,26,0.351
681393,"Luzardo, Jesús",CU,78,33,63.509,7.067,20.488,0.24,42.429,0.179,0.154,0.038,16,82.969,11.688,0.163,45,10,0.222
681393,"Luzardo, Jesús",FC,84,55,68.19,6.724,16.346,10.925,40.839,0.155,0.095,0.119,40,81.87,17.45,0.498,32,8,0.25
681393,"Luzardo, Jesús",FF,338,191,65.648,6.194,10.553,16.934,40.247,0.151,0.136,0.074,130,84.216,26.377,0.307,157,56,0.357
681393,"Luzardo, Jesús",SI,225,120,69.299,6.568,11.993,13.547,42.69,0.053,0.182,0.089,101,81.25,12.248,0.403,91,28,0.308
681393,"Luzardo, Jesús",SL,200,109,65.67,7.261,24.154,-2.163,41.014,0.175,0.08,0.08,64,82.412,11.615,0.24,100,27,0.27
681393,"Luzardo, Jesús",ST,106,43,68.14,7.39,25.428,-4.604,42.291,0.123,0.123,0.094,29,85.552,14.828,0.348,64,14,0.219
681460,"Bido, Osvaldo",CH,160,88,69.24,7.541,15.075,-4.03,30.469,0.119,0.044,0.094,64,81.538,13.0,0.363,82,21,0.256
681460,"Bido, Osvaldo",CU,104,50,68.561,7.759,15.944,-8.795,31.533,0.144,0.163,0.058,29,81.979,4.414,0.174,60,22,0.367
681460,"Bido, Osvaldo",FC,91,47,69.07,6.781,8.93,5.762,30.815,0.088,0.132,0.099,37,84.454,20.568,0.331,50,16,0.32
681460,"Bido, Osvaldo",FF,546,288,67.242,6.312,5.768,10.383,29.181,0.125,0.152,0.07,200,81.976,30.16,0.281,260,94,0.362
681460,"Bido, Osvaldo",FS,64,40,68.354,7.667,17.465,-8.39,30.189,0.125,0.062,0.125,28,80.854,0.571,0.338,29,11,0.379
681460,"Bido, Osvaldo",SI,112,51,66.534,6.336,2.582,2.719,32.363,0.08,0.214,0.116,32,87.353,17.424,0.418,47,12,0.255
681460,"Bido, Osvaldo",SL,102,58,69.646,7.556,14.153,-6.134,31.979,0.147,0.088,0.098,38,81.005,14.895,0.316,54,19,0.352
681481,"Bibee, Tanner",CH,292,167,70.722,8.018,22.035,-6.248,35.856,0.13,0.051,0.096,115,83.19,9.339,0.284,170,63,0.371
681481,"Bibee, Tanner",CU,188,87,68.937,8.067,21.899,-11.552,36.381,0.186,0.149,0.069,48,83.027,3.208,0.249,102,30,0.294
681481,"Bibee, Tanner",FC,187,108,70.432,7.163,15.44,2.917,34.7,0.134,0.118,0.123,72,85.212,29.111,0.361,79,27,0.342
681481,"Bibee, Tanner",FF,543,299,70.647,6.803,11.408,9.774,32.83,0.099,0.129,0.116,220,86.512,33.845,0.381,262,96,0.366
681481,"Bibee, Tanner",FS,81,45,69.762,8.013,20.147,-5.19,35.844,0.222,0.037,0.074,26,80.435,8.462,0.314,56,24,0.429
681481,"Bibee, Tanner",SI,230,95,69.688,6.737,7.989,13.629,35.323,0.052,0.261,0.109,70,86.506,17.257,0.459,91,18,0.198
681481,"Bibee, Tanner",SL,228,118,69.01,7.768,19.253,-5.148,37.885,0.175,0.123,0.096,74,85.034,16.446,0.299,125,45,0.36
681481,"Bibee, Tanner",ST,115,57,69.655,8.095,22.418,-12.454,36.532,0.148,0.165,0.078,36,82.497,10.722,0.334,57,18,0.316
681508,"Estévez, Carlos",FF,160,59,67.371,5.831,3.135,5.978,26.128,0.031,0.262,0.069,51,84.678,38.431,0.248,71,14,0.197
681546,"Martin, Davis",CH,86,40,70.55,8.16,21.185,-9.078,37.697,0.221,0.151,0.023,15,74.813,9.467,0.121,53,19,0.358
681546,"Martin, Davis",FF,172,87,71.705,7.186,12.264,7.242,36.346,0.151,0.157,0.076,54,85.087,38.315,0.302,64,12,0.188
681546,"Martin, Davis",SI,79,34,70.781,7.065,6.564,9.161,39.096,0.101,0.215,0.089,22,83.841,1.545,0.389,33,6,0.182
681546,"Martin, Davis",SL,97,43,69.365,8.012,20.238,-11.341,37.969,0.196,0.134,0.041,22,82.959,13.045,0.278,52,16,0.308
681624,"Webb, Logan",CH,164,97,70.572,8.331,13.975,-10.111,43.092,0.152,0.079,0.104,65,82.612,16.308,0.297,94,43,0.457
681624,"Webb, Logan",CU,157,74,69.408,8.278,14.699,-13.39,41.611,0.115,0.146,0.083,54,81.17,19.056,0.395,84,23,0.274
681624,"Webb, Logan",FC,191,108,71.981,7.864,7.287,-3.355,40.556,0.105,0.089,0.089,80,81.026,24.412,0.278,91,31,0.341
681624,"Webb, Logan",FF,779,427,71.229,7.501,3.305,2.336,38.699,0.085,0.151,0.081,323,83.139,29.576,0.334,310,91,0.294
681624,"Webb, Logan",SI,487,235,71.369,7.538,2.027,2.651,42.804,0.07,0.211,0.097,171,84.161,0.247,0.296,216,72,0.333
681624,"Webb, Logan",SL,413,232,69.31,8.111,9.394,-7.781,41.107,0.116,0.121,0.08,171,80.127,21.795,0.275,201,74,0.368
681624,"Webb, Logan",ST,241,130,70.317,8.196,12.862,-10.176,40.182,0.158,0.12,0.066,88,81.345,33.068,0.262,121,39,0.322
681715,"Luzardo, Jesús",CH,126,59,71.981,8.202,20.879,-12.73,31.567,0.222,0.087,0.071,24,85.933,4.208,0.299,75,19,0.253
681715,"Luzardo, Jesús",FC,103,43,71.302,7.477,15.113,4.698,29.833,0.126,0.126,0.029,27,78.407,19.815,0.384,58,11,0.19
681715,"Luzardo, Jesús",FF,322,156,71.844,7.297,11.437,10.581,28.016,0.134,0.171,0.09,98,86.572,26.153,0.333,143,31,0.217
681715,"Luzardo, Jesús",SI,205,91,72.391,7.397,9.992,8.309,31.38,0.112,0.239,0.122,65,86.498,8.462,0.377,80,16,0.2
681715,"Luzardo, Jesús",SL,157,75,70.722,7.874,18.348,-7.564,30.612,0.166,0.089,0.051,45,82.273,8.978,0.263,86,18,0.209
681715,"Luzardo, Jesús",ST,104,47,66.4,7.907,18.527,-8.465,30.337,0.163,0.192,0.058,25,81.24,10.72,0.213,53,16,0.302
681807,"Skubal, Tarik",CH,85,44,68.186,8.377,18.969,-14.604,31.45,0.141,0.118,0.071,29,78.472,11.724,0.269,53,21,0.396
681807,"Skubal, Tarik",FC,57,31,68.578,7.709,12.796,-3.477,30.797,0.228,0.105,0.088,14,85.507,26.357,0.356,23,5,0.217
681807,"Skubal, Tarik",FF,203,119,68.714,7.397,13.053,4.47,30.428,0.153,0.103,0.094,76,85.262,33.434,0.202,96,34,0.354
681807,"Skubal, Tarik",SI,69,33,70.882,7.521,11.276,4.563,32.094,0.116,0.261,0.145,23,86.857,20.261,0.208,27,9,0.333
681807,"Skubal, Tarik",SL,85,41,68.388,8.28,15.149,-14.944,33.303,0.176,0.176,0.059,23,76.848,20.957,0.171,40,13,0.325
681962,"Valdez, Framber",FF,73,40,66.875,6.667,6.113,3.25,32.336,0.027,0.219,0.151,35,85.223,29.171,0.32,29,10,0.345
681987,"Fried, Max",FF,99,42,68.636,6.567,-1.443,8.645,29.981,0.04,0.222,0.051,35,80.737,30.857,0.257,46,13,0.283
681987,"Fried, Max",SI,65,31,72.023,6.832,-1.129,1.67,33.624,0.077,0.246,0.138,21,86.676,-3.286,0.461,21,4,0.19
681987,"Fried, Max",SL,50,30,70.041,7.31,7.457,-7.202,31.346,0.12,0.14,0.16,23,83.761,7.348,0.289,22,9,0.409
682177,"Ober, Bailey",CH,259,117,68.295,7.345,18.196,-2.933,35.875,0.166,0.097,0.054,67,77.806,1.971,0.214,168,48,0.286
682177,"Ober, Bailey",CU,107,54,66.894,7.458,20.439,-5.601,37.468,0.112,0.178,0.084,39,81.397,9.795,0.21,59,25,0.424
682177,"Ober, Bailey",FC,112,56,70.678,6.707,9.887,9.182,35.692,0.116,0.214,0.071,40,79.66,24.175,0.318,46,10,0.217
682177,"Ober, Bailey",FF,514,228,68.375,6.444,7.475,14.097,32.798,0.099,0.198,0.103,165,87.031,27.903,0.373,208,27,0.13
682177,"Ober, Bailey",FS,95,55,69.176,7.291,17.682,0.881,35.297,0.137,0.063,0.137,40,79.958,-4.475,0.343,54,19,0.352
682177,"Ober, Bailey",KC,49,31,70.477,7.503,18.258,-4.233,37.296,0.184,0.122,0.061,18,81.25,-13.389,0.265,26,16,0.615
682177,"Ober, Bailey",SI,230,79,65.816,6.277,4.362,14.371,35.477,0.057,0.23,0.035,60,80.893,19.7,0.353,103,16,0.155
682177,"Ober, Bailey",SL,203,94,67.346,7.214,17.725,-3.897,36.15,0.207,0.197,0.044,46,78.296,16.717,0.189,106,38,0.358
682177,"Ober, Bailey",ST,94,37,65.903,7.13,17.753,-6.002,35.457,0.117,0.149,0.032,24,76.712,16.917,0.201,54,13,0.241
682622,"Pallante, Andre",CH,114,63,74.575,7.956,16.278,-17.64,31.348,0.193,0.035,0.132,37,84.459,8.432,0.297,69,23,0.333
682622,"Pallante, Andre",CU,101,40,68.685,7.653,13.576,-15.168,31.761,0.129,0.208,0.059,21,80.643,-2.381,0.156,64,21,0.328
682622,"Pallante, Andre",FC,66,38,72.997,7.624,11.267,-6.695,30.51,0.076,0.136,0.091,32,80.331,20.438,0.373,29,10,0.345
682622,"Pallante, Andre",FF,301,173,70.601,6.668,4.847,9.994,29.688,0.153,0.136,0.07,107,81.861,32.701,0.34,123,33,0.268
682622,"Pallante, Andre",SI,241,106,71.868,6.831,3.263,6.231,33.302,0.058,0.245,0.079,75,82.592,2.64,0.338,107,32,0.299
682622,"Pallante, Andre",SL,240,141,71.324,7.655,11.055,-9.045,30.711,0.133,0.096,0.112,103,84.595,14.757,0.31,127,51,0.402
682622,"Pallante, Andre",ST,136,66,68.245,7.506,11.953,-10.534,28.188,0.169,0.199,0.051,37,82.511,19.703,0.188,71,25,0.352
682626,"Bivens, Spencer",FF,296,150,72.673,6.709,3.244,15.373,27.759,0.135,0.132,0.142,92,91.66,27.793,0.41,135,37,0.274
682626,"Bivens, Spencer",SI,201,86,71.385,6.614,-0.586,17.197,30.47,0.08,0.234,0.1,65,82.366,5.323,0.3,93,30,0.323
682626,"Bivens, Spencer",SL,212,92,72.179,7.619,11.766,-6.019,30.611,0.165,0.146,0.094,47,86.496,3.149,0.299,122,29,0.238
682626,"Bivens, Spencer",ST,142,70,69.341,7.852,16.024,-9.296,30.479,0.211,0.12,0.063,36,82.825,16.167,0.191,84,28,0.333
682641,"Sánchez, Cristopher",CH,87,48,70.06,7.696,10.823,-12.618,29.655,0.184,0.103,0.092,31,81.913,0.871,0.255,51,20,0.392
682641,"Sánchez, Cristopher",FF,214,110,70.591,6.82,2.341,5.808,23.134,0.061,0.192,0.079,90,81.969,33.0,0.273,103,39,0.379
682641,"Sánchez, Cristopher",SI,101,50,71.448,6.914,2.097,3.499,26.796,0.02,0.238,0.178,44,85.63,6.644,0.347,43,16,0.372
682641,"Sánchez, Cristopher",SL,96,54,69.07,7.492,8.783,-8.475,27.907,0.083,0.135,0.094,43,79.974,7.205,0.259,47,19,0.404
682641,"Sánchez, Cristopher",ST,67,30,69.437,7.713,13.13,-20.188,29.237,0.149,0.164,0.09,19,81.847,32.263,0.208,39,12,0.308
682653,"Pfaadt, Brandon",CH,61,33,69.591,8.059,9.217,-24.366,34.901,0.082,0.049,0.049,23,80.222,12.261,0.24,39,16,0.41
682653,"Pfaadt, Brandon",FF,137,69,67.471,6.897,-3.727,-5.884,32.851,0.036,0.182,0.124,62,83.334,26.21,0.335,66,22,0.333
682653,"Pfaadt, Brandon",SI,109,65,68.5,7.14,-1.637,-9.905,35.763,0.083,0.174,0.119,48,85.669,-3.46,0.247,49,23,0.469
682653,"Pfaadt, Brandon",SL,70,34,66.479,8.018,7.284,-22.454,32.608,0.1,0.143,0.071,24,80.179,13.292,0.45,40,13,0.325
682657,"Skubal, Tarik",CH,263,159,68.356,7.735,14.63,-13.316,33.405,0.118,0.068,0.057,125,77.627,13.184,0.25,168,82,0.488
682657,"Skubal, Tarik",CU,151,71,69.59,7.951,18.339,-22.782,33.519,0.159,0.159,0.046,42,78.495,-4.333,0.147,86,31,0.36
682657,"Skubal, Tarik",FC,157,84,66.703,6.737,8.4,-9.566,35.648,0.07,0.14,0.108,63,80.937,30.0,0.222,73,26,0.356
682657,"Skubal, Tarik",FF,622,319,66.23,6.541,5.036,4.303,32.545,0.09,0.161,0.076,244,81.388,30.992,0.303,280,87,0.311
682657,"Skubal, Tarik",FS,76,49,68.876,7.871,17.728,-12.234,34.136,0.118,0.092,0.039,37,79.503,18.243,0.183,45,22,0.489
682657,"Skubal, Tarik",SI,218,90,66.592,6.648,4.042,2.219,33.775,0.041,0.22,0.083,72,84.692,15.403,0.309,97,18,0.186
682657,"Skubal, Tarik",SL,176,109,64.423,7.346,9.461,-17.045,35.678,0.142,0.142,0.114,78,81.228,16.974,0.284,89,50,0.562
682657,"Skubal, Tarik",ST,98,53,69.227,7.761,14.119,-20.503,36.797,0.173,0.245,0.092,32,83.584,18.312,0.177,43,21,0.488
682663,"Luzardo, Jesús",CH,205,105,74.84,8.096,12.395,-14.641,25.669,0.21,0.083,0.088,50,85.666,3.94,0.301,130,47,0.362
682663,"Luzardo, Jesús",CU,125,62,75.692,8.025,11.02,-14.501,25.001,0.176,0.184,0.12,39,86.172,13.949,0.239,63,19,0.302
682663,"Luzardo, Jesús",FC,148,77,73.562,7.413,7.914,0.739,24.742,0.095,0.115,0.128,56,85.279,11.429,0.367,82,27,0.329
682663,"Luzardo, Jesús",FF,548,279,71.648,6.747,2.162,12.234,24.714,0.119,0.146,0.099,199,84.617,29.729,0.399,286,91,0.318
682663,"Luzardo, Jesús",SI,403,188,73.619,6.955,0.9,8.013,27.729,0.042,0.233,0.129,154,84.07,2.604,0.316,172,44,0.256
682663,"Luzardo, Jesús",SL,366,190,73.77,7.763,8.557,-6.34,24.947,0.134,0.131,0.085,134,81.711,4.172,0.239,204,75,0.368
682663,"Luzardo, Jesús",ST,210,105,72.863,7.975,10.851,-11.826,23.838,0.119,0.114,0.124,74,85.386,18.649,0.387,118,38,0.322
682668,"Gray, Sonny",FC,57,31,70.486,7.207,2.891,7.726,25.506,0.158,0.105,0.088,20,82.73,-0.286,0.198,28,7,0.25
682668,"Gray, Sonny",FF,203,99,68.888,6.668,-2.54,15.726,24.76,0.069,0.192,0.103,79,83.477,23.278,0.301,90,21,0.233
682668,"Gray, Sonny",SI,121,56,65.311,6.511,-4.177,11.916,27.503,0.05,0.207,0.074,43,79.853,8.419,0.303,60,20,0.333
682668,"Gray, Sonny",SL,113,57,63.853,7.133,2.347,-10.843,28.208,0.124,0.124,0.018,36,71.9,8.778,0.235,65,25,0.385
682729,"Bello, Brayan",FF,199,89,63.677,5.703,-4.231,-5.487,32.671,0.085,0.196,0.07,63,81.698,30.032,0.292,84,18,0.214
682829,"Pallante, Andre",CH,489,231,73.29,7.611,12.892,-5.485,33.639,0.166,0.1,0.065,136,80.935,0.949,0.327,307,95,0.309
682829,"Pallante, Andre",CU,265,92,69.793,7.329,10.902,-6.778,35.516,0.094,0.26,0.057,61,82.441,6.443,0.258,144,36,0.25
682829,"Pallante, Andre",FC,201,101,73.227,6.771,3.427,5.958,34.361,0.095,0.189,0.095,76,83.866,12.461,0.332,90,30,0.333
682829,"Pallante, Andre",FF,848,406,72.803,6.584,2.434,11.827,31.733,0.138,0.178,0.101,259,87.856,23.582,0.363,380,96,0.253
682829,"Pallante, Andre",FS,136,66,73.078,7.682,14.041,-7.578,34.445,0.169,0.051,0.044,38,78.495,8.103,0.263,85,22,0.259
682829,"Pallante, Andre",SI,226,94,73.69,6.748,2.234,10.742,33.065,0.075,0.208,0.088,71,85.93,12.542,0.34,106,24,0.226
682829,"Pallante, Andre",SL,319,152,72.298,7.417,9.308,-4.269,35.411,0.141,0.16,0.1,96,85.584,1.281,0.273,171,55,0.322
682829,"Pallante, Andre",ST,150,64,70.241,7.556,14.604,-14.986,35.203,0.153,0.233,0.073,34,84.141,13.765,0.306,83,32,0.386
682927,"Rea, Colin",FF,141,67,69.253,6.634,1.075,15.189,23.675,0.092,0.206,0.092,48,84.225,28.854,0.345,61,20,0.328
682928,"Wheeler, Zack",CH,207,116,71.615,8.018,13.609,-10.133,27.905,0.126,0.082,0.116,82,80.055,4.337,0.326,125,51,0.408
682928,"Wheeler, Zack",CU,198,84,69.278,7.894,13.699,-8.542,29.26,0.116,0.242,0.081,54,83.096,4.926,0.207,106,40,0.377
682928,"Wheeler, Zack",FC,190,92,70.993,7.196,8.858,1.549,26.806,0.058,0.158,0.1,67,84.9,21.985,0.379,81,16,0.198
682928,"Wheeler, Zack",FF,759,376,70.646,6.988,5.684,7.391,24.868,0.086,0.173,0.088,288,84.668,29.215,0.332,304,66,0.217
682928,"Wheeler, Zack",FS,56,30,70.783,7.803,10.542,-2.512,28.326,0.089,0.036,0.107,20,82.77,10.15,0.392,37,13,0.351
682928,"Wheeler, Zack",SI,293,150,70.526,7.157,5.908,5.759,28.256,0.065,0.164,0.126,121,84.388,16.868,0.36,128,42,0.328
682928,"Wheeler, Zack",SL,367,198,70.118,8.031,14.433,-14.147,29.419,0.177,0.112,0.082,117,83.132,15.88,0.269,193,73,0.378
682928,"Wheeler, Zack",ST,187,92,68.17,8.024,14.86,-13.86,28.64,0.176,0.182,0.064,53,80.692,16.019,0.22,104,40,0.385
682985,"Bibee, Tanner",CH,355,193,74.715,7.838,22.261,-7.017,45.143,0.183,0.07,0.096,111,84.066,13.82,0.297,219,87,0.397
682985,"Bibee, Tanner",CU,195,87,73.823,7.82,21.623,-8.746,47.845,0.149,0.138,0.113,54,85.287,15.018,0.332,125,45,0.36
682985,"Bibee, Tanner",FC,182,99,75.286,7.124,12.328,3.251,44.054,0.115,0.121,0.11,70,85.046,17.914,0.506,78,18,0.231
682985,"Bibee, Tanner",FF,988,532,73.696,6.712,6.259,10.218,43.071,0.121,0.11,0.067,368,81.035,28.497,0.32,428,96,0.224
682985,"Bibee, Tanner",FS,122,73,73.599,7.835,22.108,-6.568,44.912,0.311,0.082,0.107,31,88.465,9.125,0.32,72,33,0.458
682985,"Bibee, Tanner",SI,442,223,74.9,6.823,6.3,8.566,44.508,0.066,0.172,0.102,173,82.549,5.035,0.307,175,43,0.246
682985,"Bibee, Tanner",SL,295,149,73.14,7.541,16.797,-2.863,45.126,0.183,0.136,0.088,80,83.955,19.55,0.425,171,61,0.357
682985,"Bibee, Tanner",ST,173,95,74.885,7.76,22.127,-9.607,46.291,0.214,0.127,0.052,53,75.208,15.962,0.25,92,37,0.402
682988,"Leiter, Jack",FF,145,64,70.075,6.425,3.849,15.627,34.148,0.076,0.2,0.062,51,81.782,16.784,0.308,71,18,0.254
682988,"Leiter, Jack",SL,98,51,65.45,7.57,17.06,-4.543,33.005,0.255,0.143,0.031,21,79.395,-1.227,0.197,57,22,0.386
682998,"Yamamoto, Yoshinobu",CH,230,104,74.083,7.93,15.985,-13.261,26.664,0.126,0.135,0.078,66,79.765,2.273,0.313,140,47,0.336
682998,"Yamamoto, Yoshinobu",CU,191,95,72.036,7.632,13.863,-10.355,27.102,0.12,0.152,0.099,70,82.179,8.6,0.462,98,35,0.357
682998,"Yamamoto, Yoshinobu",FC,189,95,75.282,7.255,11.3,-4.535,26.074,0.095,0.095,0.101,70,84.877,26.5,0.401,104,29,0.279
682998,"Yamamoto, Yoshinobu",FF,736,350,73.08,6.739,7.221,9.211,23.057,0.106,0.162,0.118,247,87.883,33.377,0.41,357,102,0.286
682998,"Yamamoto, Yoshinobu",FS,95,50,74.762,7.683,13.41,-8.046,25.98,0.126,0.074,0.147,34,86.103,-0.941,0.417,56,19,0.339
682998,"Yamamoto, Yoshinobu",SI,369,173,71.741,6.628,3.514,12.314,25.792,0.07,0.198,0.076,133,82.338,18.552,0.313,158,46,0.291
682998,"Yamamoto, Yoshinobu",SL,419,219,73.069,7.614,13.364,-10.222,27.047,0.153,0.105,0.119,139,84.735,11.05,0.389,230,75,0.326
682998,"Yamamoto, Yoshinobu",ST,183,90,71.702,7.562,12.324,-10.009,27.005,0.093,0.186,0.06,65,79.529,17.831,0.222,89,33,0.371
683002,"Warren, Will",CH,313,163,73.584,7.881,14.341,-9.968,29.585,0.163,0.064,0.077,98,81.732,7.52,0.302,210,79,0.376
683002,"Warren, Will",CU,188,75,73.063,7.835,16.593,-17.932,29.717,0.176,0.101,0.043,37,82.405,4.541,0.18,126,33,0.262
683002,"Warren, Will",FC,227,109,74.385,7.161,7.462,2.906,29.952,0.07,0.159,0.084,86,81.788,20.291,0.314,106,26,0.245
683002,"Warren, Will",FF,756,381,73.055,6.694,2.556,14.581,28.069,0.102,0.177,0.124,276,86.454,24.601,0.391,301,65,0.216
683002,"Warren, Will",FS,88,52,75.978,7.782,11.665,-8.806,30.04,0.205,0.08,0.148,32,88.134,3.281,0.34,54,23,0.426
683002,"Warren, Will",SI,390,168,73.581,6.844,2.05,11.263,30.143,0.038,0.241,0.113,146,83.808,11.555,0.35,168,45,0.268
683002,"Warren, Will",SL,341,146,74.008,7.589,12.512,-8.841,28.915,0.129,0.173,0.079,94,83.949,12.158,0.324,186,49,0.263
683002,"Warren, Will",ST,136,61,71.31,7.582,15.228,-11.919,28.214,0.125,0.162,0.118,42,84.352,24.167,0.383,75,19,0.253
683011,"Bassitt, Chris",CH,207,108,70.342,7.84,16.004,-5.388,32.849,0.101,0.077,0.063,74,81.226,14.527,0.199,120,37,0.308
683011,"Bassitt, Chris",CU,139,63,66.652,7.861,16.43,-9.508,32.211,0.108,0.173,0.065,41,79.607,-8.732,0.239,70,13,0.186
683011,"Bassitt, Chris",FC,204,93,71.935,7.061,9.524,10.303,30.599,0.098,0.201,0.103,70,84.943,13.2,0.381,93,23,0.247
683011,"Bassitt, Chris",FF,798,370,71.357,6.668,7.46,16.096,30.048,0.123,0.184,0.105,251,87.663,30.319,0.318,346,65,0.188
683011,"Bassitt, Chris",FS,74,34,73.203,8.039,17.345,-11.458,33.46,0.122,0.081,0.041,21,78.929,-7.524,0.106,38,5,0.132
683011,"Bassitt, Chris",SI,421,167,71.232,6.686,4.486,17.013,33.477,0.067,0.295,0.078,117,84.282,15.59,0.369,171,41,0.24
683011,"Bassitt, Chris",SL,402,204,69.504,7.65,13.078,0.156,31.558,0.122,0.179,0.095,139,82.649,10.094,0.264,194,62,0.32
683011,"Bassitt, Chris",ST,208,85,68.36,7.705,14.876,-5.706,31.448,0.072,0.178,0.062,65,80.318,17.523,0.299,121,32,0.264
683083,"Boyd, Matthew",FF,157,77,66.353,6.462,2.694,15.117,27.399,0.064,0.134,0.127,62,85.034,19.919,0.423,69,14,0.203
683090,"Ginn, J.T.",FF,70,35,74.45,7.097,6.069,2.815,35.358,0.2,0.129,0.071,18,84.839,24.167,0.22,37,11,0.297
683146,"Elder, Bryce",CH,185,87,71.816,7.943,13.352,-5.09,36.127,0.13,0.092,0.097,50,85.254,0.48,0.315,108,31,0.287
683146,"Elder, Bryce",CU,164,63,72.492,8.137,15.341,-10.176,36.842,0.116,0.213,0.067,39,88.5,-0.615,0.398,93,25,0.269
683146,"Elder, Bryce",FC,113,56,74.862,7.084,6.99,6.701,34.971,0.088,0.177,0.115,39,85.633,8.487,0.379,45,11,0.244
683146,"Elder, Bryce",FF,662,333,73.851,6.78,2.983,12.963,34.46,0.116,0.137,0.1,225,84.397,26.004,0.37,277,49,0.177
683146,"Elder, Bryce",FS,95,47,71.883,7.7,11.052,1.564,35.261,0.116,0.084,0.042,26,77.908,-8.704,0.146,58,19,0.328
683146,"Elder, Bryce",SI,153,69,72.289,6.818,3.224,12.78,35.573,0.072,0.281,0.15,54,88.026,7.722,0.438,59,17,0.288
683146,"Elder, Bryce",SL,198,85,70.698,7.68,11.857,-1.868,35.622,0.106,0.192,0.071,55,80.433,7.836,0.279,101,27,0.267
683146,"Elder, Bryce",ST,117,47,71.678,8.0,15.711,-9.536,36.448,0.12,0.222,0.068,31,81.035,-1.226,0.15,60,15,0.25
683227,"Allen, Logan",FF,156,80,64.53,6.169,8.079,5.309,21.763,0.058,0.218,0.051,65,80.457,36.323,0.237,78,37,0.474
683227,"Allen, Logan",SI,93,33,66.369,6.397,6.927,2.088,29.51,0.011,0.333,0.054,29,81.355,12.966,0.206,44,12,0.273
683227,"Allen, Logan",SL,72,30,64.124,6.81,10.018,-3.891,26.179,0.042,0.194,0.083,24,82.754,5.958,0.237,38,10,0.263
683734,"Boyd, Matthew",CH,127,56,70.405,7.575,12.016,-8.793,30.093,0.079,0.118,0.094,41,85.105,6.22,0.389,72,17,0.236
683734,"Boyd, Matthew",CU,127,40,69.482,7.516,13.348,-13.538,30.831,0.071,0.181,0.055,31,82.565,-2.097,0.366,74,12,0.162
683734,"Boyd, Matthew",FC,139,72,69.553,7.232,7.517,1.324,26.705,0.043,0.194,0.108,61,83.659,24.131,0.369,58,17,0.293
683734,"Boyd, Matthew",FF,543,278,68.223,6.736,3.472,8.92,27.407,0.074,0.169,0.123,223,87.077,31.242,0.391,265,84,0.317
683734,"Boyd, Matthew",FS,58,32,69.744,7.747,13.777,-14.017,32.465,0.103,0.086,0.069,25,77.056,-2.08,0.224,42,20,0.476
683734,"Boyd, Matthew",SI,305,141,69.631,6.927,3.046,6.958,31.939,0.092,0.207,0.118,106,86.707,12.689,0.315,141,43,0.305
683734,"Boyd, Matthew",SL,302,130,69.669,7.531,10.747,-9.578,29.371,0.136,0.152,0.093,84,86.545,17.524,0.385,160,39,0.244
683734,"Boyd, Matthew",ST,197,89,68.071,7.672,12.965,-13.983,29.368,0.162,0.173,0.071,53,83.974,21.019,0.237,105,30,0.286
683737,"Peralta, Freddy",CH,251,126,70.15,7.46,20.95,-5.876,37.542,0.179,0.06,0.084,74,83.272,8.027,0.457,148,44,0.297
683737,"Peralta, Freddy",CU,243,100,67.265,7.35,20.776,-6.153,38.809,0.119,0.173,0.066,63,81.251,3.825,0.281,127,27,0.213
683737,"Peralta, Freddy",FC,196,109,67.392,6.804,14.409,1.437,36.16,0.148,0.138,0.143,77,85.768,19.688,0.412,85,25,0.294
683737,"Peralta, Freddy",FF,752,366,66.31,6.381,8.819,8.919,34.806,0.06,0.177,0.12,292,87.53,29.997,0.429,310,60,0.194
683737,"Peralta, Freddy",FS,87,38,69.508,7.495,20.549,-9.073,39.219,0.172,0.069,0.092,22,84.332,8.636,0.317,55,12,0.218
683737,"Peralta, Freddy",SI,314,134,66.034,6.355,7.045,11.742,35.526,0.054,0.239,0.057,105,82.901,14.333,0.33,129,23,0.178
683737,"Peralta, Freddy",SL,353,166,68.104,7.295,20.732,-8.396,37.755,0.164,0.13,0.068,92,84.353,16.598,0.355,193,53,0.275
683737,"Peralta, Freddy",ST,133,50,67.235,7.16,18.661,-6.424,38.1,0.09,0.211,0.06,35,84.494,14.257,0.294,59,4,0.068
683766,"Pivetta, Nick",CH,54,31,62.712,7.0,7.469,-11.637,31.507,0.204,0.037,0.037,16,77.056,-22.062,0.226,34,15,0.441
683766,"Pivetta, Nick",FF,203,108,66.502,6.521,3.825,16.508,27.292,0.138,0.148,0.069,70,81.814,26.786,0.377,78,19,0.244
683766,"Pivetta, Nick",SI,120,56,69.593,6.743,3.171,16.277,28.773,0.067,0.192,0.083,45,82.429,8.733,0.273,45,10,0.222
683766,"Pivetta, Nick",SL,113,67,68.058,7.264,10.64,2.227,28.917,0.186,0.088,0.035,39,76.846,1.744,0.274,64,27,0.422
683766,"Pivetta, Nick",ST,58,33,66.469,7.328,12.04,-3.288,28.557,0.172,0.19,0.121,21,80.233,19.524,0.333,31,15,0.484
683770,"Schlittler, Cam",FF,109,59,71.307,7.176,3.684,10.821,27.71,0.147,0.138,0.055,39,80.041,31.769,0.217,52,16,0.308
686217,"Skenes, Paul",CH,188,95,65.637,7.585,12.533,-8.154,29.885,0.096,0.101,0.069,71,77.083,0.931,0.295,102,29,0.284
686217,"Skenes, Paul",CU,230,76,65.45,7.54,12.82,-9.736,29.989,0.048,0.235,0.035,53,77.058,-1.222,0.246,103,12,0.117
686217,"Skenes, Paul",FC,184,84,67.068,7.033,9.216,-0.834,27.272,0.049,0.228,0.098,66,83.576,17.515,0.243,73,19,0.26
686217,"Skenes, Paul",FF,876,390,66.862,6.646,4.541,4.87,26.667,0.032,0.213,0.064,325,81.477,30.206,0.325,419,123,0.294
686217,"Skenes, Paul",FS,109,56,64.047,7.635,10.766,-6.742,30.265,0.064,0.064,0.101,45,80.364,8.578,0.338,70,24,0.343
686217,"Skenes, Paul",SI,378,164,65.697,6.568,3.173,5.375,28.898,0.024,0.235,0.079,143,82.029,6.354,0.286,160,42,0.262
686217,"Skenes, Paul",SL,263,131,61.89,7.394,8.564,-6.261,29.975,0.068,0.148,0.08,107,76.835,12.832,0.309,121,35,0.289
686217,"Skenes, Paul",ST,157,57,61.141,7.483,11.155,-7.495,29.292,0.083,0.217,0.019,43,76.451,18.233,0.199,78,16,0.205
686452,"Nola, Aaron",FF,75,37,64.294,6.174,-2.634,9.993,32.419,0.093,0.227,0.08,29,80.121,22.448,0.415,27,4,0.148
686469,"Ober, Bailey",CH,342,159,71.837,7.842,13.261,-16.666,30.837,0.12,0.088,0.111,107,87.209,11.565,0.325,222,71,0.32
686469,"Ober, Bailey",CU,183,78,70.914,7.774,14.123,-18.403,30.36,0.104,0.186,0.153,54,89.228,9.204,0.381,99,30,0.303
686469,"Ober, Bailey",FC,195,92,71.9,7.248,10.397,-11.361,28.62,0.067,0.185,0.169,72,88.024,12.014,0.301,91,25,0.275
686469,"Ober, Bailey",FF,875,424,69.553,6.621,2.725,3.652,27.403,0.046,0.194,0.113,364,85.254,30.396,0.346,378,108,0.286
686469,"Ober, Bailey",FS,147,82,73.286,7.97,14.081,-16.331,30.427,0.15,0.109,0.102,55,85.08,6.218,0.205,87,37,0.425
686469,"Ober, Bailey",KC,65,37,72.247,7.644,13.269,-13.993,29.96,0.123,0.123,0.2,29,89.045,1.414,0.405,33,12,0.364
686469,"Ober, Bailey",SI,290,141,71.998,6.966,4.761,-0.741,30.18,0.038,0.19,0.155,118,87.713,12.202,0.324,122,29,0.238
686469,"Ober, Bailey",SL,333,152,71.449,7.691,13.343,-15.033,29.797,0.093,0.168,0.099,112,84.304,15.25,0.356,173,51,0.295
686469,"Ober, Bailey",ST,135,60,70.293,7.943,15.592,-19.555,32.086,0.133,0.207,0.126,37,85.07,24.757,0.335,66,22,0.333
686475,"Falter, Bailey",FF,57,37,67.056,6.156,3.967,7.525,25.518,0.053,0.07,0.158,31,86.119,26.677,0.386,20,4,0.2
686527,"Rocker, Kumar",CH,166,87,71.348,7.755,14.018,-6.876,31.677,0.145,0.09,0.084,57,80.858,7.947,0.291,109,44,0.404
686527,"Rocker, Kumar",CU,85,35,72.345,7.773,17.77,-14.804,34.155,0.106,0.165,0.082,23,85.278,7.565,0.483,51,14,0.275
686527,"Rocker, Kumar",FC,71,41,73.372,7.19,12.763,-3.385,33.816,0.042,0.141,0.127,36,82.778,10.946,0.364,37,17,0.459
686527,"Rocker, Kumar",FF,334,182,71.287,6.586,5.28,11.083,30.221,0.096,0.183,0.123,135,86.107,24.956,0.365,158,61,0.386
686527,"Rocker, Kumar",FS,68,38,71.597,7.841,15.931,-8.032,31.644,0.176,0.059,0.103,24,78.121,10.292,0.258,37,13,0.351
686527,"Rocker, Kumar",SI,131,57,72.118,7.018,7.871,6.983,32.417,0.092,0.26,0.137,40,89.535,9.7,0.423,53,16,0.302
686527,"Rocker, Kumar",SL,151,83,70.772,7.642,14.51,-7.337,33.354,0.212,0.126,0.099,43,83.372,15.233,0.33,80,32,0.4
686527,"Rocker, Kumar",ST,87,38,71.343,7.822,16.257,-13.015,33.845,0.126,0.115,0.103,24,88.004,11.667,0.403,46,11,0.239
686555,"Gray, Sonny",CH,206,84,71.94,7.154,9.29,-8.786,28.048,0.107,0.15,0.049,56,79.255,1.304,0.282,119,29,0.244
686555,"Gray, Sonny",CU,135,32,66.478,7.106,10.007,-12.815,27.415,0.089,0.237,0.044,17,84.924,-3.353,0.298,86,15,0.174
686555,"Gray, Sonny",FC,120,55,69.919,6.494,2.083,1.342,29.772,0.1,0.15,0.058,43,76.944,18.86,0.446,55,9,0.164
686555,"Gray, Sonny",FF,803,359,69.904,6.194,-0.891,3.804,28.668,0.083,0.166,0.06,259,80.743,28.39,0.317,334,44,0.132
686555,"Gray, Sonny",FS,88,39,68.105,7.17,8.943,-17.096,29.059,0.114,0.08,0.068,27,79.274,20.704,0.208,52,13,0.25
686555,"Gray, Sonny",SI,204,91,69.701,6.243,-2.168,4.271,29.791,0.054,0.25,0.093,71,86.185,11.389,0.288,67,8,0.119
686555,"Gray, Sonny",SL,160,73,70.174,7.121,9.691,-14.779,29.817,0.125,0.2,0.1,49,81.586,11.51,0.353,76,22,0.289
686555,"Gray, Sonny",ST,73,31,68.703,7.261,13.501,-16.154,29.331,0.164,0.192,0.123,17,91.494,11.882,0.424,39,12,0.308
686611,"Luzardo, Jesús",CH,114,59,73.284,7.746,12.392,-13.69,29.335,0.175,0.061,0.026,33,78.348,6.088,0.319,65,18,0.277
686611,"Luzardo, Jesús",FC,58,34,72.184,7.116,5.927,1.268,26.369,0.155,0.103,0.121,24,84.767,11.75,0.19,27,11,0.407
686611,"Luzardo, Jesús",FF,321,164,71.371,6.713,2.061,9.588,23.6,0.14,0.159,0.072,109,84.767,33.009,0.317,156,52,0.333
686611,"Luzardo, Jesús",SI,238,117,71.521,6.781,2.655,7.729,27.754,0.08,0.193,0.118,87,86.075,1.27,0.368,91,21,0.231
686611,"Luzardo, Jesús",SL,212,91,70.875,7.731,11.229,-12.32,27.232,0.165,0.175,0.052,52,80.91,13.212,0.254,116,36,0.31
686611,"Luzardo, Jesús",ST,104,41,69.313,7.385,8.164,-7.041,26.251,0.115,0.202,0.077,27,85.385,17.222,0.374,56,11,0.196
686668,"Ray, Robbie",CH,130,61,68.417,7.645,16.291,-10.605,32.298,0.169,0.038,0.069,33,79.436,5.758,0.38,88,26,0.295
686668,"Ray, Robbie",CU,82,43,66.629,7.656,17.177,-11.488,33.017,0.134,0.037,0.098,28,83.65,-0.214,0.273,50,14,0.28
686668,"Ray, Robbie",FC,129,62,67.732,7.006,9.11,2.624,29.792,0.116,0.155,0.085,42,81.943,17.286,0.277,69,24,0.348
686668,"Ray, Robbie",FF,670,331,69.23,6.65,6.506,12.015,28.408,0.125,0.173,0.099,225,84.919,25.6,0.299,309,86,0.278
686668,"Ray, Robbie",SI,313,142,69.315,6.798,5.521,9.431,31.349,0.042,0.227,0.112,117,82.997,7.53,0.318,137,35,0.255
686668,"Ray, Robbie",SL,350,195,68.312,7.58,15.046,-7.175,31.303,0.22,0.12,0.077,107,83.659,10.925,0.264,176,62,0.352
686668,"Ray, Robbie",ST,209,100,68.057,7.628,16.471,-8.739,30.838,0.163,0.11,0.067,65,80.531,17.877,0.338,118,29,0.246
686681,"López, Pablo",CH,154,93,68.175,7.638,16.583,-13.636,32.946,0.11,0.045,0.084,73,79.326,12.329,0.209,101,48,0.475
686681,"López, Pablo",CU,90,40,70.555,7.603,17.532,-15.035,30.15,0.033,0.156,0.111,35,81.226,12.086,0.361,48,13,0.271
686681,"López, Pablo",FC,66,33,70.312,6.942,11.583,-3.81,32.891,0.061,0.212,0.076,28,77.536,29.214,0.429,29,10,0.345
686681,"López, Pablo",FF,362,186,67.814,6.591,7.904,4.983,30.763,0.069,0.202,0.086,151,81.452,36.682,0.271,147,43,0.293
686681,"López, Pablo",FS,47,32,71.319,7.665,16.311,-11.99,31.858,0.213,0.043,0.085,19,86.595,2.895,0.164,29,16,0.552
686681,"López, Pablo",SI,103,53,69.215,6.775,7.821,2.033,31.598,0.087,0.223,0.087,41,83.405,17.537,0.313,48,20,0.417
686681,"López, Pablo",SL,116,65,68.173,7.508,16.593,-14.738,30.64,0.086,0.147,0.103,52,81.927,18.808,0.275,48,16,0.333
686765,"Fried, Max",CH,69,37,65.497,7.372,19.231,-5.939,33.005,0.145,0.174,0.087,26,82.731,6.0,0.249,33,12,0.364
686765,"Fried, Max",FF,122,48,66.092,6.663,10.583,3.498,31.274,0.049,0.221,0.074,39,82.905,32.103,0.313,62,16,0.258
686780,"Keller, Mitch",CH,129,75,72.332,7.55,14.711,-11.1,30.174,0.233,0.109,0.039,40,75.465,1.95,0.168,76,36,0.474
686780,"Keller, Mitch",CU,91,42,68.369,7.588,13.676,-13.217,31.967,0.198,0.198,0.044,23,80.961,-1.0,0.272,52,22,0.423
686780,"Keller, Mitch",FC,103,57,72.364,7.142,7.46,-3.648,29.75,0.058,0.136,0.117,49,83.586,26.245,0.384,38,8,0.211
686780,"Keller, Mitch",FF,438,225,69.679,6.354,-1.617,11.309,29.736,0.071,0.196,0.082,176,83.235,27.398,0.277,187,63,0.337
686780,"Keller, Mitch",SI,306,138,70.173,6.388,-3.316,11.425,32.293,0.046,0.206,0.075,114,81.404,6.698,0.315,145,42,0.29
686780,"Keller, Mitch",SL,207,113,72.648,7.564,12.379,-10.935,29.32,0.198,0.111,0.068,68,78.728,16.0,0.209,115,40,0.348
686780,"Keller, Mitch",ST,153,83,68.657,7.695,16.143,-18.852,29.244,0.255,0.124,0.078,41,78.02,22.683,0.143,85,35,0.412
686797,"Cantillo, Joey",CH,328,164,67.14,7.626,14.741,-12.079,29.961,0.143,0.085,0.058,111,78.071,-2.09,0.254,202,65,0.322
686797,"Cantillo, Joey",CU,193,70,62.184,7.529,14.37,-14.244,31.252,0.119,0.207,0.067,42,83.093,-6.119,0.261,113,30,0.265
686797,"Cantillo, Joey",FC,158,84,68.553,6.947,10.322,-1.289,31.584,0.063,0.158,0.127,69,85.535,12.696,0.337,73,22,0.301
686797,"Cantillo, Joey",FF,551,310,68.363,6.628,6.967,7.549,29.974,0.087,0.147,0.125,242,86.224,32.632,0.342,243,87,0.358
686797,"Cantillo, Joey",FS,110,50,66.7,7.54,15.293,-12.361,29.753,0.155,0.045,0.045,29,81.238,6.276,0.177,77,21,0.273
686797,"Cantillo, Joey",SI,225,109,70.043,6.851,6.421,4.822,30.918,0.049,0.2,0.164,94,87.906,15.957,0.338,94,25,0.266
686797,"Cantillo, Joey",SL,278,152,65.718,7.469,13.941,-14.252,32.559,0.183,0.137,0.083,91,82.468,6.924,0.178,143,55,0.385
686797,"Cantillo, Joey",ST,116,41,66.424,7.545,13.466,-14.174,32.738,0.129,0.267,0.017,23,83.361,16.13,0.19,59,14,0.237
686894,"Luzardo, Jesús",FF,73,39,71.582,7.0,9.048,0.539,25.746,0.055,0.151,0.164,34,86.209,26.971,0.253,28,6,0.214
686948,"Holmes, Clay",CH,213,116,73.152,7.843,14.571,-5.284,31.306,0.117,0.08,0.099,80,82.44,6.84,0.203,139,58,0.417
686948,"Holmes, Clay",CU,133,64,74.734,7.8,17.39,-11.091,30.274,0.12,0.15,0.098,44,83.252,2.556,0.312,73,21,0.288
686948,"Holmes, Clay",FC,117,55,75.066,6.923,8.216,6.223,31.175,0.051,0.154,0.103,40,81.665,22.341,0.439,57,16,0.281
686948,"Holmes, Clay",FF,484,248,73.316,6.475,3.02,15.104,30.784,0.079,0.128,0.112,192,85.901,27.292,0.412,206,41,0.199
686948,"Holmes, Clay",FS,65,36,74.68,7.82,15.972,-8.023,31.884,0.123,0.062,0.138,24,88.075,5.5,0.265,42,17,0.405
686948,"Holmes, Clay",SI,371,165,74.275,6.688,2.249,14.274,32.931,0.03,0.226,0.119,144,85.695,5.486,0.336,155,30,0.194
686948,"Holmes, Clay",SL,236,125,71.998,7.554,13.407,-4.499,31.391,0.127,0.102,0.114,81,86.093,13.926,0.396,135,51,0.378
686948,"Holmes, Clay",ST,85,36,73.997,7.926,16.146,-12.111,32.443,0.094,0.188,0.106,27,85.007,22.778,0.426,43,9,0.209
687221,"Dollander, Chase",CH,56,35,72.997,8.194,20.415,-15.137,34.228,0.304,0.071,0.036,15,76.033,-12.733,0.099,25,8,0.32
687221,"Dollander, Chase",FF,159,84,71.562,7.109,9.528,5.153,33.151,0.119,0.151,0.101,54,86.969,23.815,0.34,56,7,0.125
687221,"Dollander, Chase",SI,93,36,69.592,6.992,6.496,8.703,33.641,0.054,0.247,0.118,27,82.793,4.444,0.337,39,5,0.128
687221,"Dollander, Chase",SL,87,38,70.889,7.789,14.519,-11.173,34.98,0.207,0.207,0.023,19,78.189,18.316,0.284,35,5,0.143
687231,"Kikuchi, Yusei",CH,71,32,65.428,7.634,12.887,-19.831,34.372,0.085,0.141,0.042,21,76.11,1.333,0.219,41,11,0.268
687231,"Kikuchi, Yusei",FF,222,119,65.278,6.378,-0.568,10.338,31.611,0.099,0.144,0.045,84,80.058,29.714,0.341,94,24,0.255
687231,"Kikuchi, Yusei",SI,121,66,67.287,6.654,1.727,7.2,35.373,0.066,0.19,0.157,55,84.175,4.382,0.329,47,19,0.404
687231,"Kikuchi, Yusei",SL,123,55,67.213,7.433,8.666,-3.18,30.845,0.049,0.179,0.073,44,78.823,16.068,0.292,64,16,0.25
687263,"deGrom, Jacob",CH,179,79,70.123,7.478,24.307,-15.033,40.864,0.201,0.073,0.056,31,82.297,0.323,0.298,119,36,0.303
687263,"deGrom, Jacob",CU,130,38,63.614,6.981,16.881,-15.284,39.13,0.115,0.215,0.077,22,82.773,4.364,0.22,80,19,0.238
687263,"deGrom, Jacob",FC,166,85,70.653,6.865,14.847,-1.198,38.818,0.114,0.114,0.102,62,84.687,18.048,0.465,89,27,0.303
687263,"deGrom, Jacob",FF,477,262,69.114,6.477,12.114,5.925,37.632,0.103,0.145,0.136,200,88.276,33.055,0.384,219,69,0.315
687263,"deGrom, Jacob",FS,84,43,70.617,7.333,21.662,-16.302,40.6,0.214,0.107,0.083,21,84.824,-5.952,0.212,45,13,0.289
687263,"deGrom, Jacob",SI,471,216,68.242,6.583,12.492,0.549,40.919,0.07,0.214,0.108,164,84.802,12.255,0.406,200,43,0.215
687263,"deGrom, Jacob",SL,376,211,69.109,7.25,19.427,-9.07,39.084,0.191,0.093,0.074,123,81.817,8.528,0.297,217,84,0.387
687263,"deGrom, Jacob",ST,222,95,68.077,7.294,20.72,-10.841,38.51,0.167,0.189,0.063,54,81.452,17.741,0.27,133,42,0.316
687363,"Keller, Mitch",CH,160,78,65.54,6.679,11.775,-13.247,32.83,0.162,0.056,0.056,41,76.768,-5.293,0.239,98,29,0.296
687363,"Keller, Mitch",CU,138,58,63.705,6.375,12.543,-10.53,32.195,0.145,0.13,0.036,32,78.678,10.906,0.267,72,13,0.181
687363,"Keller, Mitch",FC,132,69,64.573,5.798,3.772,-1.715,32.513,0.083,0.129,0.068,53,79.621,22.698,0.297,59,12,0.203
687363,"Keller, Mitch",FF,533,264,63.389,5.665,2.207,6.864,30.839,0.09,0.111,0.071,202,79.981,28.109,0.327,257,51,0.198
687363,"Keller, Mitch",SI,267,115,59.367,5.358,0.112,-1.709,32.328,0.052,0.18,0.06,87,79.07,8.586,0.336,113,17,0.15
687363,"Keller, Mitch",SL,254,128,59.796,6.071,7.55,-22.078,36.617,0.181,0.13,0.024,72,70.332,0.014,0.245,122,43,0.352
687363,"Keller, Mitch",ST,112,46,61.62,6.69,14.666,-16.532,35.373,0.17,0.214,0.018,26,68.296,5.577,0.23,57,16,0.281
687401,"Gray, Sonny",CH,113,60,70.618,8.057,9.025,-13.778,28.165,0.15,0.133,0.071,42,77.069,7.262,0.224,60,22,0.367
687401,"Gray, Sonny",CU,98,36,65.414,7.997,5.805,-17.863,28.616,0.071,0.224,0.01,28,69.721,3.143,0.246,60,21,0.35
687401,"Gray, Sonny",FC,126,59,71.067,7.457,1.256,-4.375,27.144,0.048,0.214,0.103,50,81.442,11.32,0.328,52,15,0.288
687401,"Gray, Sonny",FF,612,294,71.116,6.903,-3.167,9.626,26.368,0.065,0.227,0.083,238,82.059,29.164,0.304,239,67,0.28
687401,"Gray, Sonny",SI,417,177,69.809,6.889,-5.169,1.972,30.436,0.036,0.271,0.108,149,82.015,6.55,0.263,175,53,0.303
687401,"Gray, Sonny",SL,313,148,70.101,7.954,6.094,-10.994,28.136,0.102,0.217,0.093,110,81.515,11.773,0.29,137,48,0.35
687401,"Gray, Sonny",ST,188,83,66.394,7.846,6.582,-8.073,26.663,0.059,0.213,0.027,68,72.581,24.279,0.241,101,38,0.376
687462,"Singer, Brady",CH,199,84,67.625,7.527,15.435,-8.238,36.306,0.095,0.085,0.045,62,79.902,10.619,0.277,142,42,0.296
687462,"Singer, Brady",CU,129,48,67.102,7.398,16.006,-9.574,37.444,0.062,0.202,0.078,36,83.472,15.278,0.323,70,17,0.243
687462,"Singer, Brady",FC,182,95,65.245,6.638,7.808,3.007,35.102,0.088,0.203,0.077,71,80.634,20.181,0.353,70,21,0.3
687462,"Singer, Brady",FF,616,283,66.155,6.424,4.089,6.394,34.253,0.047,0.166,0.078,241,81.346,30.61,0.36,241,28,0.116
687462,"Singer, Brady",SI,216,98,66.656,6.547,2.254,5.982,36.849,0.06,0.199,0.079,79,84.267,11.987,0.355,90,18,0.2
687462,"Singer, Brady",SL,200,108,67.456,7.232,13.16,-7.659,37.342,0.13,0.085,0.07,77,82.914,17.273,0.226,107,34,0.318
687462,"Singer, Brady",ST,81,39,63.814,7.431,18.644,-13.86,37.78,0.148,0.198,0.086,23,83.17,10.174,0.26,42,16,0.381
687478,"Sale, Chris",FF,69,37,69.179,6.906,11.134,8.896,32.672,0.174,0.116,0.072,22,83.786,38.318,0.194,29,5,0.172
687515,"Baz, Shane",CH,54,35,71.054,8.317,18.069,-18.603,32.374,0.333,0.0,0.093,16,82.262,14.875,0.211,41,22,0.537
687515,"Baz, Shane",FF,205,124,74.155,7.228,6.219,3.848,26.674,0.137,0.151,0.088,83,84.483,42.783,0.315,80,28,0.35
687515,"Baz, Shane",SL,72,40,68.697,7.997,15.811,-11.293,31.253,0.25,0.097,0.028,19,77.421,19.0,0.146,43,19,0.442
687551,"Gallen, Zac",FF,151,68,70.129,7.192,1.963,-3.933,24.358,0.079,0.185,0.086,52,81.669,34.635,0.379,66,11,0.167
687597,"Gallen, Zac",CH,152,83,71.337,8.023,14.933,-15.744,34.157,0.184,0.059,0.059,50,76.47,1.88,0.326,90,32,0.356
687597,"Gallen, Zac",CU,143,61,69.853,8.066,18.269,-15.515,34.007,0.154,0.14,0.035,32,74.116,-7.344,0.184,89,28,0.315
687597,"Gallen, Zac",FC,154,75,72.668,7.566,8.121,-1.733,32.247,0.143,0.143,0.045,47,78.53,26.021,0.345,71,15,0.211
687597,"Gallen, Zac",FF,681,319,72.433,7.164,3.433,8.348,30.803,0.115,0.192,0.085,214,85.153,32.495,0.382,283,50,0.177
687597,"Gallen, Zac",SI,430,165,71.023,7.129,3.627,9.58,34.19,0.051,0.312,0.079,134,84.354,8.157,0.311,169,30,0.178
687597,"Gallen, Zac",SL,462,233,70.033,8.084,15.265,-13.167,33.525,0.18,0.115,0.058,133,78.144,14.203,0.233,267,92,0.345
687597,"Gallen, Zac",ST,195,107,68.315,8.165,17.019,-13.697,33.58,0.226,0.108,0.062,56,79.17,18.807,0.244,111,42,0.378
687637,"Schlittler, Cam",CH,77,31,68.752,8.181,15.169,-13.773,39.229,0.104,0.156,0.052,23,80.33,25.217,0.277,46,13,0.283
687637,"Schlittler, Cam",FF,247,100,71.846,6.984,2.98,0.943,38.248,0.049,0.202,0.049,83,80.331,35.759,0.396,112,15,0.134
687859,"Holmes, Clay",CH,70,38,69.153,7.645,15.975,-9.726,33.485,0.186,0.057,0.071,23,78.039,3.304,0.345,44,17,0.386
687859,"Holmes, Clay",FF,166,82,68.411,6.358,4.167,8.462,29.784,0.139,0.217,0.042,53,82.27,33.962,0.294,66,21,0.318
687952,"Verlander, Justin",FF,144,86,71.592,6.792,11.701,5.482,30.928,0.146,0.111,0.125,60,84.623,35.083,0.299,78,37,0.474
687952,"Verlander, Justin",SI,121,63,73.646,6.922,9.501,2.849,35.57,0.05,0.273,0.107,52,81.05,15.75,0.29,38,15,0.395
687952,"Verlander, Justin",SL,83,51,72.263,8.039,22.032,-14.914,37.595,0.253,0.096,0.108,27,82.422,23.259,0.242,52,28,0.538
688363,"Holmes, Clay",CH,88,40,66.684,7.692,13.874,-17.371,29.167,0.216,0.068,0.034,19,80.332,1.0,0.179,60,20,0.333
688363,"Holmes, Clay",FC,68,36,69.162,6.888,8.187,-6.129,28.21,0.103,0.176,0.132,28,78.029,20.179,0.266,31,11,0.355
688363,"Holmes, Clay",FF,229,116,67.242,6.435,3.076,6.421,28.506,0.087,0.148,0.083,89,81.191,28.494,0.349,85,16,0.188
688363,"Holmes, Clay",SI,88,39,67.946,6.544,3.064,6.461,30.36,0.068,0.216,0.091,28,86.054,11.964,0.318,33,7,0.212
688363,"Holmes, Clay",SL,66,33,68.194,7.367,11.743,-9.449,29.178,0.136,0.152,0.076,21,83.248,10.048,0.27,35,12,0.343
688760,"Castillo, Luis",FF,73,30,72.557,6.807,4.785,3.276,29.286,0.014,0.301,0.137,28,83.464,31.643,0.534,21,3,0.143
689172,"Keller, Mitch",FF,113,59,65.768,6.053,4.604,8.407,31.409,0.106,0.159,0.044,43,79.279,37.791,0.302,51,16,0.314
689200,"Kremer, Dean",FF,116,56,70.028,6.559,5.279,22.912,27.474,0.112,0.207,0.078,35,85.197,25.343,0.263,47,11,0.234
689414,"Holmes, Clay",CH,182,79,67.017,7.25,15.904,-8.459,33.321,0.088,0.11,0.049,58,75.862,6.517,0.208,109,26,0.239
689414,"Holmes, Clay",FC,124,53,63.961,6.341,6.337,1.648,31.836,0.073,0.218,0.097,41,83.851,12.854,0.358,54,11,0.204
689414,"Holmes, Clay",FF,505,202,64.747,6.143,2.281,6.169,31.18,0.03,0.222,0.073,171,82.82,25.456,0.368,205,24,0.117
689414,"Holmes, Clay",SI,222,81,64.415,6.119,0.617,7.716,32.886,0.027,0.297,0.05,66,79.382,-1.667,0.284,89,16,0.18
689414,"Holmes, Clay",SL,209,84,64.775,6.974,12.79,-8.457,33.761,0.086,0.196,0.053,61,77.313,-0.918,0.278,110,25,0.227
690022,"Brown, Hunter",FF,222,128,65.608,6.008,2.246,13.01,33.613,0.189,0.144,0.036,76,80.055,26.197,0.226,82,21,0.256
690022,"Brown, Hunter",SI,145,76,64.543,5.932,0.056,8.504,37.405,0.11,0.186,0.09,54,78.959,11.111,0.331,58,20,0.345
690022,"Brown, Hunter",SL,180,98,66.069,7.108,17.723,-11.141,34.925,0.217,0.1,0.056,52,78.796,9.865,0.19,92,32,0.348
690022,"Brown, Hunter",ST,76,34,63.683,6.931,12.281,-14.608,35.613,0.145,0.158,0.039,20,75.5,13.85,0.226,41,12,0.293
690291,"Pivetta, Nick",FF,84,43,70.54,6.663,1.807,14.127,29.914,0.083,0.167,0.036,31,80.145,36.935,0.286,37,10,0.27
690924,"Rodriguez, Eduardo",FF,164,82,70.358,5.964,3.392,5.814,27.983,0.11,0.171,0.079,56,82.829,32.821,0.311,67,14,0.209
690924,"Rodriguez, Eduardo",SL,70,42,69.5,7.119,16.703,-15.864,30.826,0.186,0.1,0.086,25,83.756,13.52,0.221,29,11,0.379
690976,"Darvish, Yu",FF,162,66,65.797,6.529,4.198,-0.011,31.053,0.08,0.21,0.062,48,82.348,29.938,0.216,74,14,0.189
690987,"Pérez, Eury",CH,103,35,65.683,7.237,16.701,-6.92,38.351,0.136,0.146,0.039,19,78.589,10.579,0.261,64,9,0.141
690987,"Pérez, Eury",CU,99,47,61.92,6.93,13.207,-8.443,39.939,0.121,0.162,0.04,30,79.42,-1.867,0.202,52,16,0.308
690987,"Pérez, Eury",FC,72,39,65.674,6.403,6.225,8.71,36.593,0.181,0.111,0.069,25,81.432,16.6,0.263,34,9,0.265
690987,"Pérez, Eury",FF,220,130,67.405,6.458,8.3,13.128,36.986,0.127,0.155,0.127,90,86.066,24.456,0.321,79,25,0.316
690987,"Pérez, Eury",SI,97,48,66.683,6.517,6.814,15.006,38.426,0.072,0.186,0.082,41,80.971,6.195,0.303,45,11,0.244
690987,"Pérez, Eury",SL,91,43,62.15,6.912,11.452,0.598,39.589,0.165,0.154,0.077,26,84.719,8.808,0.249,48,13,0.271
690993,"Castillo, Luis",CH,301,139,68.614,7.272,16.926,-7.814,33.13,0.163,0.09,0.047,84,77.052,1.381,0.256,187,51,0.273
690993,"Castillo, Luis",CU,152,52,66.022,7.112,17.55,-8.062,34.811,0.118,0.224,0.053,30,82.87,-4.0,0.291,80,16,0.2
690993,"Castillo, Luis",FC,163,84,69.661,6.637,11.317,-0.823,32.819,0.067,0.166,0.129,67,83.839,15.03,0.351,72,22,0.306
690993,"Castillo, Luis",FF,587,278,69.275,6.265,4.561,6.252,31.479,0.043,0.22,0.131,236,87.015,29.373,0.395,250,69,0.276
690993,"Castillo, Luis",FS,96,56,67.957,7.272,17.094,-9.835,33.453,0.208,0.062,0.083,31,78.4,6.581,0.171,54,21,0.389
690993,"Castillo, Luis",SI,215,88,70.323,6.393,5.787,5.577,33.461,0.042,0.251,0.102,70,83.824,10.352,0.41,83,11,0.133
690993,"Castillo, Luis",SL,223,97,68.997,7.18,16.635,-8.985,34.493,0.126,0.166,0.063,59,80.434,5.117,0.313,121,33,0.273
690993,"Castillo, Luis",ST,108,37,67.516,7.073,16.183,-9.788,33.287,0.111,0.194,0.046,22,82.741,12.727,0.359,61,12,0.197
691016,"Woo, Bryan",CH,331,164,73.411,7.85,11.536,-2.63,31.346,0.082,0.069,0.106,124,83.823,9.556,0.349,174,46,0.264
691016,"Woo, Bryan",CU,173,78,71.384,8.027,15.633,-8.752,31.842,0.179,0.092,0.098,40,86.115,6.475,0.357,99,24,0.242
691016,"Woo, Bryan",FC,176,94,73.375,7.136,7.763,6.088,29.707,0.102,0.102,0.108,69,86.155,28.826,0.437,85,22,0.259
691016,"Woo, Bryan",FF,527,247,71.49,6.676,2.213,14.484,28.101,0.07,0.201,0.12,195,86.79,25.718,0.349,234,65,0.278
691016,"Woo, Bryan",FS,126,60,72.12,8.012,14.248,-4.78,32.178,0.159,0.056,0.056,33,80.691,-3.242,0.294,82,25,0.305
691016,"Woo, Bryan",KC,80,43,72.995,8.191,16.868,-13.005,33.467,0.25,0.088,0.1,18,90.094,5.111,0.231,46,17,0.37
691016,"Woo, Bryan",SI,368,173,71.937,6.896,3.223,12.96,30.41,0.06,0.198,0.125,133,86.778,5.47,0.33,169,57,0.337
691016,"Woo, Bryan",SL,310,168,72.053,7.851,13.521,-6.236,31.296,0.145,0.094,0.077,103,82.393,16.433,0.35,144,43,0.299
691016,"Woo, Bryan",ST,123,55,69.324,7.945,15.634,-9.131,30.424,0.154,0.187,0.081,34,81.253,22.971,0.285,60,16,0.267
691019,"Bibee, Tanner",CH,153,81,66.748,7.386,20.355,-4.983,38.606,0.176,0.105,0.078,49,79.778,12.061,0.297,84,29,0.345
691019,"Bibee, Tanner",CU,115,31,66.7,7.46,20.814,-4.717,42.465,0.087,0.243,0.009,16,74.319,5.125,0.225,68,15,0.221
691019,"Bibee, Tanner",FC,87,39,68.172,6.482,6.718,4.325,40.702,0.08,0.161,0.069,26,81.485,9.231,0.697,39,8,0.205
691019,"Bibee, Tanner",FF,430,200,68.003,6.038,2.003,13.791,37.361,0.109,0.163,0.088,144,84.264,25.083,0.387,189,29,0.153
691019,"Bibee, Tanner",FS,55,32,66.62,7.1,14.752,3.219,37.358,0.127,0.018,0.055,23,78.722,3.043,0.176,37,15,0.405
691019,"Bibee, Tanner",SI,128,52,67.692,6.084,0.446,16.87,38.582,0.07,0.234,0.047,38,81.379,3.868,0.357,58,10,0.172
691019,"Bibee, Tanner",SL,149,70,66.846,7.068,15.165,0.698,40.332,0.174,0.134,0.067,41,82.212,14.415,0.218,80,22,0.275
691023,"Singer, Brady",CH,141,72,74.803,8.739,11.644,-15.559,33.328,0.241,0.057,0.05,33,80.294,14.394,0.171,94,33,0.351
691023,"Singer, Brady",CU,76,42,75.883,8.66,10.99,-15.125,31.926,0.237,0.145,0.105,21,84.6,11.905,0.382,38,17,0.447
691023,"Singer, Brady",FC,106,58,75.845,8.078,4.928,-1.356,30.322,0.198,0.151,0.104,36,85.358,25.333,0.279,55,20,0.364
691023,"Singer, Brady",FF,386,188,77.71,7.768,1.677,5.848,29.338,0.135,0.22,0.083,127,83.033,26.15,0.296,164,54,0.329
691023,"Singer, Brady",SI,310,136,78.669,7.899,0.098,2.951,33.582,0.081,0.245,0.119,94,88.254,7.67,0.337,147,45,0.306
691023,"Singer, Brady",SL,251,133,75.001,8.52,8.433,-10.735,32.021,0.191,0.092,0.092,74,83.323,9.459,0.257,142,48,0.338
691023,"Singer, Brady",ST,198,99,73.083,8.705,12.358,-16.532,30.92,0.202,0.076,0.051,54,78.428,20.852,0.203,132,46,0.348
691026,"Boyd, Matthew",CH,212,93,69.913,7.933,10.108,-10.434,30.633,0.071,0.189,0.061,76,78.797,15.934,0.296,115,36,0.313
691026,"Boyd, Matthew",CU,119,46,68.528,7.909,10.019,-12.78,31.12,0.059,0.218,0.042,36,77.789,19.028,0.241,62,17,0.274
691026,"Boyd, Matthew",FC,142,62,70.773,7.525,5.81,-4.574,28.919,0.07,0.218,0.07,47,81.149,29.83,0.279,60,13,0.217
691026,"Boyd, Matthew",FF,771,364,69.16,6.935,0.631,6.258,27.475,0.06,0.18,0.07,279,81.56,32.824,0.32,315,59,0.187
691026,"Boyd, Matthew",SI,342,148,68.687,6.938,1.85,3.581,30.272,0.05,0.251,0.088,122,83.526,15.803,0.322,133,28,0.211
691026,"Boyd, Matthew",SL,374,162,67.736,7.779,7.958,-9.002,29.861,0.08,0.19,0.083,122,82.029,13.213,0.282,205,64,0.312
691026,"Boyd, Matthew",ST,195,85,66.377,7.692,10.593,-17.214,28.205,0.108,0.133,0.056,53,77.14,20.17,0.179,109,29,0.266
691176,"Bassitt, Chris",CH,228,127,73.923,8.231,10.643,-10.312,31.182,0.167,0.044,0.061,82,78.633,7.024,0.274,153,60,0.392
691176,"Bassitt, Chris",CU,126,75,71.368,8.159,10.942,-12.456,32.237,0.19,0.048,0.167,45,85.373,1.711,0.38,77,33,0.429
691176,"Bassitt, Chris",FC,158,94,74.085,7.646,6.728,-3.494,30.968,0.127,0.076,0.101,66,79.633,10.288,0.371,68,20,0.294
691176,"Bassitt, Chris",FF,564,235,71.894,7.028,-0.368,11.755,29.05,0.074,0.181,0.069,173,82.065,29.942,0.311,267,40,0.15
691176,"Bassitt, Chris",FS,82,43,73.681,8.15,9.145,-8.107,31.247,0.134,0.037,0.11,30,83.06,3.733,0.294,56,21,0.375
691176,"Bassitt, Chris",SI,171,79,73.887,7.379,-0.283,5.457,32.416,0.041,0.193,0.152,68,86.679,18.618,0.312,70,12,0.171
691176,"Bassitt, Chris",SL,241,142,72.747,8.066,8.278,-9.371,32.852,0.207,0.108,0.133,86,85.884,9.0,0.335,136,64,0.471
691176,"Bassitt, Chris",ST,86,40,71.802,8.072,10.826,-11.102,31.737,0.151,0.116,0.081,24,78.917,17.958,0.162,54,18,0.333
691182,"Luzardo, Jesús",FF,164,70,67.316,6.581,-0.823,3.516,29.628,0.049,0.207,0.067,58,79.003,22.603,0.321,70,13,0.186
691406,"Gausman, Kevin",CH,247,143,78.284,8.816,12.125,-15.081,27.73,0.146,0.073,0.134,100,85.06,9.97,0.298,142,58,0.408
691406,"Gausman, Kevin",CU,132,65,74.125,8.595,12.429,-18.963,26.716,0.167,0.136,0.114,42,85.3,-2.738,0.347,80,32,0.4
691406,"Gausman, Kevin",FC,210,99,75.756,8.338,6.591,-0.162,25.405,0.067,0.143,0.067,79,78.944,17.278,0.378,111,30,0.27
691406,"Gausman, Kevin",FF,510,281,78.008,8.071,4.904,7.284,24.315,0.139,0.125,0.116,186,88.233,32.457,0.369,226,61,0.27
691406,"Gausman, Kevin",FS,96,54,77.525,8.788,13.218,-22.249,27.315,0.167,0.031,0.135,36,88.739,4.861,0.348,59,21,0.356
691406,"Gausman, Kevin",SI,556,259,77.631,8.027,2.789,5.453,27.046,0.059,0.216,0.14,198,88.049,8.145,0.347,243,76,0.313
691406,"Gausman, Kevin",SL,409,185,75.15,8.599,9.484,-10.745,25.261,0.13,0.125,0.098,119,84.839,11.689,0.328,232,63,0.272
691406,"Gausman, Kevin",ST,243,129,75.107,8.652,12.347,-16.351,25.426,0.128,0.136,0.086,91,80.804,22.879,0.354,131,50,0.382
691594,"Gore, MacKenzie",CH,98,55,63.133,7.552,3.756,-12.24,21.691,0.112,0.051,0.02,41,73.502,11.707,0.19,67,29,0.433
691594,"Gore, MacKenzie",FF,421,192,66.07,6.866,-0.386,6.877,19.602,0.026,0.24,0.116,172,84.471,26.613,0.331,167,46,0.275
691594,"Gore, MacKenzie",SI,215,88,66.66,6.933,-0.063,6.813,22.553,0.042,0.279,0.079,72,83.351,0.194,0.306,101,31,0.307
691594,"Gore, MacKenzie",SL,203,107,66.718,7.649,3.798,-11.829,19.811,0.079,0.167,0.089,89,78.119,12.809,0.254,93,31,0.333
691718,"Peralta, Freddy",CH,291,194,70.892,7.577,17.122,-8.723,35.858,0.127,0.041,0.151,137,83.733,19.146,0.358,174,90,0.517
691718,"Peralta, Freddy",CU,204,114,70.769,7.552,17.438,-11.067,35.474,0.142,0.123,0.108,78,82.044,13.308,0.33,106,43,0.406
691718,"Peralta, Freddy",FC,163,97,70.882,6.867,12.261,3.906,34.282,0.202,0.092,0.098,56,82.295,14.946,0.408,81,32,0.395
691718,"Peralta, Freddy",FF,772,423,70.097,6.484,8.369,5.94,33.152,0.161,0.085,0.092,259,83.675,34.181,0.329,426,146,0.343
691718,"Peralta, Freddy",FS,81,57,70.96,7.414,14.725,-1.479,36.019,0.148,0.025,0.148,41,83.188,5.927,0.231,46,24,0.522
691718,"Peralta, Freddy",KC,54,31,68.997,7.86,20.283,-9.971,38.391,0.204,0.167,0.093,19,78.942,9.737,0.265,31,16,0.516
691718,"Peralta, Freddy",SI,272,151,71.078,6.602,7.071,5.666,34.173,0.121,0.121,0.092,110,81.927,18.7,0.378,138,52,0.377
691718,"Peralta, Freddy",SL,331,217,68.98,7.54,16.73,-12.342,35.598,0.227,0.069,0.115,128,83.951,21.094,0.233,174,85,0.489
691718,"Peralta, Freddy",ST,201,119,68.627,7.532,18.202,-13.795,36.056,0.144,0.09,0.065,81,77.18,25.333,0.257,106,43,0.406
691720,"Alcantara, Sandy",FF,157,72,66.436,6.371,-2.429,7.63,35.761,0.064,0.197,0.038,58,80.578,33.759,0.268,66,16,0.242
691720,"Alcantara, Sandy",SI,115,54,68.016,6.774,2.195,-0.395,38.928,0.035,0.243,0.148,44,88.1,1.386,0.283,53,19,0.358
691720,"Alcantara, Sandy",SL,124,54,66.743,7.352,11.095,-17.166,36.878,0.194,0.161,0.024,28,82.525,7.714,0.238,64,12,0.188
691723,"Fried, Max",CH,81,40,73.438,7.77,15.093,-21.234,35.734,0.198,0.136,0.074,23,78.535,18.913,0.346,49,18,0.367
691723,"Fried, Max",CU,77,31,74.426,7.829,16.111,-26.591,36.842,0.143,0.195,0.052,19,85.311,5.684,0.365,41,12,0.293
691723,"Fried, Max",FC,90,47,71.745,6.948,5.38,-8.575,36.139,0.122,0.144,0.1,35,83.909,23.114,0.273,46,16,0.348
691723,"Fried, Max",FF,312,163,73.051,6.677,3.616,-6.486,34.86,0.087,0.135,0.064,121,82.471,33.653,0.28,127,28,0.22
691723,"Fried, Max",SI,170,69,75.518,6.866,5.234,-8.85,37.422,0.071,0.312,0.129,51,90.002,7.745,0.406,62,12,0.194
691723,"Fried, Max",SL,232,99,72.052,7.708,15.325,-21.537,35.739,0.19,0.177,0.043,49,80.755,20.673,0.18,124,35,0.282
691723,"Fried, Max",ST,121,41,67.003,7.749,13.382,-25.369,34.379,0.157,0.231,0.017,17,72.118,13.235,0.099,73,21,0.288
691728,"Alexander, Tyler",FF,70,39,64.476,5.924,0.637,16.939,26.276,0.343,0.043,0.029,12,81.442,31.083,0.103,35,11,0.314
691777,"Valdez, Framber",CH,77,49,73.729,7.892,15.507,-18.603,32.166,0.26,0.026,0.091,26,82.065,3.5,0.236,43,19,0.442
691777,"Valdez, Framber",FF,203,104,71.922,6.726,3.624,6.756,29.244,0.123,0.167,0.079,71,84.735,30.31,0.316,87,22,0.253
691777,"Valdez, Framber",SI,187,87,69.755,6.657,2.396,5.123,31.382,0.07,0.241,0.064,65,76.346,4.288,0.233,77,23,0.299
691777,"Valdez, Framber",SL,150,78,70.301,7.723,13.641,-12.308,30.999,0.2,0.113,0.087,43,85.651,11.721,0.361,85,28,0.329
691777,"Valdez, Framber",ST,68,32,69.734,7.922,14.828,-19.488,32.539,0.191,0.206,0.029,18,79.639,19.611,0.174,33,11,0.333
691781,"Sale, Chris",CH,95,54,71.478,8.022,16.257,-5.78,36.216,0.263,0.074,0.063,23,80.548,3.609,0.212,56,24,0.429
691781,"Sale, Chris",FF,247,146,69.93,6.874,2.958,14.435,34.455,0.146,0.13,0.117,101,85.252,23.287,0.288,110,41,0.373
691781,"Sale, Chris",SI,207,116,71.316,6.957,0.652,12.616,36.581,0.121,0.179,0.097,80,82.112,0.675,0.295,87,36,0.414
691781,"Sale, Chris",SL,179,104,70.468,7.938,12.259,-2.913,35.173,0.212,0.089,0.112,60,83.295,1.55,0.305,90,31,0.344
691781,"Sale, Chris",ST,113,64,72.772,7.908,13.015,-4.736,35.578,0.133,0.097,0.106,46,83.38,16.652,0.306,58,19,0.328
691785,"Schwellenbach, Spencer",FF,163,87,72.705,7.21,-1.189,9.891,30.437,0.055,0.184,0.129,73,84.701,18.808,0.283,57,15,0.263
691785,"Schwellenbach, Spencer",SI,70,33,72.332,7.235,-1.705,11.067,33.266,0.1,0.2,0.129,24,83.25,-3.958,0.26,28,5,0.179
691785,"Schwellenbach, Spencer",SL,75,41,73.046,8.293,13.83,-11.637,33.1,0.173,0.147,0.107,26,82.565,8.308,0.361,35,12,0.343
692216,"Flaherty, Jack",CH,75,41,70.702,7.095,15.675,-4.765,37.195,0.213,0.04,0.04,21,78.733,12.714,0.255,47,14,0.298
692216,"Flaherty, Jack",FF,173,94,68.127,5.957,1.222,11.463,37.11,0.127,0.139,0.087,64,84.322,28.781,0.375,67,15,0.224
692216,"Flaherty, Jack",SL,72,44,71.011,7.322,19.367,-13.714,37.579,0.222,0.056,0.083,24,75.704,19.5,0.305,35,12,0.343
692225,"Holmes, Grant",CH,101,42,72.293,7.522,20.385,-8.304,35.5,0.188,0.089,0.059,22,81.959,-3.273,0.311,70,20,0.286
692225,"Holmes, Grant",FC,90,37,73.665,6.508,8.71,13.761,34.617,0.1,0.211,0.1,21,85.305,8.619,0.424,39,3,0.077
692225,"Holmes, Grant",FF,259,121,71.382,6.201,4.839,20.581,33.125,0.073,0.228,0.1,92,86.102,19.728,0.3,95,17,0.179
692225,"Holmes, Grant",SI,216,100,70.79,6.168,2.797,20.44,36.291,0.065,0.236,0.083,78,83.178,3.734,0.308,101,32,0.317
692225,"Holmes, Grant",SL,193,81,69.799,7.377,17.402,-3.921,34.722,0.171,0.202,0.057,45,81.493,11.578,0.243,101,28,0.277
692585,"Cease, Dylan",CH,85,54,76.27,8.465,14.029,-17.406,28.699,0.212,0.047,0.059,30,80.08,-6.233,0.169,55,28,0.509
692585,"Cease, Dylan",CU,88,37,71.472,8.361,12.875,-29.285,27.834,0.205,0.261,0.102,19,85.895,-4.263,0.169,54,23,0.426
692585,"Cease, Dylan",FF,205,102,70.844,7.159,3.72,8.274,27.663,0.102,0.127,0.063,72,83.369,29.306,0.288,97,19,0.196
692585,"Cease, Dylan",SL,77,49,75.4,8.459,14.091,-22.099,29.625,0.195,0.065,0.13,31,83.087,4.387,0.321,41,21,0.512
693304,"Peralta, Freddy",CH,119,58,66.979,7.925,13.058,-6.746,35.423,0.143,0.05,0.076,36,83.031,5.472,0.358,73,18,0.247
693304,"Peralta, Freddy",CU,97,51,67.346,7.886,11.953,-10.768,33.858,0.134,0.072,0.082,35,79.126,-3.943,0.243,44,13,0.295
693304,"Peralta, Freddy",FC,106,54,69.349,7.761,11.332,-0.946,32.425,0.142,0.094,0.094,37,84.249,18.297,0.493,49,11,0.224
693304,"Peralta, Freddy",FF,371,222,69.442,7.055,4.873,8.55,31.339,0.116,0.108,0.111,163,83.861,27.706,0.286,145,43,0.297
693304,"Peralta, Freddy",SI,279,162,69.939,7.044,2.392,10.691,34.556,0.065,0.136,0.136,126,85.382,4.175,0.281,110,36,0.327
693304,"Peralta, Freddy",SL,259,161,67.749,7.997,12.913,-7.932,33.916,0.193,0.077,0.077,100,80.079,10.059,0.275,132,53,0.402
693304,"Peralta, Freddy",ST,104,58,66.036,7.702,10.969,-4.032,32.587,0.163,0.096,0.067,38,81.279,21.526,0.231,56,19,0.339
693307,"Wacha, Michael",CH,117,64,71.915,8.257,17.71,-9.706,41.383,0.094,0.068,0.128,47,82.651,14.271,0.461,71,27,0.38
693307,"Wacha, Michael",CU,155,63,67.736,8.084,15.215,-8.948,42.343,0.142,0.245,0.077,39,84.29,14.667,0.3,83,28,0.337
693307,"Wacha, Michael",FC,142,63,70.883,7.59,9.136,2.081,39.025,0.077,0.211,0.077,49,82.722,19.0,0.325,67,17,0.254
693307,"Wacha, Michael",FF,593,288,70.332,7.081,3.936,9.452,38.526,0.105,0.147,0.081,201,82.296,27.925,0.358,244,40,0.164
693307,"Wacha, Michael",SI,330,146,70.331,7.237,2.757,6.859,41.51,0.052,0.239,0.103,107,82.76,7.047,0.415,126,27,0.214
693307,"Wacha, Michael",SL,278,149,70.598,8.047,14.845,-4.05,39.526,0.112,0.162,0.112,114,81.781,9.982,0.322,134,51,0.381
693307,"Wacha, Michael",ST,244,121,68.836,8.099,16.4,-5.371,39.58,0.193,0.201,0.07,65,80.751,17.985,0.278,135,62,0.459
694192,"Singer, Brady",CH,150,82,73.062,8.03,11.927,-11.69,28.389,0.18,0.053,0.08,49,79.196,1.143,0.331,92,31,0.337
694192,"Singer, Brady",CU,112,58,70.211,7.693,11.968,-9.568,27.454,0.143,0.161,0.134,42,84.919,10.976,0.31,64,26,0.406
694192,"Singer, Brady",FC,190,91,72.842,7.445,6.488,5.777,26.165,0.153,0.153,0.084,58,84.916,18.621,0.302,96,26,0.271
694192,"Singer, Brady",FF,709,375,71.987,6.977,3.502,11.512,24.028,0.114,0.166,0.083,270,84.942,32.104,0.307,338,114,0.337
694192,"Singer, Brady",FS,60,32,71.697,7.819,9.936,-7.171,27.496,0.067,0.033,0.183,27,85.519,-4.037,0.373,35,9,0.257
694192,"Singer, Brady",SI,397,200,72.183,7.141,3.25,8.703,27.388,0.048,0.202,0.151,158,86.015,6.449,0.354,175,58,0.331
694192,"Singer, Brady",SL,350,188,71.083,7.806,9.709,-5.063,27.55,0.177,0.146,0.074,116,80.376,10.154,0.287,197,82,0.416
694192,"Singer, Brady",ST,207,135,68.755,7.634,9.559,-7.381,28.11,0.188,0.121,0.087,91,81.473,24.132,0.245,109,61,0.56
694208,"Burke, Sean",FF,100,49,69.24,6.517,-0.206,18.351,26.551,0.12,0.12,0.05,30,81.543,31.267,0.472,51,13,0.255
694212,"Schlittler, Cam",CH,67,39,75.708,7.887,13.57,-9.19,31.814,0.149,0.104,0.119,26,82.638,18.654,0.236,37,15,0.405
694212,"Schlittler, Cam",FF,121,81,72.113,6.672,4.29,11.047,27.39,0.132,0.099,0.083,56,83.571,34.661,0.265,57,30,0.526
694212,"Schlittler, Cam",SL,60,34,73.604,7.954,14.223,-14.078,31.597,0.267,0.1,0.083,17,81.447,6.176,0.141,29,9,0.31
694362,"Falter, Bailey",FF,99,41,63.512,5.354,-2.085,19.411,37.822,0.141,0.172,0.04,22,78.555,18.909,0.352,49,8,0.163
694374,"Ray, Robbie",CH,67,34,73.091,7.585,16.418,-15.172,34.811,0.209,0.09,0.06,17,80.053,2.294,0.254,38,10,0.263
694374,"Ray, Robbie",FF,254,123,70.976,6.419,4.872,9.458,30.167,0.11,0.189,0.075,82,82.189,29.232,0.324,114,30,0.263
694374,"Ray, Robbie",SI,153,72,69.317,6.438,3.246,5.209,33.595,0.052,0.163,0.144,59,86.869,3.0,0.348,66,15,0.227
694374,"Ray, Robbie",SL,184,94,68.28,7.188,12.546,-12.564,32.182,0.217,0.092,0.054,47,79.462,12.489,0.192,105,32,0.305
694374,"Ray, Robbie",ST,76,37,69.638,7.557,17.122,-16.744,31.484,0.184,0.184,0.118,22,82.445,5.045,0.404,44,18,0.409
694377,"Sale, Chris",FF,104,59,71.723,7.01,-2.384,13.031,32.712,0.087,0.154,0.087,44,82.814,30.795,0.231,37,9,0.243
694384,"Corbin, Patrick",CH,245,110,65.574,7.187,13.268,-5.894,38.432,0.078,0.086,0.033,84,77.382,2.917,0.178,171,57,0.333
694384,"Corbin, Patrick",CU,151,73,66.069,7.193,14.977,-9.549,41.131,0.099,0.139,0.06,57,80.911,7.684,0.351,81,26,0.321
694384,"Corbin, Patrick",FC,168,86,66.483,6.383,6.714,0.354,38.361,0.06,0.125,0.107,70,83.374,18.543,0.388,72,12,0.167
694384,"Corbin, Patrick",FF,760,337,64.297,6.065,1.344,8.264,36.185,0.043,0.204,0.067,293,81.965,24.713,0.338,338,74,0.219
694384,"Corbin, Patrick",FS,78,40,68.383,7.303,15.004,-9.778,39.979,0.154,0.038,0.09,28,81.082,7.5,0.321,55,19,0.345
694384,"Corbin, Patrick",SI,330,138,65.827,6.364,2.806,3.694,39.195,0.03,0.255,0.079,125,84.23,7.688,0.353,124,20,0.161
694384,"Corbin, Patrick",SL,238,113,66.054,6.977,11.691,-7.6,40.092,0.101,0.143,0.071,81,83.379,15.395,0.339,120,30,0.25
694384,"Corbin, Patrick",ST,133,48,64.887,6.9,14.315,-8.034,38.178,0.06,0.226,0.038,33,81.115,17.029,0.379,65,8,0.123
694388,"Lugo, Seth",CH,56,35,70.968,8.291,22.646,-1.941,38.135,0.196,0.018,0.125,20,84.18,8.95,0.317,34,15,0.441
694388,"Lugo, Seth",FF,128,67,68.723,6.884,10.967,15.52,35.948,0.141,0.109,0.109,46,84.172,19.783,0.382,63,18,0.286
694497,"Olson, Reese",CH,115,48,69.932,7.772,15.697,-20.244,32.456,0.174,0.087,0.017,28,73.596,4.929,0.33,78,18,0.231
694497,"Olson, Reese",FF,254,111,67.469,6.56,1.04,5.113,32.051,0.055,0.189,0.091,90,82.628,25.433,0.328,106,10,0.094
694497,"Olson, Reese",SI,130,59,67.781,6.596,-0.716,5.696,33.292,0.031,0.238,0.092,49,82.053,12.633,0.258,47,8,0.17
694497,"Olson, Reese",SL,85,42,67.898,7.51,14.087,-15.514,34.572,0.153,0.118,0.047,26,80.227,10.962,0.277,44,11,0.25
694671,"Valdez, Framber",CH,303,124,71.717,7.607,22.499,-15.921,35.217,0.195,0.119,0.056,53,83.645,6.151,0.227,185,45,0.243
694671,"Valdez, Framber",CU,98,35,69.485,7.644,20.657,-14.99,35.432,0.143,0.204,0.071,17,91.241,5.882,0.313,61,17,0.279
694671,"Valdez, Framber",FC,157,71,73.269,7.01,16.577,-0.805,33.684,0.089,0.166,0.102,50,86.128,19.92,0.334,72,12,0.167
694671,"Valdez, Framber",FF,732,327,70.623,6.346,11.005,8.64,32.471,0.082,0.165,0.089,247,86.138,33.15,0.39,354,77,0.218
694671,"Valdez, Framber",SI,422,176,72.997,6.677,11.929,4.344,35.197,0.047,0.265,0.142,141,88.37,11.794,0.375,183,42,0.23
694671,"Valdez, Framber",SL,313,150,71.385,7.297,18.652,-7.627,34.201,0.137,0.153,0.08,96,84.077,13.76,0.355,168,49,0.292
694671,"Valdez, Framber",ST,195,78,70.7,7.325,20.392,-8.182,33.111,0.103,0.154,0.067,52,83.694,28.635,0.311,109,21,0.193
694728,"Rodriguez, Eduardo",FF,62,39,68.992,6.495,7.527,13.924,30.12,0.323,0.113,0.048,15,81.027,47.667,0.192,22,7,0.318
695238,"Morton, Charlie",CH,82,43,69.081,6.91,9.256,-6.186,30.608,0.122,0.098,0.11,32,81.822,11.281,0.355,42,12,0.286
695238,"Morton, Charlie",FF,239,121,65.997,5.697,-3.165,14.607,31.779,0.059,0.146,0.042,94,77.551,31.245,0.33,111,23,0.207
695238,"Morton, Charlie",SI,69,32,65.435,5.784,-4.788,6.694,33.035,0.072,0.261,0.13,25,82.472,13.28,0.368,31,9,0.29
695238,"Morton, Charlie",SL,70,39,65.963,6.724,8.182,-7.76,31.876,0.143,0.1,0.129,29,81.966,12.0,0.239,36,11,0.306
695336,"Abbott, Andrew",CH,71,51,70.802,7.683,17.973,-8.505,38.706,0.169,0.042,0.099,34,78.915,8.059,0.348,42,24,0.571
695336,"Abbott, Andrew",CU,58,33,67.425,7.631,17.208,-9.159,37.464,0.155,0.086,0.086,24,77.488,6.792,0.301,37,17,0.459
695336,"Abbott, Andrew",FF,473,225,66.791,6.202,0.439,17.55,37.822,0.11,0.184,0.07,155,85.131,27.929,0.278,204,44,0.216
695336,"Abbott, Andrew",SI,222,95,66.731,6.294,-0.624,10.574,39.013,0.036,0.324,0.095,78,81.242,11.205,0.297,81,25,0.309
695336,"Abbott, Andrew",SL,158,88,69.593,7.388,13.011,-1.159,37.762,0.171,0.12,0.101,54,84.924,14.074,0.313,92,42,0.457
695336,"Abbott, Andrew",ST,109,59,64.85,7.531,16.239,-3.179,35.903,0.165,0.119,0.092,37,79.727,23.946,0.236,68,32,0.471
695391,"Soriano, José",FF,100,47,64.991,6.515,1.351,8.908,26.242,0.02,0.12,0.07,40,75.852,33.85,0.379,46,9,0.196
695506,"Hancock, Emerson",CH,101,51,74.939,8.214,12.999,-10.623,29.774,0.129,0.069,0.059,34,77.765,8.294,0.275,65,22,0.338
695506,"Hancock, Emerson",CU,88,47,76.559,8.159,13.492,-16.846,29.389,0.17,0.148,0.08,26,81.738,-10.192,0.155,55,26,0.473
695506,"Hancock, Emerson",FC,60,37,78.922,7.664,10.803,-7.896,27.481,0.033,0.067,0.3,32,94.856,12.719,0.532,34,14,0.412
695506,"Hancock, Emerson",FF,236,129,75.325,6.792,0.59,12.522,27.503,0.106,0.136,0.102,98,81.978,24.031,0.35,116,46,0.397
695506,"Hancock, Emerson",SI,102,38,73.997,6.811,-0.874,11.853,29.106,0.049,0.265,0.039,29,77.179,-7.517,0.348,51,13,0.255
695506,"Hancock, Emerson",SL,121,62,75.202,8.011,12.176,-12.793,28.828,0.165,0.14,0.074,38,85.2,9.868,0.324,69,26,0.377
695506,"Hancock, Emerson",ST,71,31,76.926,8.294,15.164,-16.713,28.831,0.141,0.155,0.113,16,91.006,3.562,0.322,40,12,0.3
695578,"Wheeler, Zack",CH,340,159,73.757,8.346,19.632,-6.503,39.825,0.168,0.091,0.059,88,80.198,-1.761,0.256,198,51,0.258
695578,"Wheeler, Zack",CU,286,83,67.728,8.251,19.197,-6.69,42.184,0.126,0.252,0.042,42,83.093,0.381,0.23,163,38,0.233
695578,"Wheeler, Zack",FC,173,69,74.78,7.399,7.607,5.988,40.208,0.081,0.208,0.133,51,92.18,11.196,0.517,77,15,0.195
695578,"Wheeler, Zack",FF,793,321,75.743,6.943,2.927,12.499,37.966,0.09,0.231,0.122,234,90.779,19.175,0.419,317,56,0.177
695578,"Wheeler, Zack",FS,110,41,72.098,8.322,18.704,-3.816,39.779,0.155,0.082,0.064,21,82.876,4.81,0.371,74,17,0.23
695578,"Wheeler, Zack",SI,415,171,75.975,7.113,2.233,9.656,41.72,0.077,0.265,0.113,125,88.262,0.56,0.398,168,42,0.25
695578,"Wheeler, Zack",SL,419,177,72.652,8.07,15.079,-4.052,41.27,0.184,0.162,0.069,86,84.074,6.529,0.382,231,64,0.277
695578,"Wheeler, Zack",ST,249,100,71.026,7.987,15.135,-4.308,40.529,0.149,0.209,0.044,53,79.938,13.868,0.23,136,44,0.324
695600,"Cecconi, Slade",FF,88,43,74.226,6.433,-0.281,12.192,24.824,0.17,0.159,0.091,25,85.78,38.28,0.539,40,8,0.2
695657,"Bibee, Tanner",CH,125,71,76.134,8.173,15.034,-14.407,32.417,0.224,0.136,0.064,40,79.475,18.025,0.252,67,31,0.463
695657,"Bibee, Tanner",CU,65,32,75.726,8.132,15.705,-17.628,33.257,0.169,0.138,0.092,17,82.594,13.444,0.255,37,13,0.351
695657,"Bibee, Tanner",FC,96,55,77.111,7.751,11.902,-8.002,34.604,0.167,0.052,0.146,36,84.228,18.194,0.572,52,17,0.327
695657,"Bibee, Tanner",FF,372,179,74.904,7.127,4.011,5.697,30.794,0.113,0.142,0.067,125,81.848,32.627,0.316,155,19,0.123
695657,"Bibee, Tanner",SI,139,68,75.645,7.324,5.576,1.214,34.049,0.072,0.201,0.137,54,84.537,8.074,0.389,56,19,0.339
695657,"Bibee, Tanner",SL,140,68,75.361,8.19,16.845,-18.514,33.756,0.207,0.136,0.107,37,88.795,18.216,0.458,78,25,0.321
695681,"Peralta, Freddy",FF,299,150,72.567,6.734,6.394,7.817,31.406,0.194,0.14,0.05,80,84.461,32.562,0.281,132,26,0.197
695681,"Peralta, Freddy",SI,135,62,66.692,6.374,-0.582,9.889,35.422,0.081,0.2,0.111,46,84.407,13.043,0.383,59,13,0.22
695681,"Peralta, Freddy",SL,121,59,69.075,7.235,9.358,0.222,34.078,0.149,0.157,0.041,40,80.635,21.95,0.247,59,18,0.305
695734,"Pérez, Eury",CH,146,76,67.88,7.607,13.784,-9.596,37.877,0.082,0.062,0.082,60,80.185,11.617,0.285,92,30,0.326
695734,"Pérez, Eury",FC,104,47,68.317,7.009,9.523,-2.366,38.046,0.048,0.154,0.058,37,79.597,21.189,0.395,47,9,0.191
695734,"Pérez, Eury",FF,441,247,68.095,6.719,5.679,5.146,36.829,0.059,0.113,0.107,196,84.494,30.924,0.427,177,33,0.186
695734,"Pérez, Eury",SI,172,91,67.536,6.676,1.641,4.903,38.73,0.058,0.157,0.105,73,81.59,9.397,0.336,62,11,0.177
695734,"Pérez, Eury",SL,176,89,65.834,7.304,10.201,-3.661,37.893,0.131,0.136,0.062,61,79.967,18.82,0.292,89,28,0.315
695734,"Pérez, Eury",ST,101,53,66.447,7.432,13.021,-7.891,37.696,0.158,0.149,0.03,35,76.714,27.657,0.274,52,18,0.346
696030,"Castillo, Luis",CH,93,46,70.898,7.449,9.284,-7.521,31.294,0.043,0.086,0.075,39,80.197,8.974,0.329,53,17,0.321
696030,"Castillo, Luis",FF,325,131,68.133,6.427,-0.631,14.471,29.218,0.074,0.218,0.043,94,81.101,32.305,0.379,141,21,0.149
696030,"Castillo, Luis",SL,68,42,70.807,7.38,8.231,-4.877,31.618,0.088,0.103,0.088,31,78.771,17.968,0.313,37,18,0.486
696100,"Gallen, Zac",CH,174,101,75.454,7.776,17.878,-17.697,27.428,0.161,0.075,0.086,61,84.208,7.459,0.372,98,36,0.367
696100,"Gallen, Zac",CU,140,66,71.421,7.816,18.471,-23.961,25.439,0.236,0.129,0.1,30,89.05,7.258,0.221,87,30,0.345
696100,"Gallen, Zac",FC,144,71,74.251,7.213,12.563,-3.359,25.673,0.104,0.125,0.09,49,83.249,28.367,0.322,72,18,0.25
696100,"Gallen, Zac",FF,620,339,72.069,6.444,7.57,9.878,22.423,0.134,0.127,0.095,232,86.042,34.944,0.367,291,93,0.32
696100,"Gallen, Zac",SI,311,157,72.532,6.562,7.335,6.14,26.059,0.068,0.212,0.116,123,85.754,20.049,0.365,137,51,0.372
696100,"Gallen, Zac",SL,404,245,73.223,7.67,16.806,-14.331,25.681,0.22,0.047,0.126,144,84.038,11.014,0.305,225,91,0.404
696100,"Gallen, Zac",ST,234,144,71.262,7.672,17.308,-16.418,25.585,0.244,0.077,0.081,81,81.023,22.951,0.286,144,70,0.486
696285,"Lodolo, Nick",CH,110,59,67.202,7.386,10.767,-1.354,30.965,0.1,0.1,0.045,38,79.542,-5.949,0.25,58,17,0.293
696285,"Lodolo, Nick",FF,437,193,63.636,6.28,0.589,9.001,31.964,0.046,0.227,0.071,158,79.488,25.291,0.336,183,45,0.246
696285,"Lodolo, Nick",SI,270,116,63.928,6.368,0.396,11.556,33.021,0.022,0.252,0.122,101,81.58,-0.282,0.329,97,20,0.206
696285,"Lodolo, Nick",SL,210,82,63.373,7.076,5.972,-7.977,34.265,0.105,0.2,0.048,55,77.062,-1.873,0.232,111,28,0.252
696285,"Lodolo, Nick",ST,160,60,63.268,7.036,6.931,-8.9,29.712,0.075,0.169,0.044,43,74.079,20.628,0.252,81,12,0.148
699625,"Singer, Brady",FF,53,33,70.384,6.725,9.177,6.618,34.479,0.075,0.151,0.075,27,82.815,34.037,0.244,20,7,0.35
700242,"Bibee, Tanner",CH,162,91,72.942,7.885,10.742,-12.809,26.583,0.179,0.062,0.062,59,75.242,7.407,0.227,97,37,0.381
700242,"Bibee, Tanner",CU,119,45,70.1,7.704,12.816,-14.562,28.617,0.076,0.202,0.059,32,77.444,-11.125,0.143,61,19,0.311
700242,"Bibee, Tanner",FC,104,58,71.091,7.121,6.239,3.26,26.647,0.125,0.125,0.058,39,80.818,22.282,0.27,46,16,0.348
700242,"Bibee, Tanner",FF,402,201,71.797,7.031,3.694,8.451,24.56,0.122,0.144,0.06,138,82.421,37.138,0.298,153,22,0.144
700242,"Bibee, Tanner",SI,143,64,71.158,6.994,2.006,5.073,26.9,0.063,0.224,0.084,49,86.071,7.551,0.249,55,13,0.236
700242,"Bibee, Tanner",SL,108,62,70.811,7.73,10.245,-13.071,28.579,0.176,0.102,0.12,39,82.185,15.077,0.227,55,22,0.4
700242,"Bibee, Tanner",ST,75,44,72.974,7.94,13.972,-16.6,27.675,0.133,0.147,0.093,28,84.064,3.5,0.197,35,12,0.343
700246,"Festa, Matt",FF,132,59,72.507,7.052,9.15,10.308,34.033,0.114,0.22,0.053,39,81.803,30.974,0.301,55,11,0.2
700246,"Festa, Matt",SI,68,36,71.261,6.892,5.969,12.246,33.39,0.088,0.132,0.029,30,78.817,4.7,0.197,29,9,0.31
700246,"Festa, Matt",SL,72,35,73.1,8.007,20.573,-11.882,32.528,0.181,0.139,0.097,19,79.226,10.737,0.243,38,10,0.263
700250,"Bassitt, Chris",CH,285,131,72.755,7.705,12.364,-9.068,32.925,0.091,0.102,0.109,93,84.613,11.702,0.353,169,43,0.254
700250,"Bassitt, Chris",CU,145,45,70.382,7.88,16.919,-17.118,32.917,0.097,0.166,0.069,29,85.855,6.759,0.302,92,14,0.152
700250,"Bassitt, Chris",FC,163,73,73.056,7.239,10.547,-4.738,33.519,0.061,0.184,0.135,58,86.567,11.724,0.462,76,11,0.145
700250,"Bassitt, Chris",FF,577,267,72.127,6.809,5.562,4.101,32.162,0.045,0.211,0.163,225,89.573,26.596,0.428,226,33,0.146
700250,"Bassitt, Chris",FS,123,54,71.806,7.985,17.155,-16.771,32.823,0.154,0.098,0.081,31,81.984,-6.161,0.312,84,24,0.286
700250,"Bassitt, Chris",SI,288,130,71.403,6.865,4.229,3.242,34.929,0.066,0.236,0.149,105,88.425,12.543,0.472,115,25,0.217
700250,"Bassitt, Chris",SL,324,145,70.345,7.683,13.989,-12.562,33.171,0.157,0.179,0.096,84,86.251,11.631,0.356,173,52,0.301
700250,"Bassitt, Chris",ST,160,57,68.246,7.825,17.341,-16.643,32.345,0.131,0.2,0.025,30,73.967,-7.133,0.295,96,20,0.208
700337,"Cantillo, Joey",CH,217,106,68.31,7.262,10.773,-1.264,32.203,0.092,0.129,0.111,79,82.435,8.81,0.268,108,28,0.259
700337,"Cantillo, Joey",CU,94,38,65.594,6.918,10.563,-3.787,34.134,0.085,0.117,0.085,28,86.611,0.714,0.237,51,10,0.196
700337,"Cantillo, Joey",FC,119,59,64.635,6.402,2.632,14.031,32.423,0.126,0.176,0.084,39,82.979,10.897,0.263,52,10,0.192
700337,"Cantillo, Joey",FF,677,314,65.343,6.306,3.244,18.778,29.696,0.089,0.16,0.072,229,84.399,24.301,0.325,296,45,0.152
700337,"Cantillo, Joey",SI,212,91,66.37,6.485,1.559,16.968,31.609,0.038,0.259,0.113,72,88.239,10.042,0.302,74,13,0.176
700337,"Cantillo, Joey",SL,150,72,65.899,6.948,9.174,2.068,33.139,0.08,0.153,0.113,54,84.667,14.556,0.266,70,12,0.171
700932,"Flaherty, Jack",CH,307,181,70.224,7.83,22.585,-7.916,38.008,0.156,0.072,0.085,114,77.939,3.632,0.27,164,61,0.372
700932,"Flaherty, Jack",CU,176,52,66.757,7.796,22.358,-14.332,38.167,0.04,0.301,0.045,41,79.82,7.195,0.314,86,15,0.174
700932,"Flaherty, Jack",FC,123,60,69.495,7.144,15.476,2.245,36.976,0.081,0.179,0.13,46,86.228,27.021,0.344,58,14,0.241
700932,"Flaherty, Jack",FF,696,365,68.238,6.81,10.933,12.555,35.621,0.118,0.152,0.07,253,84.609,34.261,0.328,304,78,0.257
700932,"Flaherty, Jack",FS,93,58,70.293,7.796,20.792,-6.942,38.451,0.172,0.054,0.118,39,82.836,6.513,0.321,47,18,0.383
700932,"Flaherty, Jack",SI,264,120,68.533,6.902,10.145,10.957,36.582,0.068,0.22,0.091,95,85.814,17.295,0.3,104,26,0.25
700932,"Flaherty, Jack",SL,205,99,68.981,7.785,22.236,-10.427,37.049,0.195,0.176,0.141,57,91.446,26.298,0.409,97,30,0.309
700932,"Flaherty, Jack",ST,127,47,67.355,7.806,23.469,-13.211,36.58,0.15,0.22,0.039,26,78.838,9.538,0.211,71,20,0.282
701305,"Wacha, Michael",FF,147,70,72.159,7.07,7.021,11.032,39.604,0.109,0.197,0.041,46,82.917,32.065,0.254,58,9,0.155
701305,"Wacha, Michael",SI,74,38,73.138,7.076,5.017,10.468,40.567,0.041,0.203,0.122,30,85.853,7.467,0.41,25,4,0.16
701305,"Wacha, Michael",SL,105,36,70.044,8.019,19.721,-6.06,38.853,0.171,0.2,0.048,16,81.762,13.625,0.286,68,16,0.235
701350,"Brown, Hunter",CH,161,68,74.369,7.763,15.053,-6.367,30.309,0.155,0.112,0.075,38,83.742,4.184,0.371,96,26,0.271
701350,"Brown, Hunter",CU,102,41,69.126,7.587,16.248,-7.706,33.251,0.157,0.225,0.118,23,86.578,5.652,0.175,55,13,0.236
701350,"Brown, Hunter",FF,374,141,74.448,6.903,4.692,7.71,27.445,0.059,0.23,0.134,111,89.883,22.396,0.496,162,19,0.117
701350,"Brown, Hunter",SI,203,67,73.921,7.103,6.617,7.08,31.199,0.079,0.335,0.064,43,87.888,2.837,0.332,94,21,0.223
701350,"Brown, Hunter",SL,171,70,70.771,7.441,12.553,-3.072,31.288,0.135,0.158,0.094,41,84.02,-4.732,0.34,93,20,0.215
701358,"Severino, Luis",CH,186,79,74.41,8.052,18.226,-13.729,39.97,0.161,0.102,0.054,44,81.695,14.614,0.303,111,25,0.225
701358,"Severino, Luis",CU,118,50,73.018,7.816,14.467,-8.019,39.544,0.068,0.229,0.076,37,80.173,-1.919,0.344,54,14,0.259
701358,"Severino, Luis",FC,165,80,72.569,7.169,6.376,0.04,37.351,0.139,0.164,0.067,50,79.62,12.24,0.393,84,28,0.333
701358,"Severino, Luis",FF,542,286,72.715,6.654,-0.181,9.51,35.655,0.124,0.162,0.066,192,81.518,29.448,0.369,239,74,0.31
701358,"Severino, Luis",SI,350,199,72.598,6.805,-0.805,8.455,39.924,0.086,0.154,0.12,145,82.118,-2.233,0.325,141,44,0.312
701358,"Severino, Luis",SL,362,163,71.211,7.763,12.533,-8.698,38.919,0.163,0.18,0.066,91,82.064,13.253,0.214,186,59,0.317
701358,"Severino, Luis",ST,204,78,69.527,7.573,10.649,-8.153,37.868,0.108,0.211,0.049,53,80.289,21.132,0.215,108,25,0.231
701398,"Sproat, Brandon",FF,60,32,70.614,7.2,6.484,15.096,25.539,0.083,0.15,0.15,24,88.979,27.292,0.498,31,14,0.452
701538,"Gallen, Zac",CH,202,119,71.496,8.033,17.346,-7.209,38.84,0.153,0.025,0.079,83,81.202,8.602,0.338,131,52,0.397
701538,"Gallen, Zac",CU,109,56,71.364,7.873,14.043,-9.778,39.045,0.101,0.101,0.128,44,84.209,15.727,0.334,63,22,0.349
701538,"Gallen, Zac",FC,142,98,71.64,7.131,7.331,4.482,36.183,0.148,0.063,0.127,71,83.394,22.859,0.358,61,27,0.443
701538,"Gallen, Zac",FF,607,362,70.01,6.964,4.659,10.267,36.131,0.142,0.102,0.104,248,84.891,28.79,0.388,264,90,0.341
701538,"Gallen, Zac",FS,59,32,70.561,8.248,19.461,-10.532,39.93,0.271,0.068,0.068,12,82.8,1.417,0.188,43,20,0.465
701538,"Gallen, Zac",SI,215,112,69.552,6.858,1.472,9.938,37.988,0.088,0.186,0.098,84,82.705,12.2,0.339,83,23,0.277
701538,"Gallen, Zac",SL,228,126,68.465,7.72,13.423,-11.218,39.006,0.145,0.075,0.088,83,81.276,13.193,0.316,130,51,0.392
701538,"Gallen, Zac",ST,125,75,70.907,7.704,15.095,-8.127,37.995,0.144,0.088,0.072,50,79.626,26.24,0.322,64,26,0.406
701675,"Abbott, Andrew",FF,103,57,65.266,6.366,0.916,11.899,31.733,0.155,0.117,0.058,38,79.839,26.447,0.215,51,16,0.314
701762,"Soriano, José",CH,254,122,75.083,8.163,19.038,-6.428,39.639,0.205,0.13,0.083,65,83.831,7.308,0.372,136,34,0.25
701762,"Soriano, José",CU,148,53,74.279,8.008,18.136,-3.601,41.982,0.108,0.135,0.081,33,88.803,10.212,0.439,95,25,0.263
701762,"Soriano, José",FC,154,72,75.665,7.461,12.039,4.108,38.951,0.136,0.117,0.104,46,86.222,10.543,0.385,74,10,0.135
701762,"Soriano, José",FF,541,242,76.207,7.204,9.423,10.722,36.969,0.105,0.203,0.107,163,87.803,29.319,0.414,214,35,0.164
701762,"Soriano, José",FS,83,35,75.732,8.315,20.591,-7.214,40.66,0.229,0.06,0.048,16,79.069,8.312,0.283,58,16,0.276
701762,"Soriano, José",SI,327,147,76.021,7.314,7.582,11.402,39.929,0.119,0.223,0.098,100,86.038,11.12,0.391,143,41,0.287
701762,"Soriano, José",SL,274,109,72.881,8.043,17.714,-6.004,39.706,0.161,0.146,0.055,58,84.021,18.207,0.305,156,34,0.218
702176,"Bibee, Tanner",FF,168,74,66.26,6.395,1.635,11.289,27.233,0.06,0.167,0.054,63,81.759,23.603,0.244,83,23,0.277
702176,"Bibee, Tanner",SL,77,41,67.005,7.26,9.511,-9.377,28.3,0.169,0.104,0.117,28,83.207,7.393,0.304,41,15,0.366
702284,"Leiter, Jack",CH,101,46,70.265,7.216,11.384,-4.781,28.828,0.059,0.149,0.079,40,82.13,14.1,0.258,59,20,0.339
702284,"Leiter, Jack",FC,90,35,65.911,6.36,3.883,1.751,28.24,0.078,0.2,0.056,21,79.3,30.762,0.256,43,8,0.186
702284,"Leiter, Jack",FF,432,209,69.428,6.443,4.2,7.71,26.852,0.095,0.174,0.058,152,81.965,35.316,0.3,180,31,0.172
702284,"Leiter, Jack",SI,132,56,67.467,6.278,-0.464,14.252,30.929,0.03,0.28,0.068,46,80.602,21.413,0.352,46,10,0.217
702284,"Leiter, Jack",SL,113,52,68.378,7.12,11.61,-8.076,29.28,0.177,0.15,0.071,27,87.844,16.556,0.294,66,19,0.288
702332,"Gray, Sonny",CH,116,56,65.539,7.104,10.612,-6.828,29.559,0.095,0.069,0.052,42,75.069,-0.548,0.245,64,15,0.234
702332,"Gray, Sonny",CU,126,48,64.825,7.079,10.066,-9.35,29.408,0.063,0.214,0.04,34,78.315,-9.824,0.281,58,12,0.207
702332,"Gray, Sonny",FC,129,61,65.276,6.915,8.131,-6.812,27.349,0.031,0.186,0.078,54,81.539,23.222,0.326,56,14,0.25
702332,"Gray, Sonny",FF,593,266,64.868,6.208,2.807,3.57,26.69,0.02,0.229,0.084,242,80.952,29.843,0.325,236,60,0.254
702332,"Gray, Sonny",FS,62,33,64.755,7.158,10.09,-13.746,29.757,0.129,0.065,0.081,21,81.043,14.286,0.162,34,10,0.294
702332,"Gray, Sonny",SI,395,165,66.232,6.378,4.193,1.602,28.401,0.025,0.228,0.084,140,82.685,4.532,0.352,169,40,0.237
702332,"Gray, Sonny",SL,315,131,62.507,7.107,9.504,-8.452,27.941,0.108,0.178,0.041,91,77.414,11.099,0.344,161,39,0.242
702332,"Gray, Sonny",ST,180,78,62.597,6.896,10.222,-7.707,27.472,0.078,0.183,0.078,59,79.52,13.119,0.254,91,24,0.264
702616,"Pepiot, Ryan",CH,326,158,68.846,7.295,10.126,0.427,32.814,0.12,0.098,0.077,111,79.359,5.613,0.286,190,53,0.279
702616,"Pepiot, Ryan",CU,152,70,67.582,7.142,11.395,-1.547,33.393,0.105,0.164,0.066,48,81.973,10.958,0.258,84,27,0.321
702616,"Pepiot, Ryan",FC,192,101,69.056,6.78,8.304,7.081,31.36,0.167,0.089,0.052,62,81.21,13.742,0.27,86,16,0.186
702616,"Pepiot, Ryan",FF,821,361,69.627,6.474,4.387,13.67,30.563,0.079,0.185,0.082,266,85.704,27.034,0.354,344,47,0.137
702616,"Pepiot, Ryan",FS,99,52,68.657,7.03,8.123,2.522,32.753,0.131,0.081,0.091,34,86.018,9.086,0.249,57,18,0.316
702616,"Pepiot, Ryan",SI,358,151,67.189,6.526,3.913,13.983,31.833,0.073,0.251,0.087,116,83.877,9.265,0.331,148,36,0.243
702616,"Pepiot, Ryan",SL,294,155,68.253,7.084,10.201,-0.174,32.519,0.136,0.126,0.105,100,83.719,11.11,0.347,128,30,0.234
702616,"Pepiot, Ryan",ST,131,57,66.721,7.186,11.046,-1.244,32.3,0.099,0.176,0.046,40,77.652,19.65,0.238,63,12,0.19
802415,"Bassitt, Chris",CH,139,78,60.705,6.77,10.065,-6.609,29.683,0.094,0.094,0.014,59,72.617,-2.678,0.278,76,30,0.395
802415,"Bassitt, Chris",CU,100,35,63.721,6.826,5.421,-7.557,31.604,0.04,0.22,0.04,30,75.877,-13.2,0.269,51,11,0.216
802415,"Bassitt, Chris",FC,109,54,57.649,5.6,0.446,8.097,29.052,0.037,0.147,0.046,44,78.716,12.222,0.339,47,13,0.277
802415,"Bassitt, Chris",FF,552,269,60.696,5.656,-0.947,10.822,29.567,0.018,0.212,0.051,248,81.529,19.895,0.342,200,53,0.265
802415,"Bassitt, Chris",SI,290,138,61.729,5.883,-1.205,12.745,31.304,0.024,0.231,0.052,128,78.481,-4.648,0.251,103,26,0.252
802415,"Bassitt, Chris",SL,155,67,60.19,6.668,6.571,-1.811,30.061,0.084,0.213,0.045,50,78.4,9.8,0.307,78,23,0.295
802415,"Bassitt, Chris",ST,81,30,61.21,6.581,7.87,4.394,29.183,0.086,0.222,0.012,21,75.719,10.409,0.388,42,9,0.214
805249,"Snell, Blake",CH,108,59,72.431,7.941,18.289,-15.304,35.137,0.259,0.074,0.056,25,81.996,0.0,0.232,65,23,0.354
805249,"Snell, Blake",FF,211,101,70.227,6.812,3.212,7.887,34.715,0.085,0.152,0.104,78,84.615,30.692,0.33,94,11,0.117
805249,"Snell, Blake",SI,150,73,70.579,6.99,3.703,3.767,36.18,0.113,0.187,0.087,45,85.958,1.978,0.369,71,24,0.338
805249,"Snell, Blake",SL,127,72,70.296,7.725,14.631,-16.924,35.323,0.213,0.11,0.094,43,82.967,9.535,0.352,67,26,0.388
805249,"Snell, Blake",ST,85,45,67.702,7.695,15.647,-15.671,33.43,0.212,0.118,0.082,26,79.508,5.231,0.355,43,11,0.256
805300,"Cavalli, Cade",CH,99,47,70.934,7.377,10.888,-10.343,33.542,0.182,0.071,0.081,28,80.479,4.821,0.302,63,19,0.302
805300,"Cavalli, Cade",FC,55,33,68.469,6.497,4.325,1.373,31.732,0.091,0.109,0.109,25,79.22,16.12,0.335,23,8,0.348
805300,"Cavalli, Cade",FF,309,122,67.927,6.276,0.372,6.006,32.481,0.039,0.233,0.061,101,82.781,33.535,0.337,130,19,0.146
805300,"Cavalli, Cade",SI,124,56,67.76,6.282,-1.268,7.427,34.932,0.065,0.306,0.097,46,83.539,13.717,0.328,37,10,0.27
805300,"Cavalli, Cade",SL,116,51,69.841,7.047,8.559,-5.514,32.484,0.103,0.129,0.095,38,85.716,23.053,0.345,60,12,0.2
805367,"Lugo, Seth",CH,170,87,66.222,7.003,10.645,-4.801,31.97,0.1,0.129,0.059,62,78.632,2.175,0.224,83,24,0.289
805367,"Lugo, Seth",CU,97,30,64.937,6.83,9.225,-1.84,30.165,0.0,0.206,0.093,26,82.012,1.538,0.313,52,8,0.154
805367,"Lugo, Seth",FC,144,50,64.935,6.496,5.537,3.439,27.905,0.021,0.326,0.042,45,81.309,20.667,0.285,67,13,0.194
805367,"Lugo, Seth",FF,671,254,65.903,6.342,4.234,6.838,27.012,0.019,0.3,0.082,225,84.108,22.453,0.339,303,78,0.257
805367,"Lugo, Seth",SI,463,160,63.588,6.024,0.233,13.446,30.781,0.03,0.307,0.084,131,85.305,6.25,0.326,203,41,0.202
805367,"Lugo, Seth",SL,308,130,63.184,6.86,7.405,-3.288,30.599,0.11,0.192,0.062,93,83.596,8.527,0.267,154,35,0.227
805367,"Lugo, Seth",ST,128,46,64.661,6.863,7.907,-3.793,27.377,0.047,0.211,0.031,36,79.028,25.028,0.252,64,11,0.172
805373,"Peterson, David",FF,242,116,67.906,7.045,1.576,10.181,27.074,0.091,0.219,0.083,85,84.116,31.071,0.306,112,28,0.25
805373,"Peterson, David",SI,196,65,66.544,7.0,-0.586,8.393,30.423,0.036,0.342,0.077,53,84.945,16.868,0.312,77,14,0.182
805373,"Peterson, David",SL,133,58,60.512,7.73,7.387,-9.76,33.836,0.12,0.211,0.038,40,75.848,21.325,0.144,62,16,0.258
805779,"Skubal, Tarik",CH,119,67,64.493,6.672,10.021,-10.398,37.249,0.05,0.076,0.067,53,81.687,8.887,0.345,68,28,0.412
805779,"Skubal, Tarik",FC,119,70,63.409,5.975,3.376,-0.058,33.163,0.034,0.092,0.084,58,80.852,19.373,0.315,55,15,0.273
805779,"Skubal, Tarik",FF,432,228,60.949,5.552,-3.853,9.986,33.715,0.044,0.162,0.062,201,81.414,25.527,0.349,209,69,0.33
805779,"Skubal, Tarik",SI,520,249,62.483,5.683,-3.12,6.3,36.848,0.017,0.244,0.112,225,82.542,5.573,0.266,212,71,0.335
805779,"Skubal, Tarik",SL,270,128,61.612,6.468,6.594,-8.173,33.898,0.044,0.17,0.081,108,80.917,12.398,0.362,132,34,0.258
805779,"Skubal, Tarik",ST,151,64,59.49,6.588,10.223,-11.166,32.475,0.093,0.185,0.02,47,78.638,18.149,0.244,92,30,0.326
805811,"Pfaadt, Brandon",FF,70,35,69.65,6.565,5.908,9.094,35.442,0.143,0.171,0.086,22,86.977,23.727,0.495,31,7,0.226
805904,"Aldegheri, Sam",FF,67,30,71.919,6.508,0.066,15.08,29.504,0.134,0.224,0.045,17,79.606,29.412,0.324,27,8,0.296
807712,"Rodón, Carlos",CH,95,45,62.434,6.932,14.95,-11.532,37.326,0.137,0.126,0.084,31,83.023,5.065,0.301,50,14,0.28
807712,"Rodón, Carlos",FC,80,40,65.121,6.169,6.688,3.192,35.102,0.05,0.175,0.062,33,83.955,17.636,0.356,33,7,0.212
807712,"Rodón, Carlos",FF,206,86,66.809,6.0,5.004,5.625,33.433,0.049,0.233,0.073,73,82.989,31.192,0.331,99,21,0.212
807712,"Rodón, Carlos",SI,138,56,67.175,6.104,1.924,3.264,36.478,0.022,0.268,0.094,50,83.918,6.745,0.438,53,8,0.151
807712,"Rodón, Carlos",SL,124,52,58.557,6.469,9.251,-1.543,38.05,0.113,0.202,0.073,35,78.337,6.886,0.217,61,13,0.213
807713,"Ashby, Aaron",CH,141,86,66.385,7.349,13.782,-12.173,28.439,0.142,0.092,0.113,61,81.766,5.459,0.328,69,31,0.449
807713,"Ashby, Aaron",CU,125,46,62.805,7.291,14.026,-14.562,27.607,0.064,0.248,0.032,34,75.568,1.471,0.284,67,19,0.284
807713,"Ashby, Aaron",FC,113,51,70.04,7.024,11.571,-2.585,26.256,0.071,0.186,0.053,40,85.04,13.625,0.32,54,11,0.204
807713,"Ashby, Aaron",FF,516,271,67.311,6.373,6.953,9.888,24.544,0.099,0.134,0.07,201,81.696,32.413,0.329,236,66,0.28
807713,"Ashby, Aaron",SI,377,161,67.228,6.469,6.021,3.75,29.23,0.042,0.252,0.061,128,79.942,18.734,0.322,167,55,0.329
807713,"Ashby, Aaron",SL,316,142,66.405,7.241,11.475,-9.331,27.893,0.114,0.161,0.054,97,76.319,20.268,0.285,154,40,0.26
807713,"Ashby, Aaron",ST,171,65,64.177,7.229,12.613,-7.884,27.265,0.117,0.251,0.058,39,80.526,18.462,0.165,87,22,0.253
807799,"Sugano, Tomoyuki",CH,80,39,70.246,7.703,12.273,-4.575,33.266,0.075,0.15,0.15,33,83.261,8.182,0.25,39,10,0.256
807799,"Sugano, Tomoyuki",FF,278,127,69.469,6.648,3.185,11.602,29.454,0.029,0.227,0.144,117,86.189,13.538,0.374,127,39,0.307
807799,"Sugano, Tomoyuki",SI,81,30,68.903,6.793,4.092,10.661,32.193,0.012,0.272,0.086,26,84.719,-9.038,0.22,30,7,0.233
807799,"Sugano, Tomoyuki",SL,86,39,70.646,7.736,13.638,-8.615,35.064,0.116,0.209,0.093,28,85.55,5.036,0.306,37,9,0.243
808975,"Pfaadt, Brandon",CH,58,36,62.397,7.431,16.491,-3.581,39.087,0.31,0.069,0.0,16,73.025,8.188,0.096,34,21,0.618
808975,"Pfaadt, Brandon",CU,72,33,64.822,7.562,19.896,-9.108,42.908,0.181,0.222,0.042,16,82.4,7.438,0.206,35,11,0.314
808975,"Pfaadt, Brandon",FF,236,114,65.996,6.465,0.766,9.46,40.65,0.106,0.233,0.051,78,83.663,27.064,0.298,112,33,0.295
808975,"Pfaadt, Brandon",SI,74,44,65.343,6.525,2.353,7.677,42.223,0.108,0.162,0.081,33,80.006,5.364,0.22,34,15,0.441
808975,"Pfaadt, Brandon",SL,78,39,65.354,7.574,20.027,-11.716,42.474,0.167,0.192,0.038,26,77.077,5.5,0.271,39,14,0.359
808982,"Pivetta, Nick",CH,238,125,67.833,8.049,11.653,-10.552,38.445,0.076,0.088,0.071,101,80.422,12.663,0.279,138,45,0.326
808982,"Pivetta, Nick",CU,207,82,65.343,7.723,9.408,-9.308,38.734,0.053,0.198,0.053,67,78.139,3.471,0.293,105,23,0.219
808982,"Pivetta, Nick",FC,173,73,66.639,7.163,3.221,-5.967,39.181,0.035,0.208,0.087,63,80.69,11.048,0.375,79,16,0.203
808982,"Pivetta, Nick",FF,847,364,66.539,7.136,-0.536,2.416,38.944,0.033,0.21,0.084,318,83.106,21.563,0.35,365,52,0.142
808982,"Pivetta, Nick",FS,80,39,65.756,8.017,7.663,-9.898,38.984,0.1,0.088,0.062,29,76.466,1.0,0.274,55,20,0.364
808982,"Pivetta, Nick",SI,332,142,67.523,7.229,0.799,-0.411,40.339,0.048,0.265,0.09,116,84.343,4.241,0.3,121,24,0.198
808982,"Pivetta, Nick",SL,246,118,66.941,7.613,5.514,-5.745,40.382,0.073,0.159,0.106,95,81.281,7.062,0.323,123,32,0.26
808982,"Pivetta, Nick",ST,166,76,67.207,7.828,11.107,-10.74,39.089,0.09,0.181,0.054,58,80.871,16.379,0.325,89,25,0.281
810938,"Severino, Luis",CH,87,48,69.463,7.53,9.376,-3.832,33.831,0.126,0.115,0.149,34,85.829,3.294,0.344,51,23,0.451
810938,"Severino, Luis",FC,103,47,67.296,6.758,1.656,6.717,34.187,0.087,0.204,0.058,35,81.04,1.743,0.235,54,16,0.296
810938,"Severino, Luis",FF,385,194,66.486,6.117,-4.886,18.324,31.713,0.075,0.216,0.075,146,82.339,20.185,0.282,142,38,0.268
810938,"Severino, Luis",SI,228,100,68.398,6.377,-3.641,15.957,33.443,0.039,0.25,0.132,85,85.564,-5.058,0.316,92,26,0.283
810938,"Severino, Luis",SL,200,101,68.512,7.489,8.962,-3.925,33.854,0.155,0.17,0.085,66,81.794,14.924,0.21,109,45,0.413
810938,"Severino, Luis",ST,116,55,68.13,7.435,10.454,-6.47,32.52,0.164,0.198,0.06,31,81.213,22.387,0.193,60,22,0.367
