player_name,pitcher,pitch_type,pitches,avg_velo,avg_spin,avg_spin_axis,avg_pfx_x,avg_pfx_z,avg_extension,avg_release_pos_x,avg_release_pos_z,whiff_rate,called_strike_rate,chase_rate,hard_hit_rate,xwoba_on_contact,xba_on_contact
"Abbott, Andrew",671096,CH,526,84.822,1984.034,133.152,1.264,0.851,6.305,2.573,6.03,0.129,0.082,0.249,0.053,0.307,0.312
"Abbott, Andrew",671096,CU,308,80.565,2790.958,306.276,-0.724,-0.322,6.216,2.477,6.145,0.078,0.25,0.084,0.055,0.272,0.306
"Abbott, Andrew",671096,FC,115,88.649,2523.861,185.478,-0.043,0.704,6.31,2.536,6.024,0.139,0.078,0.157,0.13,0.386,0.335
"Abbott, Andrew",671096,FF,1263,92.783,2274.95,146.166,0.757,1.349,6.332,2.529,5.986,0.081,0.204,0.112,0.078,0.303,0.304
"Abbott, Andrew",671096,ST,465,82.67,2791.342,290.615,-0.995,0.207,6.321,2.517,6.034,0.181,0.101,0.17,0.062,0.248,0.29
"Abel, Mick",690953,CU,154,82.662,2671.669,49.883,0.818,-0.798,6.791,-1.645,5.623,0.143,0.195,0.169,0.078,0.212,0.365
"Abel, Mick",690953,FF,303,96.442,2544.475,217.733,-0.696,1.349,6.752,-1.701,5.666,0.119,0.129,0.119,0.066,0.418,0.366
"Abreu, Bryan",650556,FF,594,97.296,2314.106,214.158,-0.546,1.383,6.634,-2.403,5.546,0.152,0.133,0.116,0.057,0.295,0.341
"Abreu, Bryan",650556,SL,576,86.496,2923.062,53.658,0.703,-0.507,6.492,-2.588,5.741,0.214,0.191,0.21,0.073,0.279,0.368
"Adam, Jason",592094,CH,363,88.164,2039.507,231.769,-1.344,0.298,6.322,-1.093,6.376,0.165,0.096,0.185,0.077,0.239,0.241
"Adam, Jason",592094,FF,247,94.593,2586.425,210.547,-0.674,1.559,6.508,-0.977,6.435,0.085,0.138,0.198,0.077,0.277,0.264
"Adam, Jason",592094,SL,382,83.948,2602.702,69.717,0.12,-0.154,6.38,-1.078,6.387,0.188,0.209,0.139,0.068,0.286,0.357
"Adams, Travis",701519,CH,111,87.381,1942.703,234.568,-1.275,0.404,6.257,-1.933,5.689,0.126,0.108,0.18,0.045,0.316,0.348
"Adams, Travis",701519,FC,123,90.835,2513.203,173.797,0.406,0.673,6.123,-2.146,5.973,0.106,0.163,0.138,0.114,0.541,0.463
"Adams, Travis",701519,FF,195,94.765,2409.928,213.621,-0.44,1.274,6.216,-2.032,5.927,0.123,0.164,0.103,0.082,0.337,0.387
"Adams, Travis",701519,SL,133,85.623,2325.286,101.323,0.431,-0.009,6.323,-2.266,5.743,0.105,0.12,0.15,0.09,0.342,0.302
"Agnos, Zach",688642,FC,176,92.669,2323.659,202.92,0.082,0.608,6.033,-1.872,5.862,0.097,0.119,0.125,0.097,0.432,0.332
"Agnos, Zach",688642,FF,155,95.825,2364.129,214.452,-0.68,1.225,6.116,-1.635,5.954,0.09,0.123,0.084,0.11,0.395,0.305
"Agnos, Zach",688642,FS,108,86.746,1429.241,239.833,-0.904,0.164,6.101,-1.873,5.855,0.185,0.046,0.176,0.139,0.434,0.4
"Akin, Keegan",669211,CH,211,86.578,2067.028,117.393,1.405,0.75,5.807,1.901,5.745,0.133,0.09,0.171,0.062,0.201,0.196
"Akin, Keegan",669211,FF,543,93.714,2371.011,139.26,0.989,1.434,5.731,1.813,5.953,0.11,0.149,0.122,0.079,0.42,0.394
"Akin, Keegan",669211,SL,304,85.564,2582.049,230.97,-0.299,0.238,5.648,1.96,5.789,0.109,0.178,0.161,0.076,0.327,0.329
"Alcala, Jorge",660896,CU,246,85.385,2597.671,48.045,0.331,-0.403,5.874,-1.951,6.648,0.089,0.171,0.118,0.057,0.276,0.315
"Alcala, Jorge",660896,FF,491,97.357,2481.807,214.277,-0.744,1.479,5.822,-2.031,6.629,0.132,0.153,0.122,0.069,0.327,0.277
"Alcala, Jorge",660896,SI,138,96.825,2227.348,215.507,-1.252,0.99,5.862,-1.857,6.625,0.109,0.174,0.196,0.058,0.333,0.353
"Alcala, Jorge",660896,SL,163,89.894,2482.025,167.466,0.273,0.41,5.896,-2.156,6.588,0.086,0.19,0.117,0.092,0.35,0.403
"Alcantara, Sandy",645261,CH,672,90.423,2088.887,241.247,-1.457,0.4,6.135,-1.736,5.939,0.141,0.06,0.232,0.085,0.28,0.291
"Alcantara, Sandy",645261,FC,482,89.268,2355.23,185.11,0.082,0.395,5.983,-1.691,5.965,0.112,0.189,0.143,0.085,0.349,0.381
"Alcantara, Sandy",645261,FF,495,97.736,2285.549,233.598,-1.177,1.094,6.042,-1.661,5.972,0.077,0.137,0.085,0.113,0.321,0.342
"Alcantara, Sandy",645261,SI,747,97.144,2322.553,233.371,-1.445,0.707,6.016,-1.744,5.939,0.051,0.25,0.075,0.129,0.364,0.323
"Alcantara, Sandy",645261,SL,495,85.263,2443.937,66.465,0.23,-0.145,6.006,-1.713,5.972,0.091,0.18,0.139,0.085,0.349,0.368
"Aldegheri, Sam",691951,FF,143,91.601,2353.455,154.944,0.322,1.342,5.676,1.787,6.149,0.056,0.175,0.091,0.063,0.365,0.348
"Alexander, Jason",669920,CH,410,80.32,1763.79,268.293,-1.424,0.1,6.612,-1.46,5.534,0.224,0.063,0.224,0.071,0.249,0.286
"Alexander, Jason",669920,FF,127,91.931,2269.677,239.047,-1.137,0.991,6.426,-1.407,5.773,0.055,0.079,0.063,0.063,0.35,0.424
"Alexander, Jason",669920,SI,500,90.884,2053.348,249.852,-1.379,0.104,6.502,-1.628,5.443,0.02,0.296,0.032,0.14,0.4,0.364
"Alexander, Jason",669920,ST,200,78.502,2626.09,67.93,1.359,-0.018,6.486,-1.94,5.337,0.085,0.205,0.09,0.065,0.385,0.363
"Alexander, Scott",518397,SI,204,91.262,2191.819,131.049,1.089,0.27,6.278,1.442,5.593,0.049,0.162,0.069,0.162,0.471,0.363
"Alexander, Tyler",641302,CH,254,83.339,1519.937,120.016,1.207,0.206,6.29,1.944,5.372,0.126,0.106,0.24,0.106,0.336,0.368
"Alexander, Tyler",641302,FC,271,86.935,2343.579,166.413,-0.107,0.781,6.204,1.767,5.525,0.089,0.17,0.1,0.085,0.433,0.45
"Alexander, Tyler",641302,FF,414,90.812,2233.756,141.326,0.772,1.329,6.215,1.761,5.575,0.085,0.174,0.111,0.089,0.33,0.332
"Alexander, Tyler",641302,SI,291,90.497,2097.434,136.328,1.343,0.778,6.248,1.869,5.422,0.048,0.241,0.1,0.065,0.264,0.288
"Alexander, Tyler",641302,ST,355,80.249,2483.975,277.352,-1.027,0.399,6.305,2.021,5.236,0.107,0.161,0.11,0.068,0.329,0.374
"Allard, Kolby",663465,CH,200,81.442,1546.62,120.405,1.177,0.522,5.813,2.137,5.558,0.075,0.065,0.175,0.075,0.266,0.239
"Allard, Kolby",663465,CU,132,72.06,1882.25,335.227,-0.635,-1.091,5.895,1.91,5.595,0.053,0.144,0.098,0.098,0.276,0.29
"Allard, Kolby",663465,FC,193,84.896,2038.984,192.523,-0.39,0.558,6.323,2.003,5.395,0.052,0.187,0.098,0.104,0.363,0.33
"Allard, Kolby",663465,FF,389,90.067,2029.378,148.254,0.515,1.349,6.369,2.049,5.314,0.116,0.231,0.1,0.09,0.259,0.308
"Allen, Logan",671106,CH,497,82.427,959.406,133.322,0.819,0.494,6.29,2.372,5.272,0.085,0.066,0.187,0.105,0.31,0.315
"Allen, Logan",671106,FC,306,85.68,2265.99,192.183,-0.354,0.532,6.326,2.382,5.276,0.085,0.186,0.108,0.065,0.429,0.349
"Allen, Logan",671106,FF,900,91.219,2232.594,150.346,0.522,1.365,6.323,2.304,5.318,0.077,0.202,0.084,0.074,0.345,0.322
"Allen, Logan",671106,SI,366,88.988,1966.743,138.216,1.136,0.773,6.39,2.467,5.045,0.038,0.249,0.093,0.087,0.335,0.3
"Allen, Logan",671106,ST,636,78.072,2299.368,290.195,-1.184,0.067,6.275,2.432,5.184,0.101,0.167,0.132,0.061,0.276,0.275
"Altavilla, Dan",656186,CH,107,91.787,1779.383,244.692,-1.328,0.1,5.906,-2.19,5.121,0.187,0.037,0.206,0.084,0.257,0.286
"Altavilla, Dan",656186,FF,121,96.01,2333.843,224.405,-0.928,1.164,5.963,-2.055,5.201,0.05,0.14,0.074,0.058,0.382,0.225
"Altavilla, Dan",656186,SI,114,96.582,2289.553,227.658,-1.361,0.719,5.951,-2.087,5.178,0.114,0.184,0.123,0.061,0.292,0.297
"Altavilla, Dan",656186,SL,114,90.679,2530.053,175.781,0.232,0.435,5.871,-2.138,5.207,0.044,0.219,0.079,0.07,0.398,0.374
"Alvarado, Elvis",665660,FF,372,98.686,2450.022,232.984,-1.182,1.135,5.887,-2.395,5.713,0.172,0.134,0.132,0.051,0.299,0.301
"Alvarado, Elvis",665660,SI,117,98.256,2488.376,232.197,-1.392,0.783,5.917,-2.446,5.666,0.043,0.188,0.111,0.205,0.462,0.423
"Alvarado, Elvis",665660,SL,245,88.898,2215.829,245.624,-0.075,0.455,5.976,-2.483,5.619,0.171,0.122,0.196,0.065,0.221,0.276
"Alvarado, José",621237,FC,139,93.179,2132.259,159.122,-0.081,0.544,6.818,1.206,6.569,0.245,0.022,0.281,0.058,0.17,0.23
"Alvarado, José",621237,SI,287,99.064,2083.174,148.387,1.249,1.08,6.939,1.369,6.467,0.042,0.244,0.063,0.105,0.386,0.358
"Alvarez, Andrew",674841,CU,113,82.456,2688.634,331.67,-0.898,-0.895,6.37,1.37,6.37,0.062,0.088,0.115,0.08,0.226,0.254
"Alvarez, Andrew",674841,FF,142,91.285,2331.62,148.683,0.287,1.134,6.542,1.332,6.337,0.042,0.19,0.07,0.07,0.345,0.336
"Alvarez, Andrew",674841,SL,121,82.381,2638.151,323.168,-0.213,-0.275,6.397,1.398,6.318,0.132,0.223,0.157,0.083,0.195,0.206
"Anderson, Grant",681982,FF,392,93.433,2448.13,244.661,-1.078,1.019,6.537,-2.468,4.538,0.171,0.11,0.148,0.036,0.217,0.266
"Anderson, Grant",681982,SI,298,93.152,2278.799,248.134,-1.48,0.034,6.483,-2.555,4.487,0.027,0.272,0.07,0.117,0.42,0.398
"Anderson, Grant",681982,ST,451,80.204,2697.479,80.554,1.166,0.206,6.422,-2.578,4.077,0.164,0.142,0.195,0.053,0.248,0.292
"Anderson, Ian",666120,FF,104,93.748,1950.471,201.904,-0.657,1.253,6.95,-1.649,6.144,0.029,0.192,0.096,0.067,0.395,0.374
"Anderson, Nick",623433,FF,116,95.228,2297.931,208.578,-0.516,1.275,6.182,-0.833,6.443,0.06,0.172,0.121,0.069,0.355,0.335
"Anderson, Tyler",542881,CH,795,78.676,1916.381,136.518,1.096,1.019,5.943,1.295,6.46,0.195,0.14,0.225,0.058,0.301,0.315
"Anderson, Tyler",542881,FC,480,84.353,2294.335,161.298,-0.142,1.113,6.056,1.57,6.209,0.077,0.108,0.142,0.106,0.328,0.316
"Anderson, Tyler",542881,FF,892,89.288,2184.796,155.557,0.572,1.623,6.047,1.321,6.297,0.062,0.18,0.1,0.107,0.382,0.31
"Armstrong, Shawn",542888,FC,269,90.835,2467.718,177.989,0.355,0.798,6.685,-1.574,5.839,0.089,0.175,0.119,0.082,0.324,0.295
"Armstrong, Shawn",542888,FF,323,93.523,2344.221,211.128,-0.453,1.31,6.707,-1.618,5.746,0.149,0.167,0.09,0.05,0.271,0.348
"Armstrong, Shawn",542888,SI,264,94.108,2135.674,216.08,-1.287,0.906,6.782,-1.652,5.661,0.038,0.242,0.072,0.083,0.295,0.316
"Armstrong, Shawn",542888,ST,261,85.083,2615.09,100.984,1.033,0.826,6.675,-1.465,5.88,0.13,0.169,0.169,0.027,0.171,0.166
"Arrighetti, Spencer",681293,CU,139,77.538,2835.417,58.849,1.36,-0.616,7.037,-2.215,5.006,0.144,0.23,0.165,0.072,0.28,0.346
"Arrighetti, Spencer",681293,FF,196,93.135,2318.214,227.903,-1.08,1.251,7.243,-2.032,5.044,0.077,0.128,0.087,0.087,0.36,0.298
"Ashby, Aaron",676879,CH,135,91.424,1894.837,134.6,1.151,0.322,5.34,0.514,6.375,0.156,0.067,0.178,0.104,0.336,0.37
"Ashby, Aaron",676879,CU,299,82.365,2739.425,334.217,-0.652,-1.435,5.318,0.418,6.418,0.12,0.251,0.147,0.033,0.231,0.357
"Ashby, Aaron",676879,SI,605,97.565,2153.883,146.03,1.25,0.613,5.326,0.328,6.514,0.063,0.226,0.086,0.096,0.322,0.318
"Ashcraft, Braxton",677952,CU,232,84.326,2762.478,36.914,0.664,-1.032,6.085,-0.957,6.38,0.121,0.237,0.116,0.039,0.21,0.284
"Ashcraft, Braxton",677952,FF,327,96.959,2432.208,217.651,-0.609,1.312,6.405,-1.022,6.195,0.076,0.165,0.095,0.08,0.374,0.36
"Ashcraft, Braxton",677952,SI,163,96.578,2382.791,217.755,-1.296,0.701,6.411,-0.96,6.182,0.086,0.166,0.129,0.123,0.315,0.323
"Ashcraft, Braxton",677952,SL,344,92.024,2620.323,185.985,0.163,0.466,6.243,-1.072,6.255,0.18,0.108,0.195,0.084,0.256,0.303
"Ashcraft, Graham",668933,FC,576,97.066,2597.068,191.901,0.208,0.808,5.384,-0.033,6.554,0.076,0.16,0.142,0.085,0.377,0.35
"Ashcraft, Graham",668933,SL,488,89.867,2949.93,43.409,0.841,-0.18,5.482,-0.19,6.413,0.201,0.156,0.275,0.061,0.178,0.28
"Assad, Javier",665871,FC,124,89.015,2061.823,182.992,0.235,0.755,6.501,-1.777,5.915,0.073,0.137,0.121,0.097,0.427,0.389
"Assad, Javier",665871,SI,230,92.184,1904.626,206.074,-1.121,0.897,6.538,-1.566,6.008,0.065,0.239,0.061,0.087,0.306,0.305
"Bachar, Lake",669199,FF,425,94.766,2716.894,213.362,-0.781,1.528,6.087,-1.404,5.809,0.106,0.212,0.106,0.096,0.389,0.331
"Bachar, Lake",669199,FS,139,83.968,1298.806,242.82,-1.092,0.596,6.162,-1.615,5.548,0.144,0.05,0.223,0.036,0.18,0.255
"Bachar, Lake",669199,SL,266,89.208,2657.47,128.263,0.188,0.132,6.053,-1.463,5.732,0.184,0.132,0.226,0.068,0.289,0.294
"Bachar, Lake",669199,ST,313,86.47,2870.971,52.185,0.96,0.004,6.059,-1.772,5.463,0.112,0.224,0.147,0.07,0.329,0.364
"Bachman, Sam",696147,SI,114,97.212,2319.07,228.325,-1.341,0.819,6.383,-1.99,5.426,0.07,0.254,0.088,0.123,0.386,0.403
"Bachman, Sam",696147,SL,185,87.808,2641.076,73.081,0.195,-0.171,6.271,-1.984,5.445,0.157,0.162,0.162,0.097,0.293,0.316
"Backhus, Kyle",679775,SI,273,90.972,2262.429,102.725,1.528,0.178,7.216,2.977,4.334,0.044,0.256,0.081,0.099,0.312,0.333
"Backhus, Kyle",679775,ST,116,78.391,2215.836,285.897,-1.089,0.184,6.947,3.102,4.175,0.155,0.112,0.155,0.06,0.338,0.321
"Baker, Bryan",641329,CH,307,85.063,1872.261,223.127,-1.204,0.665,6.408,-0.901,6.543,0.169,0.147,0.134,0.055,0.197,0.303
"Baker, Bryan",641329,FF,520,96.742,2288.431,200.677,-0.35,1.507,6.427,-0.634,6.619,0.131,0.138,0.152,0.1,0.358,0.389
"Baker, Bryan",641329,SL,275,88.524,2384.487,148.52,0.575,0.414,6.425,-0.856,6.579,0.091,0.211,0.138,0.109,0.357,0.316
"Banda, Anthony",607455,FF,255,95.907,2192.576,134.729,0.838,1.206,6.197,2.338,5.605,0.114,0.102,0.129,0.118,0.388,0.381
"Banda, Anthony",607455,SI,270,95.792,2094.193,134.654,1.294,0.821,6.213,2.375,5.553,0.052,0.256,0.074,0.074,0.314,0.258
"Banda, Anthony",607455,SL,565,85.871,2343.839,306.704,-0.545,-0.138,6.14,2.496,5.467,0.165,0.104,0.191,0.06,0.256,0.267
"Banks, Tanner",621383,FF,233,92.667,2176.863,153.618,0.192,1.208,5.676,2.529,6.498,0.099,0.15,0.129,0.082,0.28,0.297
"Banks, Tanner",621383,SI,134,92.216,2051.806,153.351,1.151,0.744,5.672,2.523,6.496,0.037,0.216,0.119,0.082,0.398,0.428
"Banks, Tanner",621383,SL,388,87.271,2359.144,200.144,-0.403,0.384,5.692,2.692,6.401,0.119,0.144,0.108,0.075,0.302,0.342
"Banks, Tanner",621383,ST,267,82.09,2366.959,288.76,-1.052,0.244,5.711,2.867,6.289,0.112,0.187,0.116,0.064,0.289,0.288
"Barlow, Scott",605130,CU,218,78.422,2620.798,61.546,1.383,-0.682,6.607,-2.357,5.405,0.142,0.183,0.193,0.018,0.201,0.309
"Barlow, Scott",605130,FF,281,92.21,2438.466,218.858,-0.295,1.024,6.714,-2.372,5.223,0.068,0.196,0.1,0.075,0.401,0.315
"Barlow, Scott",605130,SI,187,92.511,2310.385,215.519,-1.073,0.767,6.775,-2.264,5.289,0.053,0.214,0.102,0.064,0.395,0.302
"Barlow, Scott",605130,SL,242,84.257,2648.434,102.45,0.631,0.098,6.571,-2.458,5.126,0.149,0.169,0.149,0.083,0.368,0.392
"Barlow, Scott",605130,ST,373,81.523,2518.515,83.697,1.105,0.556,6.58,-2.601,5.065,0.169,0.188,0.19,0.038,0.231,0.307
"Barnett, Mason",686930,FF,230,94.333,2268.861,195.522,-0.053,1.279,6.236,-2.206,6.004,0.074,0.135,0.087,0.104,0.354,0.325
"Bassitt, Chris",605135,CH,104,84.47,1829.221,247.875,-1.297,0.213,6.337,-1.624,5.357,0.077,0.173,0.087,0.096,0.439,0.365
"Bassitt, Chris",605135,CU,477,71.31,2276.641,48.929,1.4,-0.957,6.303,-1.819,5.674,0.14,0.155,0.14,0.046,0.236,0.248
"Bassitt, Chris",605135,FC,487,88.589,2223.961,201.107,0.067,0.707,6.353,-2.028,5.411,0.129,0.084,0.138,0.07,0.281,0.332
"Bassitt, Chris",605135,FF,288,91.574,2152.076,221.934,-0.429,0.933,6.319,-1.836,5.394,0.101,0.108,0.125,0.038,0.219,0.273
"Bassitt, Chris",605135,FS,102,83.42,1307.961,264.549,-1.222,-0.071,6.4,-2.803,5.303,0.078,0.088,0.186,0.108,0.462,0.466
"Bassitt, Chris",605135,SI,1233,91.618,2102.938,224.502,-1.352,0.375,6.365,-1.951,5.426,0.058,0.241,0.101,0.105,0.353,0.346
"Bassitt, Chris",605135,ST,177,72.643,2337.695,69.006,1.61,-0.06,6.225,-2.257,5.131,0.266,0.164,0.181,0.023,0.192,0.302
"Basso, Brady",669620,FF,108,92.692,2331.019,155.667,0.385,1.373,6.388,1.92,6.638,0.074,0.194,0.083,0.102,0.347,0.271
"Bautista, Félix",642585,FS,179,88.906,1049.994,214.933,-0.733,0.876,6.759,-0.401,6.913,0.246,0.056,0.207,0.039,0.134,0.222
"Bautista, Félix",642585,SI,387,97.224,2393.212,187.742,-0.398,1.72,6.623,0.124,7.023,0.098,0.173,0.109,0.065,0.322,0.24
"Baz, Shane",669358,CH,311,89.271,2113.845,233.79,-1.394,0.744,6.463,-1.447,5.732,0.132,0.093,0.145,0.055,0.258,0.236
"Baz, Shane",669358,FC,400,90.202,2343.67,193.622,0.21,0.645,6.27,-1.714,5.777,0.125,0.138,0.168,0.085,0.342,0.353
"Baz, Shane",669358,FF,1194,96.958,2455.772,216.783,-0.825,1.388,6.423,-1.474,5.771,0.101,0.17,0.119,0.068,0.338,0.331
"Baz, Shane",669358,KC,731,84.976,2699.066,36.669,0.629,-1.04,6.315,-1.333,5.86,0.138,0.193,0.16,0.098,0.248,0.312
"Bazardo, Eduard",660825,FF,177,94.857,2148.503,218.314,-0.695,1.348,5.934,-1.928,5.77,0.073,0.198,0.107,0.102,0.391,0.352
"Bazardo, Eduard",660825,SI,612,95.539,2229.294,217.826,-1.35,0.904,5.963,-1.898,5.783,0.059,0.281,0.059,0.065,0.238,0.274
"Bazardo, Eduard",660825,ST,574,82.561,2565.053,43.577,1.339,-0.333,5.704,-2.17,5.883,0.098,0.188,0.145,0.073,0.291,0.289
"Beck, Tristan",663941,CU,141,80.602,2364.064,29.135,0.675,-1.201,6.88,-2.133,6.1,0.071,0.206,0.113,0.156,0.435,0.41
"Beck, Tristan",663941,FF,270,94.673,2130.474,216.678,-0.804,1.307,6.747,-2.519,6.013,0.078,0.222,0.078,0.093,0.282,0.296
"Beck, Tristan",663941,SL,174,89.816,2485.931,168.08,0.29,0.528,6.776,-2.467,5.983,0.092,0.155,0.126,0.075,0.395,0.34
"Beck, Tristan",663941,ST,232,83.113,2816.845,54.983,1.552,-0.143,6.783,-2.518,5.833,0.168,0.103,0.211,0.082,0.257,0.272
"Bednar, David",670280,CU,409,77.666,2456.22,45.313,0.674,-0.621,6.273,-1.75,5.855,0.144,0.325,0.13,0.015,0.194,0.302
"Bednar, David",670280,FF,481,97.067,2442.405,210.748,-0.683,1.504,6.686,-1.625,5.918,0.106,0.143,0.123,0.098,0.339,0.344
"Bednar, David",670280,FS,222,92.341,1706.635,216.905,-0.674,0.44,6.646,-1.716,5.836,0.212,0.081,0.207,0.113,0.18,0.3
"Beeks, Jalen",656222,CH,345,88.827,2133.69,131.055,1.324,0.818,6.382,1.084,5.99,0.154,0.072,0.206,0.043,0.213,0.228
"Beeks, Jalen",656222,FF,480,94.379,2151.912,151.031,0.555,1.307,6.643,1.017,5.906,0.098,0.133,0.071,0.108,0.366,0.34
"Beeter, Clayton",690925,FF,251,96.473,2446.04,200.697,-0.311,1.5,5.98,-1.235,6.047,0.064,0.147,0.068,0.04,0.445,0.358
"Beeter, Clayton",690925,SL,214,87.432,2831.093,29.411,0.353,-0.44,5.845,-1.182,6.154,0.238,0.131,0.196,0.042,0.183,0.274
"Bello, Brayan",678394,CH,414,88.779,1843.058,244.063,-1.338,0.379,6.399,-1.771,5.226,0.147,0.024,0.229,0.07,0.306,0.353
"Bello, Brayan",678394,FC,428,88.238,2478.621,179.652,0.071,0.216,6.318,-1.636,5.401,0.11,0.224,0.107,0.107,0.368,0.323
"Bello, Brayan",678394,FF,412,95.065,2159.541,224.65,-0.638,1.126,6.369,-1.614,5.372,0.068,0.092,0.119,0.09,0.291,0.238
"Bello, Brayan",678394,SI,955,95.294,2121.158,228.232,-1.41,0.473,6.362,-1.604,5.352,0.042,0.24,0.103,0.095,0.335,0.324
"Bello, Brayan",678394,ST,516,85.672,2475.149,39.11,0.824,-0.266,6.264,-1.71,5.26,0.114,0.132,0.184,0.081,0.333,0.367
"Bellozo, Valente",678368,CH,191,81.518,2036.079,241.728,-1.331,0.394,6.168,-1.644,5.62,0.115,0.084,0.183,0.047,0.291,0.311
"Bellozo, Valente",678368,FC,463,84.568,2517.724,141.84,0.426,0.754,6.015,-1.159,6.07,0.071,0.21,0.08,0.11,0.373,0.33
"Bellozo, Valente",678368,FF,380,90.826,2147.129,203.011,-0.281,1.455,6.034,-1.099,6.07,0.063,0.137,0.126,0.1,0.422,0.35
"Bellozo, Valente",678368,ST,205,78.724,2731.922,77.507,1.236,0.29,6.109,-1.145,6.053,0.151,0.068,0.185,0.098,0.233,0.239
"Bender, Anthony",669622,SI,210,96.603,2320.333,235.381,-1.531,0.281,5.773,-1.672,5.835,0.014,0.267,0.057,0.114,0.389,0.352
"Bender, Anthony",669622,SL,175,87.365,2664.12,69.274,0.381,-0.088,5.832,-1.826,5.779,0.114,0.189,0.171,0.097,0.304,0.275
"Bender, Anthony",669622,ST,360,83.906,2779.522,65.358,1.397,0.188,5.636,-2.168,5.253,0.106,0.261,0.117,0.078,0.193,0.208
"Bergert, Ryan",686701,FF,558,93.425,2405.72,208.645,-0.647,1.555,6.45,-1.604,5.971,0.057,0.17,0.093,0.091,0.354,0.304
"Bergert, Ryan",686701,SL,325,87.425,2626.234,145.326,0.319,0.301,6.392,-1.795,5.962,0.148,0.132,0.163,0.058,0.298,0.333
"Bergert, Ryan",686701,ST,234,82.645,2816.115,56.624,1.25,-0.05,6.365,-1.979,5.844,0.111,0.209,0.124,0.043,0.258,0.292
"Bernardino, Brennan",657514,CH,104,79.802,1600.923,109.067,1.265,0.05,5.652,3.082,5.104,0.135,0.019,0.298,0.058,0.168,0.22
"Bernardino, Brennan",657514,CU,219,79.216,2688.16,297.781,-1.301,0.098,5.384,3.246,4.866,0.151,0.087,0.155,0.059,0.254,0.268
"Bernardino, Brennan",657514,FC,103,86.459,2314.631,162.408,-0.162,0.484,5.571,3.103,5.098,0.058,0.243,0.068,0.107,0.373,0.279
"Bernardino, Brennan",657514,SI,371,90.731,2173.596,127.27,1.333,0.415,5.757,2.914,5.112,0.027,0.307,0.081,0.094,0.33,0.303
"Berríos, José",621244,CH,434,85.189,1555.018,251.505,-1.202,0.363,6.473,-2.011,5.555,0.191,0.078,0.224,0.083,0.287,0.304
"Berríos, José",621244,FC,149,89.543,2308.168,208.141,0.005,0.833,6.336,-2.0,5.665,0.081,0.06,0.195,0.128,0.315,0.301
"Berríos, José",621244,FF,463,92.991,2130.821,223.654,-0.817,1.268,6.416,-1.913,5.714,0.05,0.19,0.104,0.086,0.358,0.311
"Berríos, José",621244,SI,867,92.165,2027.736,227.609,-1.338,0.899,6.444,-1.911,5.698,0.032,0.236,0.096,0.126,0.377,0.341
"Berríos, José",621244,SV,670,82.556,2362.224,40.552,1.241,-0.376,6.248,-2.12,5.601,0.136,0.167,0.19,0.07,0.312,0.341
"Bibee, Tanner",676440,CH,462,81.797,1961.994,213.372,-0.997,0.955,6.671,-2.243,6.156,0.184,0.134,0.158,0.045,0.256,0.295
"Bibee, Tanner",676440,CU,163,79.693,2667.356,39.828,0.857,-0.718,6.607,-2.072,6.378,0.098,0.147,0.202,0.092,0.294,0.357
"Bibee, Tanner",676440,FC,643,86.299,2705.813,92.053,0.656,0.265,6.628,-2.274,6.276,0.138,0.168,0.132,0.075,0.296,0.27
"Bibee, Tanner",676440,FF,850,94.373,2243.022,205.96,-0.461,1.219,6.655,-2.059,6.362,0.042,0.185,0.079,0.096,0.373,0.342
"Bibee, Tanner",676440,SI,456,94.085,2226.327,212.035,-1.176,0.789,6.616,-2.229,6.34,0.042,0.261,0.096,0.094,0.263,0.263
"Bibee, Tanner",676440,ST,482,82.982,2673.838,51.448,1.335,-0.16,6.586,-2.328,6.263,0.127,0.151,0.143,0.058,0.273,0.27
"Bido, Osvaldo",674370,CH,146,88.751,2184.288,229.452,-1.334,0.832,6.421,-2.29,5.907,0.103,0.137,0.062,0.062,0.31,0.327
"Bido, Osvaldo",674370,FF,523,94.51,2441.562,222.694,-0.852,1.313,6.315,-2.307,5.888,0.084,0.12,0.115,0.099,0.429,0.357
"Bido, Osvaldo",674370,SI,204,94.741,2330.961,222.157,-1.318,0.841,6.379,-2.333,5.85,0.054,0.186,0.098,0.078,0.277,0.256
"Bido, Osvaldo",674370,SL,411,85.247,2227.725,62.949,0.594,0.279,6.141,-2.34,5.986,0.17,0.158,0.17,0.1,0.334,0.343
"Bieber, Shane",669456,CH,138,88.97,1375.304,251.145,-1.096,-0.047,6.607,-1.754,5.542,0.13,0.072,0.188,0.08,0.278,0.301
"Bieber, Shane",669456,FC,122,87.512,2553.484,202.5,0.165,0.597,6.602,-1.721,5.617,0.041,0.172,0.082,0.066,0.372,0.337
"Bieber, Shane",669456,FF,316,92.625,2409.253,216.326,-0.85,1.484,6.699,-1.629,5.67,0.079,0.253,0.085,0.098,0.388,0.348
"Bieber, Shane",669456,KC,172,82.722,2521.552,35.355,0.628,-1.012,6.577,-1.668,5.642,0.11,0.192,0.18,0.151,0.326,0.364
"Bieber, Shane",669456,SL,207,85.414,2618.816,101.821,0.093,-0.066,6.685,-1.686,5.595,0.227,0.072,0.217,0.087,0.295,0.359
"Bigge, Hunter",685801,FF,102,97.568,2382.078,198.686,-0.351,1.495,6.767,-0.223,5.825,0.078,0.137,0.108,0.147,0.447,0.369
"Bigge, Hunter",685801,SL,101,89.132,2364.663,122.594,0.424,0.214,6.818,-0.359,5.653,0.208,0.119,0.139,0.069,0.286,0.306
"Bird, Jake",656234,CU,217,80.561,2900.659,62.327,1.339,-0.729,5.963,-2.518,5.504,0.171,0.175,0.194,0.046,0.157,0.333
"Bird, Jake",656234,SI,328,94.4,2129.268,236.36,-0.935,0.032,5.848,-2.748,5.22,0.064,0.162,0.079,0.146,0.418,0.362
"Bird, Jake",656234,ST,388,83.989,2711.595,83.062,1.194,0.502,5.838,-2.932,5.02,0.134,0.327,0.142,0.054,0.258,0.286
"Birdsong, Hayden",806185,CH,201,88.721,1318.025,248.388,-0.991,-0.002,6.639,-2.02,6.331,0.159,0.09,0.179,0.1,0.279,0.399
"Birdsong, Hayden",806185,CU,155,80.309,2821.935,25.884,0.321,-1.053,6.427,-1.828,6.538,0.116,0.226,0.129,0.071,0.313,0.392
"Birdsong, Hayden",806185,FF,527,95.511,2403.503,205.14,-0.501,1.505,6.536,-1.857,6.531,0.076,0.156,0.114,0.074,0.357,0.255
"Birdsong, Hayden",806185,SL,291,88.924,2385.175,189.45,0.163,0.592,6.445,-1.993,6.44,0.141,0.151,0.151,0.089,0.324,0.308
"Bivens, Spencer",702352,CH,198,88.479,1601.975,232.843,-0.952,0.196,6.366,-1.837,6.13,0.116,0.056,0.192,0.116,0.277,0.265
"Bivens, Spencer",702352,FC,352,90.998,2126.497,197.48,0.122,0.854,6.314,-1.718,6.292,0.074,0.156,0.128,0.071,0.337,0.333
"Bivens, Spencer",702352,SI,486,94.796,1884.77,225.519,-1.331,0.546,6.364,-1.849,6.158,0.031,0.288,0.095,0.074,0.316,0.306
"Bivens, Spencer",702352,ST,108,83.14,2243.204,74.102,1.052,0.308,6.322,-1.786,6.108,0.13,0.102,0.176,0.12,0.311,0.371
"Blackburn, Paul",621112,FC,194,90.048,2473.366,172.655,0.348,0.52,6.198,-2.158,5.936,0.088,0.144,0.149,0.077,0.377,0.338
"Blackburn, Paul",621112,SI,215,92.691,1954.084,213.14,-1.075,0.603,6.292,-2.124,5.874,0.028,0.251,0.088,0.098,0.311,0.339
"Blackburn, Paul",621112,ST,110,81.659,2746.673,47.309,1.416,-0.422,6.249,-2.422,5.664,0.127,0.145,0.191,0.073,0.325,0.306
"Blalock, Bradley",687134,CU,135,80.99,2512.089,22.104,0.092,-0.808,6.431,-1.519,6.384,0.059,0.074,0.089,0.074,0.434,0.476
"Blalock, Bradley",687134,FC,102,89.783,2347.971,157.549,0.378,0.393,6.531,-1.849,6.28,0.108,0.098,0.078,0.088,0.378,0.34
"Blalock, Bradley",687134,FF,479,94.597,2099.071,192.952,-0.24,1.404,6.566,-1.388,6.367,0.038,0.184,0.111,0.142,0.469,0.379
"Blalock, Bradley",687134,FS,157,86.849,1322.338,215.153,-0.71,0.634,6.554,-1.942,6.185,0.127,0.076,0.146,0.083,0.249,0.269
"Blalock, Bradley",687134,SL,160,85.282,2523.306,76.912,0.335,-0.185,6.55,-1.749,6.235,0.1,0.162,0.138,0.106,0.364,0.323
"Blanco, Ronel",669854,CU,161,80.161,2213.422,35.056,0.853,-0.127,6.698,-1.91,5.983,0.124,0.236,0.174,0.087,0.25,0.231
"Blanco, Ronel",669854,FF,283,93.205,2259.933,205.594,-0.559,1.567,6.892,-1.711,6.053,0.057,0.155,0.11,0.064,0.382,0.266
"Blanco, Ronel",669854,SL,250,85.536,2134.48,185.312,0.242,0.533,6.844,-2.005,5.86,0.236,0.124,0.2,0.052,0.232,0.294
"Blewett, Scott",656240,FF,256,93.388,2259.434,207.602,-0.445,1.226,7.147,-1.8,6.214,0.066,0.176,0.074,0.121,0.417,0.341
"Blewett, Scott",656240,FS,135,84.999,1007.489,234.496,-0.538,0.194,7.052,-1.979,6.091,0.141,0.111,0.2,0.111,0.254,0.276
"Blewett, Scott",656240,SL,314,84.012,2141.433,74.666,0.188,-0.051,7.069,-1.932,6.146,0.172,0.121,0.156,0.099,0.309,0.307
"Blubaugh, AJ",805123,FF,278,94.618,2369.011,217.115,-0.978,1.485,6.692,-2.364,5.969,0.115,0.183,0.108,0.076,0.376,0.325
"Blubaugh, AJ",805123,ST,108,81.785,2734.111,64.63,1.277,0.103,6.631,-2.454,5.843,0.176,0.12,0.213,0.037,0.259,0.235
"Booser, Cam",592155,FC,112,87.27,2153.634,236.179,-0.276,0.067,6.382,2.84,5.658,0.125,0.223,0.152,0.107,0.448,0.333
"Booser, Cam",592155,FF,262,95.517,2131.996,150.324,0.608,1.343,6.443,2.558,5.923,0.08,0.115,0.115,0.111,0.355,0.28
"Booser, Cam",592155,ST,182,81.111,2132.956,312.39,-1.091,-0.342,6.386,2.941,5.587,0.159,0.181,0.159,0.044,0.213,0.264
"Borucki, Ryan",621366,FS,103,83.813,1280.65,106.078,1.1,0.021,6.661,1.711,5.552,0.223,0.039,0.194,0.078,0.265,0.38
"Borucki, Ryan",621366,SI,156,93.925,2272.955,127.442,1.507,0.709,6.553,1.713,5.659,0.032,0.237,0.071,0.096,0.506,0.415
"Borucki, Ryan",621366,SL,244,85.856,2274.816,198.832,-0.123,0.201,6.527,1.78,5.644,0.18,0.176,0.156,0.078,0.329,0.305
"Boushley, Caleb",676961,FC,140,89.691,2400.607,196.014,0.102,0.958,5.914,-1.922,5.82,0.079,0.15,0.107,0.057,0.316,0.352
"Boushley, Caleb",676961,FF,144,91.941,2386.257,210.764,-0.463,1.376,5.945,-1.898,5.868,0.104,0.222,0.069,0.111,0.481,0.492
"Boushley, Caleb",676961,SI,207,92.185,2240.087,218.58,-1.302,0.85,5.983,-1.892,5.815,0.014,0.261,0.072,0.15,0.35,0.382
"Bowden, Ben",641386,FF,110,93.404,2418.873,135.109,1.106,1.379,6.036,0.619,6.018,0.1,0.2,0.064,0.127,0.437,0.372
"Bowlan, Jonathan",680742,FF,244,95.548,2344.234,211.307,-0.666,1.473,6.683,-2.52,6.233,0.205,0.152,0.18,0.049,0.353,0.364
"Bowlan, Jonathan",680742,SI,125,96.102,2225.152,214.952,-1.168,1.038,6.703,-2.51,6.143,0.056,0.168,0.16,0.032,0.225,0.202
"Bowlan, Jonathan",680742,SL,227,85.83,2488.868,77.062,0.283,-0.086,6.637,-2.587,6.124,0.189,0.145,0.216,0.084,0.282,0.361
"Bowman, Matt",621199,FC,115,88.495,2281.357,195.817,0.168,0.608,6.594,-4.357,5.622,0.078,0.148,0.087,0.061,0.326,0.291
"Bowman, Matt",621199,SI,194,91.116,2064.943,241.17,-1.517,0.304,6.785,-4.239,5.502,0.052,0.247,0.129,0.077,0.3,0.28
"Boyd, Matthew",571510,CH,680,78.662,1816.543,118.856,1.312,0.473,6.215,2.295,5.534,0.172,0.129,0.172,0.084,0.273,0.271
"Boyd, Matthew",571510,CU,332,73.533,2327.099,311.506,-0.907,-0.712,6.089,2.307,5.747,0.069,0.307,0.078,0.042,0.307,0.338
"Boyd, Matthew",571510,FF,1368,93.271,2317.118,126.902,1.107,1.073,6.395,2.269,5.498,0.069,0.145,0.107,0.101,0.33,0.324
"Boyd, Matthew",571510,SL,430,82.02,2485.191,259.858,-0.193,0.028,6.224,2.719,5.0,0.16,0.116,0.186,0.053,0.252,0.351
"Boyle, Joe",671212,FF,453,98.517,2578.912,219.754,-0.685,1.232,6.534,-1.259,5.82,0.097,0.148,0.075,0.079,0.378,0.304
"Boyle, Joe",671212,FS,152,92.97,1988.158,239.059,-1.316,0.242,6.576,-1.23,5.801,0.092,0.092,0.105,0.099,0.188,0.29
"Boyle, Joe",671212,SL,328,90.843,2611.832,137.165,0.29,0.18,6.516,-1.254,5.815,0.143,0.241,0.134,0.073,0.291,0.327
"Bradish, Kyle",680694,FF,112,94.416,2416.125,185.223,0.127,1.338,6.358,-1.085,6.523,0.08,0.179,0.107,0.08,0.441,0.375
"Bradish, Kyle",680694,SI,161,94.829,2161.143,192.217,-0.961,1.171,6.433,-1.006,6.431,0.087,0.286,0.124,0.068,0.289,0.388
"Bradish, Kyle",680694,SL,158,86.935,2589.171,52.12,1.014,0.007,6.354,-1.301,6.331,0.215,0.127,0.184,0.057,0.113,0.184
"Bradley, Taj",671737,CU,335,81.797,2557.34,18.561,0.329,-1.222,6.327,-1.146,6.343,0.119,0.182,0.143,0.027,0.118,0.239
"Bradley, Taj",671737,FC,514,89.646,2178.078,167.298,0.333,0.463,6.358,-1.39,6.204,0.142,0.14,0.144,0.078,0.32,0.314
"Bradley, Taj",671737,FF,877,96.214,2325.593,202.878,-0.52,1.543,6.372,-1.28,6.215,0.083,0.158,0.108,0.097,0.384,0.328
"Bradley, Taj",671737,FS,344,91.245,1699.735,220.686,-1.055,0.742,6.465,-1.424,6.164,0.105,0.099,0.122,0.093,0.269,0.27
"Bradley, Taj",671737,SI,202,96.041,2150.198,202.95,-0.872,1.28,6.371,-1.282,6.263,0.064,0.119,0.188,0.119,0.348,0.355
"Brash, Matt",666374,CH,115,89.884,1721.333,253.351,-1.203,-0.276,6.336,-2.734,5.088,0.165,0.087,0.226,0.07,0.187,0.265
"Brash, Matt",666374,SI,200,96.458,2265.638,230.352,-1.458,0.656,6.381,-2.506,5.344,0.03,0.27,0.08,0.075,0.365,0.367
"Brash, Matt",666374,SL,605,86.112,2935.632,50.882,1.286,-0.055,6.387,-2.635,5.216,0.144,0.188,0.2,0.046,0.258,0.305
"Brasier, Ryan",518489,FF,134,94.063,2269.597,217.53,-0.686,1.303,6.878,-1.797,5.622,0.075,0.142,0.09,0.119,0.347,0.353
"Brasier, Ryan",518489,SL,129,85.328,2374.597,135.674,0.45,0.193,7.019,-1.415,5.78,0.171,0.124,0.186,0.078,0.312,0.468
"Brazobán, Huascar",623211,CH,385,90.762,1990.226,239.465,-1.373,0.156,5.782,-1.643,5.896,0.156,0.086,0.208,0.091,0.298,0.321
"Brazobán, Huascar",623211,FF,121,96.464,2207.198,229.157,-0.924,1.206,5.828,-1.64,5.799,0.083,0.207,0.083,0.033,0.324,0.258
"Brazobán, Huascar",623211,SI,378,96.438,2259.696,228.934,-1.489,0.678,5.782,-1.654,5.843,0.058,0.23,0.164,0.093,0.329,0.306
"Brebbia, John",605154,FF,225,92.557,2240.102,217.164,-0.899,1.44,6.536,-1.813,5.699,0.062,0.222,0.089,0.098,0.357,0.335
"Brebbia, John",605154,SL,199,83.983,2595.945,138.457,0.569,0.352,6.553,-1.873,5.797,0.121,0.146,0.126,0.08,0.299,0.299
"Brieske, Beau",689225,CH,100,89.834,2132.97,226.55,-1.168,0.518,5.87,-1.624,5.972,0.12,0.09,0.17,0.07,0.259,0.248
"Brieske, Beau",689225,FF,197,95.697,2514.777,201.888,-0.377,1.523,5.889,-1.351,6.13,0.091,0.157,0.096,0.112,0.311,0.259
"Brogdon, Connor",641401,CH,352,84.011,2021.026,248.188,-1.399,0.59,7.038,-2.773,5.684,0.179,0.077,0.23,0.088,0.283,0.291
"Brogdon, Connor",641401,FC,136,86.815,2337.934,175.309,0.331,0.523,7.065,-2.887,5.662,0.074,0.243,0.096,0.096,0.399,0.322
"Brogdon, Connor",641401,FF,352,95.464,2289.483,220.375,-0.913,1.289,7.013,-2.719,5.741,0.111,0.179,0.102,0.057,0.297,0.324
"Brown, Ben",676962,FF,970,95.874,2211.79,210.937,-0.618,1.412,6.759,-1.574,6.41,0.057,0.222,0.089,0.106,0.393,0.349
"Brown, Ben",676962,KC,686,87.285,2283.258,79.854,0.215,-0.195,6.575,-1.542,6.526,0.224,0.105,0.208,0.08,0.265,0.365
"Brown, Hunter",686613,CH,356,88.201,1501.365,231.121,-1.197,0.659,6.774,-2.231,5.936,0.11,0.098,0.18,0.048,0.277,0.276
"Brown, Hunter",686613,FF,1110,96.578,2275.806,206.812,-0.563,1.445,6.696,-1.885,6.205,0.111,0.194,0.111,0.051,0.255,0.314
"Brown, Hunter",686613,KC,530,83.513,2574.283,20.055,0.423,-1.329,6.561,-2.036,6.234,0.164,0.149,0.187,0.066,0.237,0.364
"Brown, Hunter",686613,SI,672,95.705,2179.324,208.615,-1.16,1.096,6.701,-2.092,6.122,0.08,0.199,0.195,0.046,0.31,0.296
"Brown, Hunter",686613,SL,252,91.428,2209.587,181.968,0.307,0.474,6.684,-1.984,6.156,0.111,0.127,0.163,0.083,0.293,0.335
"Brown, McCade",685326,FF,286,94.34,2321.661,221.406,-0.943,1.075,7.129,-3.638,5.756,0.08,0.178,0.122,0.098,0.447,0.367
"Brubaker, JT",664141,SI,231,93.404,2267.437,224.541,-1.274,0.773,5.653,-2.473,6.355,0.026,0.216,0.091,0.113,0.405,0.357
"Brubaker, JT",664141,SL,114,86.313,2597.211,182.447,0.034,0.11,5.596,-2.441,6.381,0.211,0.132,0.219,0.053,0.217,0.272
"Bruihl, Justin",677865,SI,115,90.214,2171.687,123.565,1.478,0.241,6.806,3.246,5.101,0.078,0.304,0.087,0.078,0.293,0.383
"Brzykcy, Zach",694350,CH,102,88.282,2080.5,240.275,-1.374,0.778,6.507,-1.471,5.758,0.235,0.049,0.235,0.049,0.292,0.407
"Brzykcy, Zach",694350,CU,112,83.123,2660.455,35.527,0.428,-0.906,6.488,-1.439,5.848,0.098,0.188,0.161,0.071,0.326,0.374
"Brzykcy, Zach",694350,FF,245,94.697,2278.253,202.951,-0.578,1.587,6.633,-1.1,5.962,0.09,0.094,0.159,0.094,0.412,0.351
"Bubic, Kris",663460,CH,378,85.48,1605.167,119.019,0.945,0.015,6.714,2.145,5.638,0.201,0.071,0.275,0.069,0.253,0.26
"Bubic, Kris",663460,FF,684,92.135,2417.459,154.101,0.361,1.513,6.867,2.062,5.681,0.124,0.187,0.101,0.064,0.287,0.309
"Bubic, Kris",663460,SI,117,91.589,2251.368,144.821,1.129,0.787,6.853,2.164,5.564,0.043,0.214,0.103,0.111,0.399,0.329
"Bubic, Kris",663460,SL,243,85.363,2487.119,286.918,-0.11,0.028,6.742,2.027,5.71,0.132,0.185,0.14,0.111,0.339,0.353
"Bubic, Kris",663460,ST,373,82.94,2687.37,317.761,-1.091,-0.395,6.596,2.272,5.562,0.113,0.204,0.158,0.075,0.215,0.294
"Buehler, Walker",621111,CH,150,89.687,1560.3,239.12,-1.322,0.434,6.506,-1.551,5.384,0.08,0.1,0.113,0.06,0.204,0.245
"Buehler, Walker",621111,FC,370,90.595,2413.935,176.078,0.364,0.906,6.532,-1.203,5.506,0.103,0.159,0.168,0.1,0.421,0.368
"Buehler, Walker",621111,FF,554,93.988,2249.783,206.282,-0.478,1.408,6.52,-1.179,5.558,0.042,0.255,0.069,0.085,0.435,0.345
"Buehler, Walker",621111,KC,282,77.433,2435.106,34.766,0.944,-1.229,6.621,-1.017,5.651,0.103,0.124,0.191,0.057,0.285,0.304
"Buehler, Walker",621111,SI,359,93.772,2121.889,218.635,-1.271,0.904,6.479,-1.544,5.279,0.019,0.242,0.086,0.092,0.352,0.359
"Buehler, Walker",621111,SL,323,87.503,2523.498,132.848,0.691,0.3,6.602,-1.205,5.548,0.105,0.102,0.164,0.087,0.358,0.328
"Buehler, Walker",621111,ST,151,80.879,2715.079,71.748,1.359,0.131,6.579,-1.317,5.319,0.185,0.013,0.278,0.04,0.261,0.266
"Bummer, Aaron",607481,CU,327,81.006,2368.021,298.361,-1.064,-0.698,6.414,2.056,5.421,0.15,0.144,0.248,0.086,0.313,0.38
"Bummer, Aaron",607481,FF,116,91.58,2281.681,122.112,0.706,0.921,6.386,2.348,5.121,0.078,0.224,0.112,0.06,0.436,0.476
"Bummer, Aaron",607481,SI,324,90.823,2147.244,119.58,1.207,0.102,6.418,2.256,5.099,0.034,0.309,0.077,0.093,0.33,0.331
"Bummer, Aaron",607481,ST,164,81.233,2436.445,295.201,-1.234,-0.04,6.402,2.34,5.239,0.098,0.146,0.134,0.055,0.228,0.245
"Burke, Brock",656271,CH,223,88.755,2115.211,127.928,1.27,0.427,6.731,2.003,6.233,0.139,0.081,0.211,0.094,0.268,0.32
"Burke, Brock",656271,FF,430,96.116,2259.03,139.923,0.699,1.317,6.775,1.974,6.291,0.098,0.128,0.074,0.091,0.341,0.363
"Burke, Brock",656271,SL,280,87.895,2218.136,155.007,0.09,0.424,6.696,2.009,6.335,0.132,0.161,0.104,0.082,0.281,0.301
"Burke, Sean",680732,CH,155,85.67,1822.174,230.284,-1.232,0.742,7.185,-2.478,6.08,0.11,0.052,0.116,0.065,0.472,0.365
"Burke, Sean",680732,FF,1023,94.443,2560.371,201.545,-0.417,1.533,7.084,-2.345,6.295,0.109,0.131,0.129,0.071,0.31,0.31
"Burke, Sean",680732,KC,563,79.729,2546.593,27.798,0.492,-1.241,6.982,-2.353,6.282,0.091,0.258,0.121,0.073,0.328,0.374
"Burke, Sean",680732,SI,115,94.002,2386.313,207.965,-1.082,1.254,7.074,-2.401,6.22,0.026,0.104,0.148,0.113,0.377,0.269
"Burke, Sean",680732,SL,520,86.619,2507.404,162.012,0.448,0.408,7.022,-2.6,6.167,0.135,0.129,0.156,0.117,0.375,0.339
"Burnes, Corbin",669203,CU,194,80.034,2810.856,49.825,0.809,-0.959,6.459,-0.566,5.964,0.216,0.119,0.289,0.077,0.191,0.247
"Burnes, Corbin",669203,FC,555,94.085,2662.07,191.614,0.203,1.015,6.521,-0.758,5.894,0.085,0.229,0.13,0.088,0.341,0.299
"Burns, Chase",695505,FF,449,98.689,2602.568,197.677,-0.291,1.51,6.422,-1.565,6.498,0.118,0.145,0.085,0.078,0.315,0.362
"Burns, Chase",695505,SL,264,90.889,2818.814,107.352,0.421,0.111,6.373,-1.809,6.372,0.235,0.102,0.25,0.053,0.223,0.334
"Burrows, Mike",681347,CH,365,87.308,1510.249,234.805,-1.156,0.662,6.484,-1.406,6.177,0.255,0.101,0.225,0.077,0.219,0.302
"Burrows, Mike",681347,CU,183,78.47,2894.027,31.557,0.735,-1.352,6.197,-1.381,6.166,0.087,0.311,0.082,0.038,0.404,0.455
"Burrows, Mike",681347,FF,602,95.509,2305.502,206.975,-0.472,1.411,6.508,-1.349,6.121,0.07,0.166,0.086,0.121,0.387,0.348
"Burrows, Mike",681347,SL,300,87.277,2536.48,129.933,0.304,0.247,6.406,-1.417,6.084,0.097,0.157,0.13,0.08,0.297,0.302
"Buttó, José",676130,CH,166,88.35,1899.675,234.952,-0.787,0.269,6.331,-2.135,5.488,0.133,0.06,0.271,0.054,0.244,0.256
"Buttó, José",676130,FF,335,95.212,2413.633,208.403,-0.26,1.259,6.328,-1.967,5.561,0.104,0.203,0.084,0.075,0.393,0.338
"Buttó, José",676130,SI,189,94.689,2175.772,211.651,-1.213,0.842,6.389,-2.035,5.486,0.063,0.18,0.143,0.122,0.381,0.348
"Buttó, José",676130,SL,328,86.522,2643.604,88.381,0.239,-0.031,6.302,-2.058,5.511,0.183,0.082,0.216,0.073,0.28,0.335
"Cabrera, Edward",665795,CH,580,94.246,1748.802,236.15,-1.458,0.374,6.585,-1.262,6.042,0.133,0.1,0.203,0.097,0.26,0.341
"Cabrera, Edward",665795,CU,531,84.017,2631.115,37.682,0.91,-0.915,6.421,-1.169,6.226,0.179,0.226,0.209,0.06,0.203,0.256
"Cabrera, Edward",665795,FF,292,96.964,2334.695,223.887,-0.912,1.215,6.492,-1.321,6.002,0.065,0.164,0.075,0.113,0.451,0.416
"Cabrera, Edward",665795,SI,460,96.87,2308.915,222.989,-1.435,0.796,6.522,-1.343,5.97,0.039,0.243,0.076,0.135,0.444,0.362
"Cabrera, Edward",665795,SL,389,88.491,2548.27,127.936,0.156,0.183,6.494,-1.426,5.914,0.19,0.18,0.162,0.077,0.266,0.288
"Cabrera, Génesis",650893,CU,139,80.133,2367.755,321.755,-0.641,-0.695,5.946,1.323,6.067,0.094,0.209,0.18,0.094,0.314,0.361
"Cabrera, Génesis",650893,FC,146,89.937,2191.13,165.568,-0.018,0.596,6.014,1.493,5.926,0.178,0.137,0.151,0.082,0.267,0.315
"Cabrera, Génesis",650893,FF,163,95.69,2282.509,144.681,0.699,1.391,5.994,0.986,6.031,0.086,0.11,0.117,0.092,0.337,0.276
"Cabrera, Génesis",650893,SI,174,95.411,2328.379,143.954,1.279,1.004,5.959,1.277,5.91,0.046,0.23,0.086,0.126,0.419,0.296
"Cameron, Noah",702070,CH,402,81.283,1517.771,140.206,0.904,0.934,6.192,1.537,6.385,0.206,0.09,0.159,0.065,0.297,0.338
"Cameron, Noah",702070,CU,417,80.912,2393.612,341.95,-0.286,-0.891,6.291,0.926,6.499,0.125,0.18,0.175,0.067,0.203,0.29
"Cameron, Noah",702070,FC,468,88.154,2461.509,193.675,-0.315,0.536,6.322,1.106,6.386,0.1,0.145,0.145,0.085,0.388,0.316
"Cameron, Noah",702070,FF,571,92.336,2288.016,160.995,0.373,1.401,6.294,1.03,6.416,0.039,0.177,0.068,0.1,0.389,0.317
"Cameron, Noah",702070,SL,306,84.142,2534.418,274.958,-0.246,-0.096,6.279,1.134,6.392,0.147,0.173,0.193,0.105,0.257,0.311
"Canning, Griffin",656288,CH,312,89.47,1485.99,246.654,-1.247,0.122,5.81,-1.217,5.683,0.122,0.106,0.138,0.115,0.3,0.31
"Canning, Griffin",656288,FF,471,94.067,2149.231,217.172,-0.797,1.312,6.08,-1.037,5.764,0.057,0.221,0.085,0.072,0.373,0.353
"Canning, Griffin",656288,SL,410,87.745,2735.91,51.751,0.108,-0.37,5.886,-1.204,5.824,0.173,0.139,0.173,0.102,0.346,0.357
"Cannon, Jonathan",686563,CH,383,85.587,1836.687,241.752,-1.289,0.104,6.344,-2.236,5.752,0.112,0.068,0.188,0.078,0.284,0.304
"Cannon, Jonathan",686563,FC,418,89.308,2312.541,207.031,0.033,0.796,6.169,-2.32,5.848,0.108,0.177,0.089,0.086,0.394,0.358
"Cannon, Jonathan",686563,FF,325,93.763,2271.231,224.865,-0.736,1.248,6.192,-2.19,5.919,0.126,0.074,0.154,0.068,0.288,0.315
"Cannon, Jonathan",686563,SI,393,93.018,2164.697,225.084,-1.255,0.425,6.175,-2.145,5.924,0.043,0.201,0.079,0.155,0.407,0.367
"Cannon, Jonathan",686563,ST,269,81.59,2624.353,64.498,1.258,0.218,6.189,-2.307,5.749,0.067,0.19,0.112,0.071,0.397,0.351
"Cano, Yennier",666974,CH,123,91.84,1849.805,263.472,-1.491,0.166,6.038,-2.354,5.66,0.163,0.041,0.309,0.065,0.33,0.413
"Cano, Yennier",666974,FF,113,94.909,2197.035,254.442,-1.14,0.618,5.936,-2.264,5.48,0.071,0.168,0.088,0.071,0.277,0.284
"Cano, Yennier",666974,SI,452,95.13,2062.75,255.199,-1.417,-0.11,5.965,-2.277,5.555,0.084,0.223,0.119,0.1,0.299,0.267
"Cano, Yennier",666974,SL,199,86.159,2461.337,58.307,0.974,-0.02,5.782,-2.488,5.351,0.09,0.206,0.116,0.045,0.329,0.387
"Cantillo, Joey",676282,CH,516,78.314,1509.684,128.905,0.855,1.032,7.384,0.509,5.895,0.238,0.126,0.167,0.047,0.22,0.286
"Cantillo, Joey",676282,CU,314,77.277,2649.914,337.704,-0.678,-1.501,7.085,0.657,5.964,0.08,0.252,0.102,0.051,0.206,0.327
"Cantillo, Joey",676282,FF,704,91.738,1841.882,153.132,0.588,1.406,7.447,0.51,5.8,0.053,0.233,0.057,0.098,0.389,0.363
"Cantillo, Joey",676282,SL,147,85.098,2014.19,239.184,-0.408,0.468,7.184,0.762,5.751,0.129,0.102,0.116,0.102,0.347,0.3
"Carrasco, Carlos",471911,CH,166,84.877,1233.277,239.247,-0.626,0.107,6.75,-1.396,5.853,0.163,0.036,0.259,0.054,0.241,0.298
"Carrasco, Carlos",471911,FF,162,91.475,2175.963,220.247,-0.451,0.999,6.686,-1.205,5.931,0.037,0.142,0.043,0.123,0.446,0.342
"Carrasco, Carlos",471911,SI,177,90.343,2045.226,224.119,-1.146,0.395,6.723,-1.26,5.876,0.062,0.209,0.079,0.164,0.385,0.344
"Carrasco, Carlos",471911,SL,194,84.402,2344.577,173.964,0.206,0.347,6.756,-1.33,5.819,0.139,0.17,0.144,0.119,0.359,0.382
"Casparius, Ben",676508,CU,180,80.782,3016.761,40.356,0.852,-1.21,5.891,-0.603,6.247,0.133,0.2,0.117,0.078,0.277,0.377
"Casparius, Ben",676508,FC,274,92.092,2754.526,165.675,0.45,0.58,5.747,-0.845,6.165,0.095,0.164,0.109,0.069,0.293,0.284
"Casparius, Ben",676508,FF,374,96.147,2433.428,200.933,-0.235,1.491,5.774,-0.724,6.268,0.142,0.142,0.136,0.067,0.366,0.332
"Casparius, Ben",676508,ST,406,85.267,3079.869,58.424,1.165,-0.074,5.772,-0.864,6.111,0.118,0.106,0.18,0.069,0.262,0.312
"Castillo, José",620454,SI,211,93.001,2012.953,136.791,1.294,0.461,6.329,2.992,6.04,0.043,0.299,0.085,0.066,0.383,0.329
"Castillo, José",620454,SL,237,84.162,2485.983,303.224,-0.436,-0.096,6.235,3.146,5.956,0.139,0.114,0.219,0.118,0.308,0.347
"Castillo, Luis",622491,CH,348,87.159,1970.19,260.655,-1.474,-0.048,5.453,-2.315,4.828,0.106,0.078,0.241,0.069,0.363,0.375
"Castillo, Luis",622491,FF,1452,94.985,2214.498,239.112,-1.082,1.033,5.395,-2.173,5.163,0.133,0.112,0.117,0.091,0.283,0.267
"Castillo, Luis",622491,SI,690,94.827,2036.819,241.521,-1.548,0.308,5.419,-2.204,5.034,0.048,0.191,0.101,0.145,0.368,0.344
"Castillo, Luis",622491,SL,646,84.511,2249.633,102.86,0.082,-0.029,5.428,-2.253,4.942,0.152,0.161,0.19,0.076,0.267,0.353
"Cavalli, Cade",676917,CH,107,89.808,1982.084,237.916,-1.475,0.509,6.538,-2.444,6.129,0.206,0.112,0.215,0.075,0.27,0.293
"Cavalli, Cade",676917,FF,232,97.15,2327.194,206.81,-0.363,1.256,6.546,-2.341,6.156,0.108,0.181,0.095,0.099,0.335,0.33
"Cavalli, Cade",676917,KC,240,86.147,2327.417,31.562,0.524,-1.07,6.498,-2.299,6.225,0.175,0.196,0.212,0.075,0.254,0.348
"Cavalli, Cade",676917,SI,146,96.863,2247.103,211.863,-1.136,0.654,6.558,-2.379,6.197,0.041,0.178,0.144,0.137,0.368,0.331
"Cease, Dylan",656302,FF,1316,97.146,2551.632,194.075,-0.31,1.544,6.386,-1.319,6.239,0.116,0.127,0.141,0.07,0.313,0.297
"Cease, Dylan",656302,KC,260,82.295,2745.977,23.258,0.251,-1.292,6.367,-1.397,6.108,0.1,0.258,0.112,0.054,0.352,0.407
"Cease, Dylan",656302,SI,122,95.839,2477.025,188.893,-0.924,1.173,6.457,-1.328,6.204,0.057,0.139,0.164,0.09,0.342,0.33
"Cease, Dylan",656302,SL,1269,89.097,2766.191,127.113,0.103,0.278,6.345,-1.507,6.05,0.225,0.119,0.204,0.061,0.257,0.344
"Cease, Dylan",656302,ST,109,84.337,2914.706,33.587,0.966,-0.654,6.355,-1.654,5.974,0.11,0.275,0.174,0.037,0.236,0.337
"Cecconi, Slade",677944,CH,162,84.421,1625.599,236.222,-1.175,0.271,6.634,-1.841,5.717,0.093,0.074,0.142,0.093,0.422,0.427
"Cecconi, Slade",677944,CU,346,75.517,2399.526,37.032,0.77,-1.064,6.412,-1.534,6.038,0.13,0.121,0.188,0.066,0.228,0.264
"Cecconi, Slade",677944,FF,917,94.368,2395.261,221.201,-0.896,1.32,6.503,-1.677,5.866,0.072,0.23,0.069,0.113,0.385,0.378
"Cecconi, Slade",677944,SI,227,93.656,2265.696,231.564,-1.357,0.719,6.633,-1.791,5.657,0.018,0.233,0.048,0.11,0.4,0.358
"Cecconi, Slade",677944,SL,383,84.261,2571.585,64.914,0.442,0.033,6.538,-1.732,5.816,0.17,0.125,0.159,0.102,0.3,0.298
"Chafin, Andrew",605177,FF,123,89.547,2090.179,142.854,0.693,1.375,6.505,1.903,6.632,0.033,0.293,0.041,0.081,0.314,0.225
"Chafin, Andrew",605177,SI,250,89.718,2055.668,144.36,1.217,1.043,6.521,1.932,6.612,0.072,0.204,0.168,0.08,0.372,0.349
"Chafin, Andrew",605177,SL,237,80.492,2448.608,329.021,-0.072,-0.171,6.449,2.114,6.495,0.194,0.051,0.27,0.046,0.21,0.299
"Chandler, Bubba",696149,CH,104,91.735,2020.649,238.926,-1.393,0.565,6.604,-1.453,5.646,0.173,0.096,0.154,0.048,0.15,0.163
"Chandler, Bubba",696149,FF,249,98.883,2419.778,215.236,-0.74,1.443,6.572,-1.103,5.931,0.141,0.157,0.141,0.12,0.405,0.423
"Chapman, Aroldis",547973,FF,391,98.412,2448.985,161.606,0.285,1.539,7.259,0.336,6.191,0.138,0.176,0.1,0.056,0.305,0.29
"Chapman, Aroldis",547973,FS,106,91.19,1262.896,158.462,0.43,0.324,7.537,0.335,6.115,0.264,0.057,0.226,0.075,0.175,0.306
"Chapman, Aroldis",547973,SI,314,99.418,2434.255,166.318,0.914,1.419,7.269,0.256,6.224,0.182,0.076,0.166,0.057,0.19,0.291
"Chapman, Aroldis",547973,SL,146,86.664,2319.021,283.438,-0.867,0.395,7.398,0.354,6.209,0.26,0.171,0.247,0.048,0.166,0.333
"Chivilli, Angel",683409,CH,374,88.663,1848.385,248.583,-0.975,0.587,6.286,-1.639,5.754,0.222,0.086,0.195,0.067,0.274,0.282
"Chivilli, Angel",683409,FF,469,97.052,2308.06,236.281,-1.188,0.793,6.322,-1.545,5.811,0.047,0.171,0.107,0.145,0.434,0.364
"Chivilli, Angel",683409,SL,179,90.222,2160.184,203.151,0.079,0.338,6.226,-1.658,5.801,0.24,0.095,0.212,0.05,0.26,0.28
"Civale, Aaron",650644,CU,351,77.852,3140.419,42.507,1.031,-1.247,5.5,-0.618,6.424,0.108,0.239,0.128,0.085,0.278,0.323
"Civale, Aaron",650644,FC,625,89.267,2628.91,182.195,0.386,0.93,5.562,-0.776,6.292,0.101,0.157,0.139,0.083,0.333,0.32
"Civale, Aaron",650644,FF,287,92.146,2441.098,209.652,-0.612,1.489,5.586,-0.835,6.257,0.063,0.188,0.115,0.059,0.326,0.277
"Civale, Aaron",650644,FS,102,85.695,1797.637,233.51,-1.128,0.5,5.512,-1.156,6.13,0.059,0.098,0.157,0.039,0.236,0.281
"Civale, Aaron",650644,SI,296,92.288,2261.206,215.301,-1.199,0.98,5.547,-0.813,6.139,0.054,0.182,0.101,0.105,0.322,0.272
"Civale, Aaron",650644,SL,135,83.33,2876.207,83.407,0.761,-0.422,5.594,-0.579,6.273,0.081,0.148,0.126,0.104,0.344,0.313
"Clarke, Taylor",664199,CH,176,89.66,1756.511,241.159,-1.204,0.093,6.256,-1.123,5.864,0.125,0.119,0.153,0.085,0.246,0.281
"Clarke, Taylor",664199,FF,189,94.826,2331.767,210.339,-0.564,1.415,6.233,-0.889,6.106,0.032,0.159,0.101,0.122,0.492,0.44
"Clarke, Taylor",664199,SI,156,94.678,2306.795,211.455,-1.152,0.897,6.252,-0.716,6.085,0.038,0.244,0.128,0.122,0.295,0.278
"Clarke, Taylor",664199,SL,344,87.506,2313.933,147.826,0.404,0.224,6.183,-0.799,6.109,0.157,0.166,0.163,0.064,0.228,0.265
"Clase, Emmanuel",661403,FC,514,98.92,2600.656,180.8,0.339,1.042,6.686,-0.915,6.01,0.146,0.167,0.121,0.088,0.291,0.32
"Clase, Emmanuel",661403,SL,225,88.509,2504.178,69.382,0.688,0.146,6.664,-0.938,5.953,0.182,0.08,0.182,0.058,0.233,0.27
"Cleavinger, Garrett",664076,FF,105,97.12,2362.686,139.876,0.677,1.298,6.036,0.97,5.451,0.171,0.105,0.133,0.057,0.154,0.318
"Cleavinger, Garrett",664076,SI,325,96.317,2410.91,137.368,1.345,0.761,5.982,1.179,5.225,0.108,0.2,0.083,0.089,0.404,0.336
"Cleavinger, Garrett",664076,SL,339,87.129,2592.928,256.979,-0.509,-0.019,5.971,1.216,5.191,0.174,0.189,0.171,0.08,0.292,0.327
"Contreras, Luis",664351,FF,113,91.066,2543.726,190.628,0.003,1.583,7.011,-2.336,5.464,0.124,0.159,0.106,0.088,0.324,0.264
"Corbin, Patrick",571578,CH,240,81.557,1527.654,131.75,1.04,0.736,6.844,2.472,6.281,0.162,0.062,0.208,0.033,0.272,0.314
"Corbin, Patrick",571578,FC,648,87.528,2324.307,150.89,-0.071,0.548,6.755,2.753,6.079,0.113,0.182,0.145,0.108,0.339,0.32
"Corbin, Patrick",571578,SI,748,91.566,2090.623,141.832,1.263,0.921,6.778,2.508,6.184,0.048,0.229,0.061,0.124,0.373,0.371
"Corbin, Patrick",571578,SL,868,80.372,2229.075,267.286,-0.198,0.041,6.751,2.699,6.183,0.168,0.114,0.233,0.069,0.295,0.339
"Cortes, Nestor",641482,FC,207,86.651,2326.667,181.841,-0.398,0.935,5.835,1.161,5.709,0.072,0.208,0.053,0.116,0.362,0.306
"Cortes, Nestor",641482,FF,228,90.127,2248.434,161.895,0.373,1.609,5.923,0.864,5.838,0.061,0.232,0.079,0.114,0.464,0.359
"Coulombe, Danny",543056,FC,285,85.246,2621.825,222.846,-0.439,0.214,5.866,-0.5,6.046,0.207,0.14,0.239,0.084,0.291,0.344
"Coulombe, Danny",543056,FF,141,90.293,2424.709,170.156,0.019,1.221,6.024,-0.651,6.077,0.092,0.121,0.128,0.071,0.324,0.392
"Coulombe, Danny",543056,SI,138,90.228,2301.181,170.471,0.895,1.1,6.014,-0.688,6.089,0.029,0.239,0.072,0.072,0.358,0.31
"Coulombe, Danny",543056,ST,134,80.767,2603.963,314.642,-0.981,-0.409,5.794,-0.718,6.176,0.127,0.067,0.299,0.082,0.261,0.238
"Cox, Austin",680735,FF,152,92.745,2127.303,157.441,0.322,1.512,6.373,1.325,6.358,0.053,0.23,0.092,0.132,0.443,0.405
"Cox, Austin",680735,SL,139,86.563,2350.712,206.209,-0.384,0.361,6.321,1.551,6.286,0.079,0.101,0.108,0.101,0.302,0.293
"Crismatt, Nabil",622503,CH,203,81.399,1559.192,242.951,-0.932,0.175,6.83,-2.771,5.534,0.197,0.089,0.286,0.074,0.28,0.343
"Crismatt, Nabil",622503,SI,135,89.161,2118.689,219.37,-1.188,0.852,6.751,-2.47,5.754,0.03,0.333,0.067,0.111,0.344,0.361
"Crochet, Garrett",676979,CH,141,87.586,1679.821,122.15,0.958,0.504,6.798,2.374,5.925,0.184,0.035,0.27,0.014,0.173,0.281
"Crochet, Garrett",676979,FC,904,90.884,2593.348,192.511,-0.304,0.508,6.721,2.423,6.184,0.126,0.17,0.119,0.102,0.289,0.302
"Crochet, Garrett",676979,FF,1170,96.445,2458.049,140.361,0.66,1.327,6.773,2.519,6.1,0.123,0.154,0.111,0.074,0.299,0.349
"Crochet, Garrett",676979,SI,525,96.052,2401.962,138.948,1.341,0.681,6.757,2.484,5.992,0.086,0.25,0.168,0.07,0.31,0.331
"Crochet, Garrett",676979,ST,526,82.802,2374.392,306.329,-1.149,-0.25,6.681,2.216,6.249,0.232,0.063,0.279,0.076,0.156,0.28
"Cruz, Fernando",518585,FF,189,94.021,2275.587,210.899,-0.506,1.463,6.959,-2.358,5.962,0.063,0.333,0.079,0.09,0.373,0.342
"Cruz, Fernando",518585,FS,499,80.64,835.563,242.91,-0.381,0.007,6.968,-2.188,6.052,0.275,0.084,0.244,0.052,0.215,0.319
"Cruz, Fernando",518585,SI,113,93.044,2064.947,206.929,-1.186,1.137,6.988,-2.244,6.026,0.027,0.212,0.097,0.08,0.48,0.391
"Cruz, Steven",674444,FC,164,93.674,2197.183,188.195,0.029,0.773,6.772,-3.2,5.672,0.079,0.171,0.091,0.085,0.329,0.314
"Cruz, Steven",674444,FF,322,98.201,2236.845,218.736,-0.817,1.251,6.77,-3.257,5.568,0.09,0.183,0.068,0.084,0.339,0.302
"Cruz, Steven",674444,SL,156,89.346,2218.038,141.167,0.435,0.33,6.724,-3.208,5.711,0.154,0.077,0.167,0.083,0.201,0.248
"Curtiss, John",595928,FC,168,90.494,2540.292,197.006,0.213,0.672,6.325,-2.644,6.271,0.071,0.137,0.161,0.101,0.329,0.342
"Curtiss, John",595928,FF,291,94.329,2340.01,210.735,-0.617,1.457,6.434,-2.351,6.413,0.113,0.137,0.107,0.103,0.307,0.3
"Curvelo, Luis",681168,FF,101,96.267,2395.376,222.337,-1.056,1.151,6.58,-3.256,5.735,0.119,0.149,0.139,0.079,0.291,0.295
"Curvelo, Luis",681168,SL,131,84.541,2245.733,147.336,0.256,0.244,6.702,-3.243,5.857,0.099,0.16,0.122,0.076,0.34,0.365
"Dana, Caden",702674,CH,109,87.045,1540.908,247.734,-1.138,0.501,6.588,-1.863,5.844,0.211,0.064,0.174,0.046,0.26,0.367
"Dana, Caden",702674,FF,253,94.892,2196.731,219.858,-0.892,1.325,6.618,-1.721,5.974,0.051,0.217,0.075,0.079,0.396,0.335
"Dana, Caden",702674,SL,155,85.554,2176.252,105.065,0.434,-0.04,6.471,-2.128,5.68,0.11,0.155,0.123,0.09,0.322,0.343
"Darvish, Yu",506433,CU,180,71.084,2507.883,38.844,0.977,-1.147,6.681,-1.766,5.671,0.15,0.172,0.156,0.033,0.212,0.237
"Darvish, Yu",506433,FC,139,90.729,2518.029,207.252,-0.117,0.885,6.641,-2.599,5.169,0.079,0.23,0.072,0.137,0.546,0.449
"Darvish, Yu",506433,FF,198,93.887,2371.298,225.662,-0.889,1.202,6.68,-2.445,5.276,0.066,0.212,0.081,0.066,0.28,0.335
"Darvish, Yu",506433,FS,121,86.34,1134.669,255.612,-0.488,0.108,6.706,-2.523,5.262,0.14,0.008,0.24,0.05,0.236,0.306
"Darvish, Yu",506433,SI,236,93.387,2273.28,227.589,-1.346,0.552,6.719,-2.588,5.19,0.064,0.216,0.106,0.068,0.277,0.232
"Darvish, Yu",506433,SL,163,85.855,2748.282,119.423,0.46,0.137,6.535,-2.324,5.444,0.092,0.209,0.074,0.086,0.324,0.279
"Darvish, Yu",506433,ST,117,82.806,2744.915,69.402,1.154,0.237,6.538,-2.517,5.332,0.154,0.162,0.145,0.094,0.393,0.359
"De Los Santos, Enyel",660853,CH,168,87.626,1914.196,236.548,-1.358,0.636,6.558,-2.013,5.575,0.161,0.065,0.196,0.06,0.261,0.24
"De Los Santos, Enyel",660853,FF,540,96.158,2287.911,228.981,-0.889,1.082,6.274,-1.98,5.41,0.117,0.163,0.087,0.091,0.367,0.397
"De Los Santos, Enyel",660853,SL,397,88.349,2212.65,213.501,0.112,0.529,6.39,-2.099,5.378,0.164,0.154,0.164,0.068,0.267,0.277
"De los Santos, Yerry",660787,CH,163,88.25,1576.049,245.301,-1.172,0.038,6.523,-2.097,6.022,0.166,0.061,0.215,0.08,0.303,0.386
"De los Santos, Yerry",660787,SI,306,95.53,2149.886,233.526,-1.442,0.679,6.482,-2.145,5.938,0.046,0.252,0.105,0.111,0.322,0.318
"DeSclafani, Anthony",543101,FF,114,93.916,2347.965,228.105,-1.044,1.269,6.546,-1.896,5.582,0.026,0.289,0.061,0.105,0.497,0.465
"DeSclafani, Anthony",543101,FS,129,83.599,1289.698,243.419,-0.699,0.002,6.647,-2.044,5.366,0.209,0.07,0.271,0.039,0.194,0.182
"DeSclafani, Anthony",543101,KC,136,83.208,2356.066,57.949,1.247,-0.059,6.504,-2.158,5.366,0.11,0.11,0.199,0.059,0.173,0.18
"DeSclafani, Anthony",543101,SI,113,94.055,2185.805,227.894,-1.385,0.805,6.575,-1.888,5.592,0.044,0.195,0.124,0.159,0.411,0.367
"DeSclafani, Anthony",543101,SL,140,88.166,2303.807,165.829,0.361,0.406,6.502,-2.06,5.504,0.136,0.179,0.107,0.1,0.372,0.311
"Detmers, Reid",672282,CU,229,73.59,2487.882,331.258,-0.84,-1.348,6.056,1.37,6.216,0.066,0.301,0.109,0.039,0.286,0.276
"Detmers, Reid",672282,FF,492,95.837,2165.24,151.183,0.647,1.512,6.329,1.326,6.023,0.146,0.138,0.144,0.071,0.3,0.35
"Detmers, Reid",672282,SL,338,88.334,2332.166,278.772,-0.225,-0.225,6.237,1.487,6.03,0.204,0.13,0.198,0.095,0.294,0.391
"Devenski, Chris",606965,CH,102,83.082,1705.706,241.853,-1.479,0.199,6.308,-0.385,6.297,0.098,0.147,0.186,0.069,0.247,0.288
"Dobbins, Hunter",690928,CU,112,78.658,2482.205,43.143,0.588,-0.96,6.47,-1.842,6.094,0.188,0.161,0.232,0.045,0.208,0.256
"Dobbins, Hunter",690928,FF,377,95.535,2371.186,193.469,-0.171,1.313,6.443,-1.696,6.17,0.045,0.215,0.098,0.109,0.365,0.321
"Dobbins, Hunter",690928,SL,252,87.665,2568.111,120.079,0.53,0.084,6.413,-1.953,6.049,0.135,0.179,0.127,0.123,0.359,0.354
"Dodd, Dylan",689266,FC,289,86.897,2065.059,140.412,0.121,0.448,6.464,2.527,5.844,0.18,0.128,0.194,0.125,0.335,0.317
"Dodd, Dylan",689266,SI,189,93.786,2155.471,132.307,0.952,1.328,6.394,2.218,5.993,0.148,0.164,0.143,0.101,0.227,0.298
"Dollander, Chase",801403,CH,138,89.29,2072.428,250.841,-1.308,0.383,6.241,-2.316,5.295,0.094,0.043,0.159,0.116,0.352,0.388
"Dollander, Chase",801403,CU,379,79.203,2807.551,63.309,1.166,-0.615,6.322,-2.16,5.499,0.156,0.09,0.161,0.045,0.243,0.265
"Dollander, Chase",801403,FF,867,97.952,2432.888,231.867,-0.956,1.033,6.102,-2.298,5.376,0.083,0.174,0.087,0.077,0.389,0.325
"Dollander, Chase",801403,SI,175,97.182,2410.589,234.269,-1.294,0.407,6.098,-2.153,5.331,0.069,0.166,0.126,0.126,0.342,0.322
"Dollander, Chase",801403,SL,219,89.642,2582.995,157.466,0.355,0.306,6.179,-2.281,5.357,0.078,0.146,0.119,0.073,0.37,0.312
"Domínguez, Seranthony",622554,FF,574,97.63,2365.568,211.993,-0.423,1.303,6.375,-2.042,5.542,0.106,0.186,0.094,0.057,0.344,0.307
"Domínguez, Seranthony",622554,FS,213,86.905,852.451,253.92,-0.714,0.254,6.579,-1.787,5.756,0.225,0.038,0.254,0.052,0.193,0.274
"Domínguez, Seranthony",622554,SI,174,97.827,2285.621,212.81,-1.228,0.837,6.36,-2.042,5.527,0.034,0.172,0.121,0.121,0.387,0.351
"Domínguez, Seranthony",622554,ST,284,86.36,2528.289,78.454,0.85,0.37,6.41,-2.0,5.587,0.201,0.12,0.211,0.028,0.165,0.189
"Doval, Camilo",666808,FC,457,98.203,2541.317,214.875,-0.227,0.873,6.433,-1.532,5.309,0.063,0.19,0.07,0.09,0.385,0.317
"Doval, Camilo",666808,SI,138,96.564,2421.29,213.261,-0.621,0.435,6.38,-1.521,5.289,0.058,0.145,0.101,0.109,0.277,0.266
"Doval, Camilo",666808,SL,551,89.062,2630.679,78.051,0.619,-0.035,6.375,-1.331,5.434,0.2,0.136,0.227,0.074,0.249,0.327
"Dreyer, Jack",676263,CU,101,78.906,2537.673,338.564,-0.565,-1.365,6.575,1.407,5.937,0.069,0.198,0.109,0.05,0.293,0.324
"Dreyer, Jack",676263,FF,543,92.7,2400.924,157.858,0.586,1.636,6.596,1.103,5.959,0.098,0.203,0.087,0.076,0.297,0.28
"Dreyer, Jack",676263,SL,555,88.054,2362.285,173.114,-0.215,0.321,6.514,1.521,5.914,0.168,0.085,0.166,0.095,0.219,0.261
"Dubin, Shawn",681869,FF,193,94.273,2290.451,221.927,-0.941,1.155,6.483,-1.827,5.828,0.062,0.223,0.078,0.083,0.291,0.244
"Dunning, Dane",641540,FC,147,88.668,2244.184,207.993,-0.074,1.012,6.869,-2.332,5.629,0.122,0.122,0.116,0.082,0.329,0.326
"Dunning, Dane",641540,SI,111,90.232,2120.315,218.09,-1.228,0.706,6.853,-2.246,5.75,0.054,0.207,0.108,0.099,0.393,0.346
"Duran, Jhoan",661395,FF,406,100.567,2108.761,232.148,-1.106,1.053,6.2,-2.236,6.046,0.165,0.111,0.123,0.081,0.275,0.354
"Duran, Jhoan",661395,FS,456,97.787,1822.713,238.033,-1.173,0.136,6.22,-2.328,6.027,0.127,0.134,0.154,0.112,0.266,0.268
"Duran, Jhoan",661395,KC,212,87.638,2648.137,44.825,0.468,-0.867,6.136,-2.332,5.993,0.184,0.165,0.217,0.047,0.174,0.321
"Díaz, Alexis",664747,FF,215,93.526,2608.674,228.135,-0.908,1.276,7.644,-2.319,4.881,0.074,0.135,0.112,0.042,0.346,0.229
"Díaz, Alexis",664747,SL,146,87.516,2625.877,176.973,0.238,0.441,7.579,-2.373,5.032,0.144,0.137,0.164,0.116,0.421,0.394
"Díaz, Edwin",621242,FF,561,97.228,2326.898,233.57,-1.09,1.074,7.228,-1.981,4.813,0.166,0.159,0.121,0.055,0.283,0.316
"Díaz, Edwin",621242,SL,505,89.123,2260.202,185.749,0.139,0.319,7.06,-1.908,5.069,0.198,0.154,0.198,0.067,0.216,0.282
"Early, Connelly",813349,FF,114,94.057,2301.43,136.36,0.789,1.288,6.954,2.697,5.527,0.096,0.167,0.096,0.061,0.28,0.353
"Eder, Jake",671109,FF,135,93.066,1996.133,136.022,0.748,1.208,6.908,1.379,5.747,0.081,0.156,0.059,0.104,0.361,0.279
"Eflin, Zach",621107,CH,187,86.595,1649.759,252.075,-1.3,0.094,6.685,-2.415,5.543,0.07,0.112,0.23,0.123,0.339,0.313
"Eflin, Zach",621107,CU,181,78.024,2487.641,69.459,1.05,-0.582,6.448,-2.428,5.669,0.144,0.055,0.276,0.116,0.325,0.363
"Eflin, Zach",621107,FC,245,88.466,2227.314,205.457,0.081,0.697,6.455,-2.428,5.532,0.057,0.273,0.057,0.086,0.326,0.281
"Eflin, Zach",621107,FF,149,91.968,2172.886,235.96,-0.814,0.951,6.496,-2.404,5.513,0.06,0.181,0.06,0.101,0.385,0.443
"Eflin, Zach",621107,SI,205,91.717,2075.649,235.468,-1.348,0.198,6.57,-2.419,5.48,0.054,0.176,0.151,0.141,0.304,0.303
"Eflin, Zach",621107,ST,160,79.232,2394.431,74.3,1.087,0.175,6.372,-2.403,5.614,0.188,0.094,0.181,0.05,0.303,0.281
"Eisert, Brandon",685126,CH,356,83.603,1329.385,120.941,1.064,0.156,7.073,4.112,4.998,0.194,0.09,0.27,0.07,0.24,0.313
"Eisert, Brandon",685126,FF,385,89.687,2047.704,134.314,0.838,1.264,7.07,3.995,5.122,0.106,0.19,0.109,0.049,0.427,0.423
"Eisert, Brandon",685126,SL,434,85.105,2126.108,180.887,-0.204,0.424,7.102,3.974,5.104,0.138,0.154,0.138,0.092,0.321,0.328
"Elder, Bryce",693821,CH,263,86.603,2175.475,222.205,-0.987,0.391,6.036,-1.095,6.475,0.084,0.061,0.186,0.129,0.358,0.339
"Elder, Bryce",693821,FF,309,92.79,2226.126,204.463,-0.297,1.273,6.116,-1.059,6.435,0.068,0.146,0.104,0.061,0.338,0.388
"Elder, Bryce",693821,SI,1059,91.469,2093.202,211.795,-1.202,0.685,6.102,-1.084,6.445,0.049,0.212,0.11,0.106,0.344,0.32
"Elder, Bryce",693821,SL,883,84.268,2491.409,59.014,0.155,-0.012,6.088,-0.95,6.494,0.161,0.144,0.199,0.093,0.317,0.343
"Ellard, Fraser",686642,FF,168,94.946,2535.673,133.262,0.93,1.224,6.25,2.685,5.737,0.101,0.155,0.089,0.06,0.423,0.341
"Englert, Mason",669438,CH,248,87.521,2112.955,240.437,-1.057,0.062,6.352,-1.375,5.815,0.177,0.085,0.202,0.085,0.251,0.327
"Englert, Mason",669438,FC,140,87.737,2302.071,176.157,0.233,0.273,6.221,-1.354,5.914,0.093,0.179,0.136,0.121,0.421,0.457
"Englert, Mason",669438,FF,143,93.92,2325.128,211.809,-0.652,1.402,6.225,-1.286,5.973,0.105,0.126,0.126,0.091,0.325,0.328
"Englert, Mason",669438,SI,124,92.855,2224.0,217.397,-1.2,0.62,6.267,-1.307,5.918,0.056,0.258,0.016,0.153,0.32,0.35
"Enns, Dietrich",608650,CH,219,84.588,1084.357,110.425,0.957,0.366,6.234,1.831,6.265,0.137,0.1,0.219,0.078,0.299,0.332
"Enns, Dietrich",608650,FC,123,85.238,2163.816,243.939,-0.207,0.083,6.256,1.818,6.309,0.073,0.163,0.106,0.098,0.314,0.382
"Enns, Dietrich",608650,FF,340,93.991,2123.53,153.041,0.484,1.47,6.314,1.822,6.312,0.165,0.168,0.129,0.056,0.259,0.327
"Enright, Nic",663671,FF,353,93.17,2514.739,197.241,-0.387,1.652,6.481,-1.374,6.258,0.079,0.147,0.11,0.085,0.348,0.324
"Enright, Nic",663671,SL,135,85.021,2467.274,118.726,0.229,0.348,6.47,-1.597,6.109,0.23,0.089,0.274,0.03,0.186,0.273
"Eovaldi, Nathan",543135,CU,379,75.835,1913.321,45.798,0.726,-0.696,6.811,-2.324,5.511,0.187,0.169,0.203,0.045,0.196,0.237
"Eovaldi, Nathan",543135,FC,385,90.495,2300.585,202.582,0.036,0.958,6.85,-2.484,5.381,0.086,0.213,0.065,0.081,0.273,0.29
"Eovaldi, Nathan",543135,FF,432,94.116,2228.911,229.505,-1.11,1.083,6.869,-2.437,5.295,0.046,0.22,0.056,0.093,0.322,0.32
"Eovaldi, Nathan",543135,FS,603,87.611,1512.514,240.702,-1.032,0.018,6.846,-2.428,5.428,0.191,0.091,0.199,0.088,0.263,0.33
"Erceg, Lucas",668674,CH,161,90.036,1932.497,234.981,-1.406,0.572,6.525,-1.978,5.918,0.112,0.062,0.18,0.087,0.309,0.336
"Erceg, Lucas",668674,FF,289,97.571,2144.758,220.796,-0.846,1.204,6.526,-1.852,6.003,0.121,0.176,0.09,0.097,0.288,0.367
"Erceg, Lucas",668674,SI,230,97.481,1909.835,226.013,-1.24,0.853,6.578,-1.782,6.007,0.039,0.235,0.148,0.087,0.302,0.278
"Erceg, Lucas",668674,SL,283,85.0,2063.06,71.445,0.016,-0.116,6.412,-1.866,5.972,0.159,0.102,0.177,0.064,0.321,0.301
"Estrada, Jeremiah",669093,FF,714,97.865,2196.238,189.146,-0.166,1.634,6.825,-0.42,5.931,0.151,0.118,0.178,0.073,0.3,0.331
"Estrada, Jeremiah",669093,FS,303,83.617,1429.277,231.198,-0.903,0.832,7.086,-0.629,5.67,0.218,0.129,0.155,0.036,0.141,0.244
"Estrada, Jeremiah",669093,SL,259,88.378,2199.135,138.193,0.367,0.257,6.876,-0.748,5.772,0.154,0.239,0.135,0.058,0.311,0.294
"Estévez, Carlos",608032,CH,163,87.866,1616.896,229.074,-0.944,0.816,6.379,-2.012,5.937,0.092,0.123,0.147,0.067,0.19,0.229
"Estévez, Carlos",608032,FF,558,95.87,2163.789,207.584,-0.622,1.437,6.315,-1.89,5.935,0.079,0.152,0.097,0.086,0.323,0.306
"Estévez, Carlos",608032,SL,322,87.341,2243.606,143.05,0.449,0.25,6.166,-1.864,6.043,0.084,0.193,0.087,0.093,0.314,0.309
"Evans, Logan",688138,CH,163,87.322,2044.301,250.38,-1.492,0.165,5.764,-2.348,5.678,0.086,0.092,0.19,0.067,0.233,0.267
"Evans, Logan",688138,CU,131,81.607,3055.374,45.817,0.954,-0.849,5.794,-2.074,6.079,0.076,0.122,0.115,0.137,0.447,0.431
"Evans, Logan",688138,FC,356,87.808,2548.121,146.065,0.122,0.219,5.834,-2.12,6.035,0.112,0.208,0.104,0.093,0.344,0.308
"Evans, Logan",688138,FF,147,92.812,2088.211,237.687,-1.111,0.946,5.763,-2.212,5.964,0.061,0.17,0.027,0.082,0.38,0.282
"Evans, Logan",688138,SI,226,92.901,2002.389,239.327,-1.475,0.441,5.781,-2.201,5.943,0.022,0.257,0.075,0.133,0.358,0.342
"Evans, Logan",688138,ST,315,84.122,2842.727,52.33,1.194,-0.024,5.849,-2.266,5.875,0.086,0.156,0.187,0.095,0.351,0.368
"Fairbanks, Pete",664126,FF,504,97.31,2433.115,189.592,-0.023,1.434,6.501,-0.04,6.932,0.111,0.133,0.111,0.097,0.312,0.311
"Fairbanks, Pete",664126,SL,394,85.294,2533.566,48.509,0.435,-0.451,6.34,0.123,7.108,0.129,0.231,0.132,0.048,0.252,0.284
"Falter, Bailey",663559,CU,246,77.825,1851.244,283.789,-0.288,-0.187,6.965,1.532,5.837,0.093,0.22,0.085,0.085,0.323,0.303
"Falter, Bailey",663559,FF,992,92.143,2125.77,167.633,0.317,1.543,7.248,1.379,5.835,0.067,0.173,0.109,0.111,0.34,0.307
"Falter, Bailey",663559,FS,151,85.274,933.106,149.152,0.315,0.877,7.271,1.411,5.78,0.046,0.146,0.073,0.132,0.422,0.371
"Falter, Bailey",663559,SI,191,92.19,2025.969,170.372,0.625,1.524,7.225,1.33,5.831,0.063,0.251,0.136,0.11,0.284,0.313
"Falter, Bailey",663559,SL,354,85.093,2048.257,203.565,-0.395,0.535,7.145,1.604,5.784,0.099,0.093,0.158,0.116,0.344,0.339
"Farris, Mitch",815083,CH,108,77.624,1430.278,89.509,1.124,-0.094,6.431,1.056,5.993,0.194,0.065,0.269,0.046,0.254,0.351
"Farris, Mitch",815083,FF,202,90.298,2149.827,141.97,0.809,1.312,6.554,0.952,6.081,0.099,0.153,0.084,0.119,0.411,0.382
"Faucher, Calvin",676534,CU,159,86.13,2993.937,28.799,0.824,-1.061,5.932,-1.225,5.921,0.132,0.101,0.17,0.044,0.197,0.284
"Faucher, Calvin",676534,FC,390,92.08,2862.021,135.008,0.313,0.172,5.887,-1.354,5.846,0.079,0.205,0.095,0.077,0.344,0.355
"Faucher, Calvin",676534,FF,182,95.957,2471.934,221.143,-0.644,1.289,5.912,-1.417,5.756,0.038,0.225,0.071,0.06,0.385,0.397
"Faucher, Calvin",676534,SI,131,95.812,2306.168,223.29,-1.393,0.511,5.911,-1.347,5.768,0.076,0.237,0.145,0.008,0.358,0.41
"Faucher, Calvin",676534,ST,191,87.549,3004.728,48.681,1.15,-0.125,5.948,-1.385,5.733,0.115,0.084,0.188,0.073,0.31,0.364
"Fedde, Erick",607200,CH,281,87.634,1807.555,230.665,-1.018,0.211,6.615,-1.701,5.763,0.053,0.078,0.171,0.096,0.354,0.322
"Fedde, Erick",607200,FC,664,90.294,2138.381,195.255,0.103,0.761,6.685,-1.45,5.855,0.095,0.14,0.098,0.095,0.348,0.318
"Fedde, Erick",607200,SI,788,93.233,1972.339,206.684,-0.988,0.778,6.737,-1.242,5.962,0.034,0.23,0.091,0.108,0.389,0.362
"Fedde, Erick",607200,ST,615,82.6,2437.068,78.307,1.068,0.357,6.657,-1.691,5.637,0.111,0.145,0.177,0.072,0.321,0.285
"Feltner, Ryan",663372,FF,174,93.592,2412.213,209.264,-0.294,0.949,6.249,-1.438,5.55,0.069,0.178,0.075,0.103,0.327,0.303
"Ferguson, Caleb",657571,FC,260,88.607,2632.654,201.238,-0.237,0.386,6.383,2.315,5.84,0.115,0.115,0.146,0.081,0.299,0.32
"Ferguson, Caleb",657571,FF,350,93.934,2307.931,148.8,0.408,1.306,6.374,2.26,5.906,0.089,0.146,0.106,0.06,0.293,0.295
"Ferguson, Caleb",657571,SI,261,93.864,2287.375,150.368,1.221,0.939,6.388,2.284,5.871,0.061,0.234,0.153,0.054,0.293,0.305
"Ferguson, Caleb",657571,SV,240,80.441,3014.208,321.204,-0.745,-1.004,6.283,2.289,5.933,0.104,0.171,0.146,0.058,0.314,0.336
"Ferguson, Tyler",621053,FC,108,89.856,2392.037,213.741,0.132,0.52,6.107,-3.323,5.87,0.065,0.222,0.028,0.065,0.336,0.317
"Ferguson, Tyler",621053,FF,381,94.749,2305.115,225.709,-0.71,1.203,6.192,-3.244,5.97,0.115,0.144,0.121,0.071,0.331,0.285
"Ferguson, Tyler",621053,SI,147,94.184,2158.673,232.293,-1.354,0.45,6.22,-3.284,5.863,0.088,0.163,0.231,0.068,0.275,0.242
"Ferguson, Tyler",621053,ST,314,83.669,2537.076,62.459,0.922,0.102,6.109,-3.271,5.919,0.115,0.162,0.185,0.057,0.248,0.297
"Fermin, José",820862,FF,304,96.823,2305.99,213.539,-0.726,1.446,6.281,-1.608,6.228,0.099,0.184,0.086,0.072,0.395,0.332
"Fermin, José",820862,SL,317,89.615,2592.319,197.073,-0.02,0.142,5.99,-1.859,6.294,0.186,0.158,0.161,0.066,0.261,0.226
"Fernandez, Ryan",681676,FF,198,95.22,2208.217,202.525,-0.682,1.453,6.424,-1.62,5.938,0.076,0.167,0.131,0.116,0.377,0.303
"Fernandez, Ryan",681676,SL,247,86.679,2671.449,95.619,0.232,0.033,6.273,-1.892,5.952,0.202,0.105,0.17,0.089,0.253,0.273
"Ferrer, José A.",678606,CH,265,87.801,2184.136,93.457,1.504,0.048,5.974,3.092,5.741,0.238,0.064,0.257,0.038,0.246,0.354
"Ferrer, José A.",678606,FF,106,97.858,2137.538,111.453,1.378,0.678,6.06,2.879,5.852,0.038,0.085,0.028,0.085,0.36,0.396
"Ferrer, José A.",678606,SI,747,97.723,2120.434,111.206,1.525,0.546,6.084,2.963,5.838,0.074,0.228,0.09,0.108,0.319,0.32
"Festa, David",701581,CH,256,87.762,1758.18,215.703,-1.062,0.611,6.878,-2.383,5.945,0.219,0.047,0.211,0.047,0.22,0.231
"Festa, David",701581,FF,278,94.114,2417.309,201.637,-0.246,1.527,7.044,-2.136,6.086,0.068,0.155,0.108,0.104,0.418,0.359
"Festa, David",701581,SI,112,93.938,2296.929,205.045,-1.022,1.219,6.986,-2.019,6.064,0.054,0.214,0.116,0.116,0.365,0.326
"Festa, David",701581,SL,236,87.556,2594.818,111.538,0.135,0.24,6.867,-2.418,5.945,0.148,0.153,0.131,0.085,0.359,0.38
"Festa, Matt",670036,FC,118,90.614,2488.449,177.771,0.378,0.683,6.354,-2.029,5.147,0.119,0.169,0.068,0.068,0.337,0.391
"Festa, Matt",670036,FF,326,92.098,2514.135,196.074,0.05,0.969,6.402,-2.099,5.062,0.129,0.163,0.101,0.083,0.346,0.36
"Festa, Matt",670036,ST,322,83.098,2668.239,61.522,1.299,0.051,6.327,-2.063,5.123,0.14,0.143,0.186,0.053,0.225,0.237
"Finnegan, Kyle",640448,FF,546,96.283,2242.731,211.344,-0.85,1.427,6.636,-1.918,5.731,0.062,0.207,0.084,0.097,0.326,0.312
"Finnegan, Kyle",640448,FS,382,87.397,1017.44,233.134,-0.748,0.299,6.643,-2.273,5.596,0.165,0.11,0.191,0.094,0.267,0.352
"Fisher, Braydon",680755,CU,350,82.967,2501.214,24.82,0.393,-1.221,5.645,0.275,6.48,0.089,0.274,0.117,0.054,0.299,0.383
"Fisher, Braydon",680755,FF,201,95.576,2290.204,203.577,-0.406,1.475,5.617,0.326,6.523,0.095,0.119,0.124,0.09,0.336,0.302
"Fisher, Braydon",680755,SL,378,88.008,2323.302,159.677,0.186,0.208,5.628,0.296,6.496,0.153,0.222,0.169,0.066,0.25,0.287
"Fitts, Richard",690916,FF,285,95.867,2451.961,198.674,-0.2,1.419,6.661,-1.992,6.034,0.098,0.151,0.133,0.081,0.336,0.35
"Fitts, Richard",690916,SL,206,87.816,2410.379,106.883,0.356,0.036,6.607,-2.07,5.997,0.131,0.146,0.126,0.131,0.412,0.351
"Flaherty, Jack",656427,FF,1401,92.974,2267.108,211.769,-0.488,1.321,6.561,-2.521,5.39,0.065,0.238,0.069,0.081,0.357,0.358
"Flaherty, Jack",656427,KC,760,77.903,2392.271,55.397,1.009,-0.724,6.461,-2.666,5.194,0.199,0.111,0.283,0.061,0.231,0.317
"Flaherty, Jack",656427,SL,733,85.08,2434.934,128.212,0.536,0.24,6.508,-2.62,5.332,0.123,0.158,0.181,0.097,0.308,0.319
"Flexen, Chris",623167,CU,115,72.843,2636.243,25.322,0.763,-1.253,6.183,-0.636,6.804,0.13,0.191,0.139,0.043,0.375,0.453
"Flexen, Chris",623167,FC,190,89.062,2499.632,163.153,0.619,0.681,6.182,-0.76,6.824,0.047,0.158,0.084,0.137,0.34,0.287
"Flexen, Chris",623167,FF,277,92.426,2244.856,197.22,-0.18,1.478,6.194,-0.68,6.824,0.061,0.152,0.134,0.097,0.357,0.298
"Fluharty, Mason",689254,FC,570,90.265,2761.504,170.44,-0.294,0.86,6.671,3.435,5.656,0.116,0.156,0.119,0.07,0.295,0.303
"Fluharty, Mason",689254,ST,426,81.767,2751.869,295.39,-1.357,0.149,6.853,3.255,5.704,0.171,0.164,0.197,0.059,0.278,0.289
"Francis, Bowden",670102,CU,160,73.737,2195.05,47.788,1.294,-0.609,6.663,-2.158,6.011,0.088,0.256,0.094,0.044,0.502,0.444
"Francis, Bowden",670102,FF,639,92.469,2253.554,212.125,-0.604,1.526,6.833,-2.128,5.957,0.066,0.172,0.105,0.136,0.353,0.332
"Francis, Bowden",670102,FS,256,82.188,1017.473,231.621,-0.712,0.458,6.942,-2.152,5.892,0.176,0.062,0.176,0.102,0.377,0.398
"Freeland, Kyle",607536,CH,147,86.395,1514.701,127.259,1.025,0.558,6.544,2.595,5.686,0.041,0.082,0.109,0.122,0.394,0.355
"Freeland, Kyle",607536,FC,388,87.294,2370.613,153.16,0.04,0.512,6.573,2.68,5.667,0.085,0.206,0.108,0.157,0.417,0.368
"Freeland, Kyle",607536,FF,828,91.577,2403.732,140.99,0.658,1.254,6.594,2.439,5.894,0.051,0.227,0.06,0.133,0.396,0.361
"Freeland, Kyle",607536,KC,648,82.575,2396.981,321.847,-0.171,-0.545,6.539,2.612,5.646,0.171,0.105,0.247,0.093,0.243,0.298
"Freeland, Kyle",607536,SI,152,91.347,2287.026,142.717,1.169,0.678,6.617,2.575,5.827,0.046,0.151,0.092,0.132,0.45,0.389
"Freeland, Kyle",607536,ST,319,83.606,2332.799,319.352,-0.801,-0.264,6.525,2.746,5.563,0.129,0.138,0.176,0.11,0.256,0.337
"Fried, Max",608331,CH,365,85.371,1655.874,129.753,1.11,0.297,6.651,1.809,5.771,0.14,0.093,0.181,0.06,0.267,0.297
"Fried, Max",608331,CU,567,75.265,2916.372,328.002,-0.88,-1.414,6.393,1.453,6.228,0.157,0.199,0.152,0.048,0.235,0.341
"Fried, Max",608331,FC,923,93.586,2299.423,159.527,-0.124,0.743,6.478,1.538,6.021,0.085,0.146,0.15,0.092,0.326,0.313
"Fried, Max",608331,FF,398,95.923,2209.07,155.842,0.258,1.252,6.572,1.251,6.121,0.106,0.118,0.136,0.085,0.266,0.308
"Fried, Max",608331,SI,580,94.128,2128.566,149.462,0.828,0.358,6.529,1.551,5.979,0.112,0.198,0.122,0.097,0.283,0.285
"Fried, Max",608331,ST,375,81.53,2829.451,306.573,-1.443,-0.297,6.304,1.884,5.853,0.12,0.245,0.099,0.045,0.308,0.37
"Fuentes, Didier",800311,FF,169,95.955,2199.006,218.639,-0.78,1.311,6.772,-2.33,5.14,0.083,0.148,0.101,0.118,0.482,0.427
"Fulmer, Carson",608334,CH,130,86.952,1419.8,246.569,-1.16,0.197,6.345,-2.532,5.505,0.215,0.046,0.308,0.092,0.239,0.242
"Fulmer, Carson",608334,FF,114,92.741,2346.746,222.035,-0.74,1.339,6.297,-2.436,5.538,0.088,0.298,0.061,0.079,0.318,0.287
"Fulmer, Carson",608334,SI,106,92.3,2206.132,217.434,-1.2,0.797,6.327,-2.441,5.564,0.085,0.208,0.142,0.142,0.401,0.347
"Funderburk, Kody",681892,FC,179,92.032,2273.615,153.212,0.054,1.036,7.073,2.32,5.906,0.101,0.168,0.134,0.056,0.357,0.376
"Funderburk, Kody",681892,SI,237,93.306,2327.591,137.785,1.364,0.618,7.154,2.477,5.679,0.059,0.308,0.063,0.059,0.303,0.294
"Funderburk, Kody",681892,ST,144,82.111,2424.049,307.215,-1.201,-0.232,7.008,2.502,5.599,0.132,0.146,0.188,0.049,0.189,0.265
"Gaddis, Hunter",683769,CH,149,78.815,2036.846,246.51,-1.411,0.601,7.161,-2.372,5.875,0.161,0.094,0.154,0.02,0.298,0.427
"Gaddis, Hunter",683769,FF,358,94.677,2298.872,209.047,-0.614,1.413,6.901,-2.234,6.244,0.115,0.154,0.142,0.12,0.32,0.288
"Gaddis, Hunter",683769,SL,591,88.771,2297.755,152.562,0.454,0.407,6.841,-2.26,6.299,0.168,0.152,0.198,0.081,0.28,0.338
"Gage, Matt",657424,FF,146,92.484,2114.027,164.205,0.016,1.239,6.252,1.826,6.505,0.075,0.178,0.123,0.034,0.244,0.242
"Gage, Matt",657424,SL,270,85.411,2297.719,244.696,-0.425,0.059,6.312,2.164,6.331,0.081,0.181,0.133,0.104,0.263,0.286
"Gallen, Zac",668678,CH,501,86.289,1517.509,226.056,-1.021,0.338,6.556,-3.063,5.817,0.138,0.098,0.208,0.07,0.28,0.26
"Gallen, Zac",668678,FF,1410,93.55,2321.894,207.584,-0.359,1.432,6.565,-2.71,6.041,0.042,0.248,0.066,0.103,0.356,0.33
"Gallen, Zac",668678,KC,736,81.062,2441.312,36.02,0.409,-0.954,6.46,-2.919,5.934,0.181,0.155,0.269,0.079,0.255,0.335
"Gallen, Zac",668678,SL,406,88.667,2361.761,166.483,0.395,0.535,6.552,-2.848,5.935,0.079,0.121,0.14,0.089,0.371,0.331
"Garcia, Brandyn",805299,SI,145,96.853,2246.283,117.731,1.415,0.204,5.536,1.697,5.495,0.021,0.193,0.09,0.152,0.38,0.368
"Garcia, Rico",670329,CH,129,86.468,2290.256,229.721,-1.204,1.201,6.119,-1.739,5.87,0.171,0.124,0.116,0.023,0.219,0.297
"Garcia, Rico",670329,CU,114,85.256,2587.404,23.219,0.015,-0.826,5.875,-1.448,5.979,0.07,0.167,0.105,0.07,0.256,0.399
"Garcia, Rico",670329,FF,231,95.507,2494.732,207.693,-0.759,1.638,5.981,-1.403,6.039,0.147,0.152,0.126,0.113,0.345,0.317
"Garcia, Rico",670329,SL,112,87.0,2369.438,135.92,0.077,0.175,5.921,-1.62,5.855,0.17,0.161,0.143,0.062,0.226,0.266
"Garcia, Robert",676395,CH,275,88.922,1686.905,112.736,1.372,0.139,6.326,3.786,5.616,0.16,0.113,0.295,0.069,0.245,0.289
"Garcia, Robert",676395,FF,436,94.435,2251.189,126.958,0.89,1.146,6.495,3.709,5.646,0.138,0.216,0.089,0.062,0.298,0.323
"Garcia, Robert",676395,SL,261,86.895,2403.324,201.816,-0.313,0.257,6.622,3.634,5.698,0.107,0.176,0.107,0.08,0.363,0.363
"García, Luis",472610,FS,196,88.629,1289.551,223.434,-0.762,0.396,6.597,-2.092,6.242,0.128,0.046,0.23,0.092,0.248,0.316
"García, Luis",472610,SI,369,96.978,2190.45,210.363,-1.159,0.871,6.575,-1.976,6.276,0.065,0.225,0.1,0.138,0.359,0.339
"García, Luis",472610,ST,290,82.879,2474.593,67.166,0.996,0.265,6.495,-2.306,6.106,0.148,0.128,0.128,0.045,0.3,0.372
"García, Yimi",554340,FF,159,96.018,2592.541,226.553,-0.826,1.31,5.93,-2.505,5.182,0.157,0.17,0.101,0.088,0.362,0.402
"Garrett, Reed",657585,FC,276,92.495,2501.286,186.649,0.248,0.611,6.111,-2.293,5.635,0.098,0.239,0.101,0.101,0.371,0.326
"Garrett, Reed",657585,FS,219,89.08,1531.324,237.228,-1.025,0.058,6.259,-2.271,5.681,0.192,0.027,0.288,0.041,0.196,0.277
"Garrett, Reed",657585,SI,238,96.951,2285.134,225.122,-1.403,0.606,6.155,-2.222,5.627,0.063,0.147,0.164,0.08,0.343,0.36
"Garrett, Reed",657585,ST,207,86.353,2814.647,62.652,1.07,0.181,6.082,-2.479,5.569,0.203,0.256,0.184,0.034,0.214,0.31
"Gausman, Kevin",592332,FF,1822,94.496,2257.926,218.421,-0.92,1.399,6.666,-2.411,5.798,0.075,0.228,0.087,0.104,0.348,0.324
"Gausman, Kevin",592332,FS,1325,84.863,1680.469,236.742,-1.294,0.358,6.754,-2.594,5.621,0.208,0.059,0.259,0.062,0.225,0.299
"Gausman, Kevin",592332,SL,317,83.465,2319.874,155.454,0.138,0.184,6.629,-2.485,5.72,0.123,0.155,0.139,0.079,0.393,0.378
"Gibaut, Ian",664139,FF,199,94.006,2127.693,204.472,-0.45,1.415,7.089,-1.185,5.837,0.075,0.171,0.126,0.085,0.315,0.287
"Gibson, Cade",806188,CH,132,84.859,1951.538,120.038,1.273,0.177,5.957,1.408,5.826,0.068,0.159,0.167,0.114,0.316,0.318
"Gibson, Cade",806188,CU,259,78.819,2973.085,321.382,-1.065,-1.351,5.873,1.278,5.931,0.147,0.197,0.17,0.046,0.265,0.353
"Gibson, Cade",806188,SI,215,91.621,2262.502,135.549,1.373,0.671,5.99,1.306,5.852,0.019,0.302,0.065,0.079,0.426,0.361
"Gibson, Cade",806188,ST,129,79.64,3032.411,306.132,-1.328,-0.082,5.935,1.613,5.661,0.14,0.101,0.209,0.062,0.278,0.271
"Gibson, Kyle",502043,SI,100,90.904,2070.5,214.15,-1.166,0.557,6.952,-2.001,6.294,0.05,0.2,0.12,0.17,0.448,0.433
"Gil, Luis",661563,CH,236,90.82,1728.962,225.614,-1.205,0.406,6.928,-3.145,5.173,0.064,0.174,0.102,0.081,0.33,0.306
"Gil, Luis",661563,FF,521,95.377,2462.096,200.363,-0.223,1.351,6.808,-2.899,5.753,0.079,0.177,0.086,0.107,0.359,0.337
"Gil, Luis",661563,SL,261,86.673,2649.51,101.153,0.662,0.482,6.831,-3.002,5.653,0.138,0.134,0.123,0.061,0.316,0.268
"Gilbert, Logan",669302,CU,176,82.038,2193.621,43.345,1.089,-0.271,7.387,-0.92,5.718,0.153,0.114,0.188,0.057,0.271,0.351
"Gilbert, Logan",669302,FF,875,95.411,2105.587,212.122,-0.684,1.378,7.598,-0.846,5.806,0.085,0.192,0.067,0.106,0.324,0.302
"Gilbert, Logan",669302,FS,483,81.602,712.809,283.06,-0.409,-0.074,7.415,-0.953,5.676,0.275,0.006,0.29,0.058,0.138,0.294
"Gilbert, Logan",669302,SL,853,87.417,1812.13,104.39,0.054,0.066,7.485,-0.932,5.775,0.155,0.192,0.137,0.084,0.342,0.343
"Gilbert, Tyler",656457,FC,154,87.731,2311.714,146.331,0.052,0.915,5.979,2.535,5.45,0.104,0.065,0.11,0.091,0.251,0.235
"Gilbert, Tyler",656457,FF,102,90.528,2256.892,122.137,0.848,0.905,6.111,3.261,4.876,0.098,0.157,0.176,0.098,0.358,0.328
"Gilbert, Tyler",656457,SI,263,89.857,2149.08,120.981,1.464,0.278,5.998,3.153,4.782,0.053,0.221,0.129,0.095,0.405,0.354
"Gilbert, Tyler",656457,ST,254,81.067,2457.142,306.094,-0.742,0.058,5.735,3.854,4.608,0.185,0.146,0.134,0.035,0.216,0.235
"Gillispie, Connor",687362,FC,117,86.748,2531.658,195.026,0.141,0.672,5.776,-1.886,5.553,0.128,0.205,0.154,0.111,0.388,0.313
"Gillispie, Connor",687362,FF,137,91.264,2339.358,206.628,-0.629,1.647,5.821,-1.676,5.694,0.051,0.19,0.131,0.095,0.386,0.33
"Gillispie, Connor",687362,ST,139,81.117,2547.417,49.986,1.231,-0.198,5.745,-1.939,5.492,0.079,0.187,0.129,0.108,0.339,0.357
"Ginkel, Kevin",656464,FF,248,94.947,2431.548,221.802,-0.746,1.311,6.821,-2.138,6.506,0.073,0.194,0.113,0.093,0.34,0.316
"Ginkel, Kevin",656464,SL,209,84.843,2413.986,46.23,0.362,-0.222,6.725,-2.098,6.551,0.206,0.086,0.239,0.105,0.322,0.352
"Ginn, J.T.",669372,CH,148,88.498,1482.459,236.345,-1.15,0.087,6.742,-1.191,5.624,0.23,0.034,0.25,0.088,0.259,0.328
"Ginn, J.T.",669372,FC,210,91.958,2025.481,220.262,-0.128,0.806,6.633,-1.242,5.639,0.071,0.086,0.129,0.1,0.334,0.287
"Ginn, J.T.",669372,SI,811,93.378,1891.513,221.732,-1.199,0.286,6.696,-1.031,5.695,0.084,0.229,0.122,0.091,0.312,0.318
"Ginn, J.T.",669372,SL,406,86.071,2198.158,54.044,0.391,-0.113,6.634,-1.254,5.503,0.172,0.135,0.187,0.057,0.266,0.329
"Giolito, Lucas",608337,CH,534,81.661,1672.669,223.105,-1.101,1.046,6.655,-1.437,6.249,0.139,0.109,0.154,0.084,0.299,0.285
"Giolito, Lucas",608337,FF,1145,93.259,2231.189,207.301,-0.563,1.511,6.679,-1.331,6.318,0.065,0.209,0.103,0.105,0.387,0.362
"Giolito, Lucas",608337,SL,606,85.978,1966.403,189.908,0.198,0.394,6.514,-1.533,6.285,0.135,0.14,0.165,0.071,0.31,0.347
"Gipson-Long, Sawyer",687830,FF,131,92.785,2295.588,229.412,-0.899,1.198,7.35,-2.265,5.382,0.061,0.214,0.076,0.16,0.537,0.483
"Glasnow, Tyler",607192,CU,415,81.961,2818.959,17.499,0.437,-1.333,7.299,-1.495,6.087,0.173,0.128,0.188,0.039,0.196,0.333
"Glasnow, Tyler",607192,FF,625,95.822,2536.379,190.448,-0.106,1.362,7.616,-1.598,5.958,0.078,0.221,0.074,0.066,0.306,0.264
"Glasnow, Tyler",607192,SI,384,96.172,2500.823,191.305,-0.897,1.17,7.65,-1.639,5.888,0.052,0.268,0.047,0.086,0.357,0.364
"Glasnow, Tyler",607192,SL,398,89.459,2661.465,91.766,0.255,-0.011,7.475,-1.812,5.886,0.173,0.103,0.163,0.06,0.291,0.335
"Gomber, Austin",596295,CH,164,80.965,1661.25,123.567,0.775,0.9,6.807,2.119,6.465,0.122,0.152,0.134,0.116,0.3,0.279
"Gomber, Austin",596295,FF,340,89.446,2100.982,152.088,0.564,1.362,6.646,2.051,6.673,0.032,0.191,0.047,0.135,0.438,0.33
"Gomber, Austin",596295,KC,248,76.031,2529.851,331.835,-0.549,-0.867,6.608,2.024,6.634,0.069,0.218,0.125,0.069,0.32,0.325
"Gomber, Austin",596295,SL,153,82.426,2354.588,215.353,-0.386,0.276,6.697,2.151,6.603,0.078,0.111,0.124,0.098,0.323,0.27
"Gonsolin, Tony",664062,CU,103,81.719,2749.427,40.621,0.604,-1.035,5.829,-0.728,6.162,0.078,0.359,0.078,0.078,0.454,0.36
"Gonsolin, Tony",664062,FF,245,93.501,2235.763,218.367,-0.844,1.381,5.919,-0.844,6.14,0.086,0.171,0.09,0.11,0.392,0.32
"Gonsolin, Tony",664062,FS,163,84.169,1510.975,252.074,-1.094,-0.101,5.843,-0.967,6.015,0.178,0.11,0.135,0.067,0.197,0.272
"González, Wikelman",682790,FF,206,95.108,2411.218,226.301,-0.974,1.19,6.836,-1.913,5.164,0.097,0.189,0.083,0.102,0.336,0.345
"Gordon, Colton",676467,CH,114,83.894,1465.982,133.482,1.011,0.569,6.875,2.523,5.468,0.14,0.07,0.167,0.114,0.295,0.301
"Gordon, Colton",676467,CU,148,75.569,2605.973,295.831,-1.093,-0.148,6.791,2.71,5.518,0.081,0.25,0.122,0.081,0.392,0.402
"Gordon, Colton",676467,FF,595,91.082,2040.667,140.113,0.832,1.357,6.827,2.417,5.695,0.071,0.178,0.103,0.097,0.393,0.384
"Gordon, Colton",676467,SI,157,91.546,2142.86,138.65,1.314,1.043,6.896,2.542,5.585,0.019,0.268,0.127,0.096,0.233,0.254
"Gordon, Colton",676467,ST,396,80.622,2636.141,278.97,-0.891,0.51,6.836,3.051,5.175,0.116,0.111,0.139,0.086,0.273,0.284
"Gordon, Tanner",685299,CH,263,83.207,2106.43,240.399,-1.028,0.615,6.332,-2.723,6.211,0.144,0.087,0.202,0.11,0.356,0.359
"Gordon, Tanner",685299,FF,657,92.265,2253.504,221.097,-0.927,1.197,6.198,-2.73,6.186,0.064,0.178,0.088,0.114,0.382,0.384
"Gordon, Tanner",685299,SL,319,84.184,2101.918,148.614,0.125,0.168,6.094,-2.876,6.066,0.091,0.122,0.113,0.082,0.351,0.349
"Gore, MacKenzie",669022,CH,289,86.153,2092.744,119.945,1.169,0.692,6.998,1.933,5.567,0.204,0.08,0.242,0.045,0.285,0.291
"Gore, MacKenzie",669022,CU,675,81.564,2344.44,336.827,-0.387,-1.082,6.831,1.716,5.771,0.15,0.159,0.19,0.071,0.293,0.367
"Gore, MacKenzie",669022,FC,128,90.316,1960.906,151.844,-0.036,0.671,6.838,1.84,5.777,0.188,0.07,0.219,0.109,0.259,0.356
"Gore, MacKenzie",669022,FF,1388,95.256,2260.048,146.896,0.551,1.418,6.869,1.985,5.688,0.093,0.146,0.115,0.084,0.379,0.358
"Gore, MacKenzie",669022,SL,338,86.713,2096.328,230.145,-0.088,0.181,6.841,1.967,5.6,0.195,0.124,0.154,0.068,0.235,0.321
"Graceffo, Gordon",700669,CU,195,83.376,2654.041,15.123,0.136,-1.315,6.219,-1.499,6.209,0.123,0.108,0.174,0.062,0.241,0.279
"Graceffo, Gordon",700669,FF,329,95.736,2084.116,206.331,-0.447,1.34,6.388,-1.496,6.145,0.073,0.204,0.097,0.134,0.346,0.393
"Graceffo, Gordon",700669,SL,201,89.221,2358.915,150.687,0.157,0.226,6.379,-1.636,6.017,0.139,0.144,0.139,0.104,0.321,0.323
"Granillo, Andre",701552,FF,102,94.578,2284.412,199.961,-0.3,1.372,6.183,-0.638,6.531,0.088,0.206,0.069,0.078,0.422,0.562
"Granillo, Andre",701552,SL,235,83.496,2333.868,108.196,0.179,0.299,6.037,-1.094,6.241,0.183,0.115,0.149,0.06,0.279,0.228
"Graveman, Kendall",608665,SI,128,94.564,2216.258,223.758,-1.293,0.792,6.376,-1.095,5.768,0.062,0.211,0.148,0.172,0.425,0.37
"Gray, Sonny",543243,CH,229,86.195,1859.812,216.952,-1.137,0.573,6.531,-1.01,5.383,0.096,0.162,0.109,0.057,0.426,0.375
"Gray, Sonny",543243,CU,498,80.267,2583.61,28.478,1.059,-1.144,6.45,-0.73,5.631,0.122,0.255,0.153,0.072,0.304,0.349
"Gray, Sonny",543243,FC,342,87.846,2679.599,127.886,0.428,0.181,6.49,-0.84,5.573,0.096,0.173,0.111,0.088,0.368,0.347
"Gray, Sonny",543243,FF,589,91.717,2502.421,196.946,0.124,0.874,6.491,-0.814,5.563,0.081,0.222,0.085,0.102,0.428,0.375
"Gray, Sonny",543243,SI,490,92.358,2400.88,204.576,-0.857,0.701,6.536,-0.791,5.543,0.059,0.247,0.098,0.104,0.303,0.339
"Gray, Sonny",543243,ST,523,85.104,2660.79,42.505,1.244,-0.339,6.462,-0.8,5.577,0.249,0.05,0.337,0.082,0.183,0.322
"Green, Chad",643338,FF,356,95.196,2482.354,208.163,-0.568,1.534,6.407,-1.809,6.163,0.101,0.129,0.129,0.143,0.385,0.342
"Green, Chad",643338,SL,337,88.051,2241.134,163.243,0.276,0.287,6.355,-1.908,6.114,0.104,0.134,0.151,0.083,0.337,0.306
"Greene, Hunter",668881,FF,986,99.511,2438.639,213.803,-0.742,1.408,6.635,-1.842,6.048,0.114,0.172,0.094,0.092,0.286,0.313
"Greene, Hunter",668881,FS,194,88.42,1306.299,224.655,-0.874,0.425,6.735,-1.654,5.904,0.103,0.134,0.149,0.077,0.333,0.337
"Greene, Hunter",668881,SL,631,89.716,2423.924,136.065,0.465,0.292,6.497,-2.081,5.883,0.223,0.132,0.212,0.065,0.275,0.31
"Guerrero, Luis",692285,FF,107,96.491,2188.187,218.364,-0.716,1.357,5.669,-1.543,5.999,0.084,0.159,0.103,0.084,0.351,0.289
"Guerrero, Luis",692285,SL,124,84.615,2344.492,80.427,0.333,-0.129,5.622,-1.635,5.857,0.153,0.113,0.185,0.073,0.415,0.364
"Gusto, Ryan",687473,CH,168,87.328,1801.375,246.19,-1.317,0.704,6.413,-2.311,5.696,0.095,0.071,0.155,0.054,0.283,0.279
"Gusto, Ryan",687473,CU,263,80.321,2442.719,28.791,0.698,-1.101,6.362,-2.046,5.886,0.065,0.179,0.16,0.125,0.365,0.352
"Gusto, Ryan",687473,FC,194,89.108,2406.32,172.443,0.34,0.587,6.519,-2.219,5.785,0.119,0.17,0.082,0.149,0.378,0.403
"Gusto, Ryan",687473,FF,769,94.105,2424.046,207.235,-0.48,1.517,6.451,-2.079,5.854,0.133,0.156,0.092,0.078,0.305,0.309
"Gusto, Ryan",687473,SI,186,93.464,2336.876,221.613,-1.335,0.66,6.505,-2.292,5.615,0.065,0.242,0.081,0.097,0.389,0.367
"Gusto, Ryan",687473,ST,180,82.415,2242.656,70.222,1.062,0.272,6.57,-2.353,5.646,0.106,0.122,0.117,0.094,0.315,0.276
"Gómez, Yoendrys",672782,CU,158,80.786,2562.127,61.861,1.054,-0.742,6.748,-2.119,5.642,0.089,0.177,0.12,0.082,0.374,0.315
"Gómez, Yoendrys",672782,FF,368,93.816,2468.293,211.261,-0.57,1.369,6.892,-1.968,5.547,0.122,0.166,0.133,0.062,0.36,0.371
"Gómez, Yoendrys",672782,SI,212,93.244,2310.519,220.995,-1.339,0.865,6.917,-1.9,5.468,0.071,0.203,0.108,0.094,0.336,0.272
"Gómez, Yoendrys",672782,ST,187,82.218,2671.342,73.07,1.264,0.306,6.936,-2.08,5.522,0.128,0.102,0.166,0.059,0.284,0.327
"Hader, Josh",623352,SI,459,95.509,2321.386,147.808,0.781,1.54,6.714,3.032,5.668,0.161,0.113,0.144,0.059,0.256,0.235
"Hader, Josh",623352,SL,351,83.329,2562.333,290.046,-0.271,0.015,6.474,3.254,5.459,0.285,0.16,0.254,0.04,0.174,0.281
"Hagenman, Justin",663795,FC,125,86.73,2375.76,211.328,0.015,0.816,6.321,-3.228,5.196,0.136,0.208,0.176,0.112,0.308,0.298
"Hall, DL",669084,CH,104,84.662,2093.154,115.26,1.307,0.72,6.875,2.894,5.43,0.115,0.087,0.173,0.058,0.183,0.198
"Hall, DL",669084,FC,106,92.296,2354.925,161.991,-0.001,0.838,6.946,2.81,5.338,0.038,0.226,0.066,0.075,0.422,0.347
"Hall, DL",669084,FF,175,94.197,2225.131,142.817,0.593,1.322,6.901,2.609,5.509,0.097,0.171,0.069,0.046,0.338,0.382
"Hall, DL",669084,SL,109,85.983,2479.688,272.541,-0.556,-0.042,6.837,2.647,5.506,0.083,0.165,0.119,0.064,0.327,0.264
"Halvorsen, Seth",678020,FF,346,100.03,2270.422,220.523,-0.869,1.072,6.958,-2.232,5.857,0.104,0.185,0.118,0.078,0.346,0.34
"Halvorsen, Seth",678020,FS,164,90.784,1676.963,235.994,-1.026,0.252,6.936,-2.693,5.692,0.159,0.091,0.201,0.091,0.299,0.285
"Halvorsen, Seth",678020,SL,126,89.448,2504.746,99.405,0.289,0.073,6.89,-2.381,5.839,0.167,0.103,0.167,0.063,0.315,0.319
"Hamilton, Ian",641656,SI,314,94.792,2193.436,223.92,-1.394,0.71,5.716,-2.729,5.846,0.041,0.207,0.111,0.092,0.404,0.352
"Hamilton, Ian",641656,SL,244,87.852,1522.594,219.049,0.024,0.423,5.581,-2.74,5.897,0.246,0.094,0.246,0.07,0.208,0.241
"Hancock, Emerson",676106,CH,298,86.517,1643.782,266.691,-1.345,0.113,6.097,-2.531,5.289,0.117,0.06,0.211,0.081,0.376,0.363
"Hancock, Emerson",676106,FF,401,94.949,2389.309,234.746,-1.061,0.936,6.137,-2.386,5.488,0.112,0.13,0.112,0.072,0.337,0.337
"Hancock, Emerson",676106,SI,580,94.688,2394.234,243.016,-1.56,0.403,6.095,-2.573,5.248,0.034,0.21,0.081,0.133,0.378,0.342
"Hancock, Emerson",676106,SL,162,81.801,2441.796,83.895,0.471,-0.171,6.075,-2.282,5.691,0.142,0.142,0.173,0.086,0.322,0.388
"Hanifee, Brenan",669724,FF,116,96.061,2115.543,236.957,-0.973,0.921,6.128,-2.654,5.529,0.06,0.095,0.129,0.103,0.236,0.273
"Hanifee, Brenan",669724,SI,598,95.218,2043.587,240.957,-1.344,0.333,6.17,-2.703,5.518,0.042,0.234,0.087,0.134,0.338,0.319
"Hanifee, Brenan",669724,SL,201,87.68,2217.174,110.537,0.193,0.128,6.076,-2.73,5.469,0.119,0.109,0.154,0.065,0.308,0.371
"Harris, Hogan",663687,CH,148,81.98,2111.709,125.98,1.339,1.181,6.691,2.447,5.906,0.095,0.209,0.095,0.034,0.129,0.114
"Harris, Hogan",663687,CU,256,73.547,2630.195,335.852,-0.69,-1.454,6.475,2.314,6.116,0.098,0.172,0.176,0.055,0.277,0.336
"Harris, Hogan",663687,FF,639,93.45,2301.069,155.39,0.701,1.458,6.585,2.126,6.112,0.092,0.199,0.083,0.07,0.346,0.373
"Harrison, Kyle",690986,FF,345,94.644,2293.858,124.971,1.193,1.036,6.701,2.097,4.874,0.13,0.157,0.125,0.075,0.281,0.319
"Harrison, Kyle",690986,SV,161,82.22,2145.969,313.081,-0.86,-0.238,6.595,2.33,4.72,0.124,0.161,0.174,0.106,0.356,0.346
"Hart, Kyle",606996,FF,111,91.495,2205.036,135.838,0.693,1.21,6.452,2.601,5.589,0.036,0.126,0.117,0.126,0.416,0.303
"Hart, Kyle",606996,SI,149,91.426,2136.389,133.658,1.392,0.735,6.509,2.674,5.498,0.034,0.255,0.074,0.087,0.299,0.289
"Hart, Kyle",606996,ST,230,81.333,2623.443,285.391,-1.178,0.368,6.231,2.939,5.531,0.109,0.283,0.122,0.052,0.216,0.258
"Hatch, Thomas",641672,CH,102,88.6,1984.99,216.392,-1.163,0.614,6.515,-1.359,5.741,0.059,0.059,0.147,0.059,0.209,0.222
"Hatch, Thomas",641672,FC,160,90.098,2545.038,196.794,0.17,0.927,6.413,-1.502,5.648,0.106,0.15,0.219,0.119,0.396,0.355
"Hatch, Thomas",641672,SI,103,93.326,2397.373,214.265,-1.168,0.795,6.389,-1.292,5.786,0.029,0.175,0.078,0.126,0.347,0.325
"Hatch, Thomas",641672,SL,108,85.456,2494.0,135.148,0.401,0.231,6.373,-1.426,5.759,0.13,0.046,0.167,0.111,0.299,0.271
"Headrick, Brent",687396,FF,234,94.035,2406.171,148.744,0.685,1.564,6.924,1.35,6.47,0.12,0.162,0.15,0.094,0.285,0.31
"Heaney, Andrew",571760,CH,361,82.001,2107.183,107.97,1.418,0.408,6.369,2.939,4.909,0.089,0.1,0.219,0.097,0.314,0.317
"Heaney, Andrew",571760,CS,112,73.464,2507.295,317.5,-0.817,-0.581,5.891,2.842,5.313,0.071,0.286,0.071,0.018,0.346,0.321
"Heaney, Andrew",571760,CU,120,76.825,2606.675,306.85,-0.839,-0.296,6.049,3.058,4.702,0.083,0.175,0.158,0.083,0.402,0.423
"Heaney, Andrew",571760,FF,909,90.102,2375.079,122.124,1.329,1.057,6.365,2.962,4.863,0.072,0.176,0.097,0.107,0.396,0.355
"Heaney, Andrew",571760,SI,234,89.224,2363.389,105.974,1.546,0.257,6.462,3.214,4.148,0.047,0.235,0.128,0.12,0.384,0.342
"Heaney, Andrew",571760,SL,346,80.535,2475.283,281.555,-0.264,-0.044,6.184,3.035,4.861,0.139,0.104,0.197,0.078,0.302,0.342
"Helsley, Ryan",664854,FF,445,99.314,2536.11,194.173,-0.184,1.476,6.57,-0.161,6.146,0.081,0.162,0.099,0.112,0.41,0.385
"Helsley, Ryan",664854,SL,464,88.853,2399.728,130.526,0.315,0.027,6.584,-0.297,6.114,0.233,0.119,0.207,0.047,0.191,0.27
"Henderson, Logan",701656,CH,164,81.85,2503.915,256.043,-1.564,0.441,6.035,-1.451,5.182,0.116,0.104,0.195,0.073,0.284,0.352
"Henderson, Logan",701656,FF,200,92.938,2337.53,218.035,-0.916,1.427,6.084,-1.351,5.242,0.125,0.145,0.125,0.06,0.304,0.392
"Hendricks, Kyle",543294,CH,987,79.459,2077.389,229.385,-0.905,0.711,5.505,-2.612,6.138,0.133,0.09,0.251,0.068,0.269,0.279
"Hendricks, Kyle",543294,CU,212,72.247,2822.646,43.231,1.312,-0.842,5.399,-2.637,6.172,0.024,0.34,0.038,0.085,0.464,0.42
"Hendricks, Kyle",543294,FF,385,86.502,2050.777,216.208,-0.488,1.189,5.538,-2.761,5.953,0.078,0.249,0.106,0.055,0.319,0.292
"Hendricks, Kyle",543294,SI,987,86.195,1981.364,213.544,-1.155,0.6,5.546,-2.628,6.063,0.042,0.226,0.108,0.104,0.329,0.31
"Hendriks, Liam",521230,FF,128,94.942,2335.359,207.305,-0.63,1.539,6.968,-1.705,5.868,0.039,0.18,0.094,0.141,0.468,0.352
"Henriquez, Edgardo",683618,FF,112,100.652,2532.725,210.804,-0.725,1.326,6.711,-1.733,5.843,0.116,0.116,0.107,0.08,0.392,0.356
"Henriquez, Ronny",678692,CH,192,91.702,1604.312,243.818,-1.399,0.289,6.505,-2.662,5.149,0.13,0.146,0.167,0.052,0.32,0.32
"Henriquez, Ronny",678692,FF,343,96.662,2496.825,210.367,-0.526,1.537,6.479,-2.138,5.342,0.082,0.207,0.105,0.085,0.315,0.309
"Henriquez, Ronny",678692,SL,270,87.669,2521.867,101.848,0.323,0.394,6.526,-2.399,5.183,0.207,0.144,0.196,0.093,0.242,0.222
"Henriquez, Ronny",678692,ST,328,85.359,2584.607,59.72,1.089,0.102,6.517,-2.414,5.23,0.259,0.11,0.29,0.079,0.215,0.293
"Henry, Cole",669371,FF,489,94.441,2537.797,232.561,-1.207,1.183,6.784,-2.0,5.362,0.115,0.17,0.092,0.067,0.31,0.269
"Henry, Cole",669371,ST,318,80.822,2613.865,60.497,1.198,0.045,6.427,-2.233,5.252,0.101,0.16,0.116,0.038,0.279,0.281
"Herget, Jimmy",623474,SI,356,91.953,2423.688,251.921,-1.285,0.015,5.014,-2.418,4.974,0.028,0.264,0.031,0.081,0.386,0.332
"Herget, Jimmy",623474,SL,362,85.46,2689.265,192.704,0.039,0.324,5.062,-2.509,5.239,0.122,0.213,0.122,0.113,0.3,0.321
"Herget, Jimmy",623474,ST,395,77.797,3026.646,77.42,1.295,0.163,5.027,-2.675,4.988,0.18,0.134,0.192,0.084,0.221,0.237
"Hernandez, Nick",663321,SL,101,81.976,2495.069,119.307,0.359,0.134,6.458,-2.681,5.826,0.119,0.168,0.158,0.109,0.47,0.345
"Hernández, Carlos",672578,FF,394,97.709,2417.632,212.975,-0.695,1.459,6.913,-1.785,6.021,0.091,0.162,0.102,0.099,0.379,0.353
"Hernández, Carlos",672578,FS,151,88.815,1255.053,210.503,-0.822,0.801,7.066,-1.592,5.993,0.238,0.079,0.179,0.013,0.198,0.293
"Hernández, Carlos",672578,SL,147,86.572,2057.082,112.007,0.256,0.177,6.85,-1.87,5.926,0.163,0.163,0.15,0.102,0.312,0.302
"Hernández, Daysbel",678226,FF,315,97.661,2315.527,218.562,-0.735,1.344,6.114,-1.293,5.957,0.083,0.162,0.067,0.051,0.315,0.266
"Hernández, Daysbel",678226,SL,402,88.32,2673.249,129.714,0.229,0.074,5.972,-1.534,5.925,0.142,0.137,0.187,0.07,0.321,0.276
"Herrin, Tim",682120,CU,309,81.298,2399.155,318.278,-0.897,-0.249,6.291,2.118,5.961,0.188,0.139,0.236,0.036,0.227,0.221
"Herrin, Tim",682120,FF,204,94.675,2408.294,132.824,0.665,1.048,6.446,1.734,5.715,0.064,0.201,0.088,0.113,0.428,0.397
"Herrin, Tim",682120,SI,128,93.497,2260.211,126.609,1.332,0.293,6.461,1.918,5.568,0.055,0.273,0.086,0.055,0.403,0.301
"Herrin, Tim",682120,SL,134,87.364,2239.493,238.485,-0.049,0.186,6.384,2.084,5.715,0.127,0.164,0.097,0.134,0.331,0.354
"Hicks, Jordan",663855,FF,111,97.365,2138.117,226.55,-0.879,1.106,6.543,-1.724,5.726,0.063,0.054,0.117,0.108,0.374,0.543
"Hicks, Jordan",663855,SI,652,97.505,1919.828,225.301,-1.353,0.625,6.536,-1.698,5.724,0.032,0.253,0.071,0.112,0.339,0.324
"Hicks, Jordan",663855,ST,272,82.54,2311.419,61.739,0.881,0.178,6.48,-1.923,5.468,0.199,0.151,0.191,0.051,0.341,0.306
"Hill, Jaden",677955,CH,120,84.642,1637.508,256.492,-1.117,0.14,6.384,-1.302,5.594,0.15,0.083,0.2,0.075,0.25,0.317
"Hill, Jaden",677955,FF,111,96.666,2396.441,228.477,-0.889,1.091,6.026,-1.325,5.766,0.081,0.135,0.126,0.045,0.275,0.294
"Hill, Jaden",677955,SI,138,96.95,2315.464,229.623,-1.282,0.633,6.029,-1.258,5.765,0.065,0.196,0.116,0.109,0.373,0.296
"Hill, Jaden",677955,SL,119,88.541,2525.647,144.723,0.378,0.136,6.073,-1.393,5.651,0.176,0.151,0.185,0.05,0.19,0.299
"Hill, Tim",657612,FF,127,89.882,2121.89,88.378,1.495,0.23,6.584,3.791,3.385,0.087,0.055,0.15,0.063,0.24,0.257
"Hill, Tim",657612,SI,772,88.34,2060.37,78.838,1.319,-0.535,6.6,3.988,2.958,0.07,0.179,0.159,0.137,0.288,0.282
"Hiraldo, Yaramil",682274,FF,119,94.911,2337.017,199.891,-0.392,1.686,5.95,-0.503,6.397,0.076,0.118,0.134,0.126,0.351,0.285
"Hiraldo, Yaramil",682274,FS,111,86.865,1484.333,199.36,-0.755,0.789,6.077,-0.471,6.344,0.396,0.027,0.351,0.036,0.15,0.205
"Hjelle, Sean",663546,SI,127,93.587,2307.189,223.268,-1.182,0.406,6.802,-1.479,6.313,0.031,0.291,0.031,0.11,0.355,0.345
"Hodge, Porter",687863,FF,307,96.047,2371.792,195.208,-0.029,1.251,7.284,-2.668,5.712,0.072,0.179,0.085,0.052,0.369,0.41
"Hodge, Porter",687863,SL,105,86.26,2626.59,77.4,0.935,0.37,7.2,-2.699,5.65,0.19,0.105,0.19,0.105,0.223,0.292
"Hodge, Porter",687863,ST,194,83.973,2665.206,67.784,1.326,0.066,7.17,-3.003,5.526,0.139,0.196,0.227,0.082,0.321,0.312
"Hoffman, Jeff",656546,FF,496,96.238,2557.778,220.429,-1.012,1.446,6.597,-2.53,5.768,0.101,0.161,0.121,0.079,0.381,0.32
"Hoffman, Jeff",656546,FS,320,89.802,1621.106,242.572,-1.294,0.372,6.704,-2.626,5.655,0.162,0.081,0.209,0.075,0.214,0.24
"Hoffman, Jeff",656546,SI,104,96.398,2462.875,221.817,-1.267,1.167,6.646,-2.524,5.786,0.067,0.231,0.154,0.077,0.314,0.295
"Hoffman, Jeff",656546,SL,414,87.056,2724.357,93.435,0.317,0.045,6.465,-2.545,5.805,0.217,0.179,0.222,0.051,0.247,0.313
"Hoffmann, Andrew",694851,CH,117,88.174,959.504,249.376,-0.663,0.054,6.656,-0.937,5.827,0.162,0.068,0.162,0.043,0.439,0.444
"Hoffmann, Andrew",694851,FF,102,94.543,2274.539,211.275,-0.579,1.424,6.666,-0.816,5.884,0.088,0.167,0.108,0.088,0.312,0.259
"Hoglund, Gunnar",680684,CH,126,85.957,1560.357,236.5,-1.287,0.298,6.868,-2.505,6.057,0.143,0.151,0.23,0.095,0.291,0.322
"Hoglund, Gunnar",680684,FF,196,93.623,2406.49,207.48,-0.596,1.553,6.811,-2.153,6.315,0.066,0.219,0.046,0.117,0.466,0.38
"Holderman, Colin",670059,FC,119,90.48,2320.529,184.387,0.248,0.497,6.529,-1.595,5.694,0.118,0.185,0.143,0.067,0.303,0.261
"Holderman, Colin",670059,SI,181,97.397,2257.254,225.591,-1.38,0.661,6.572,-1.6,5.713,0.088,0.221,0.149,0.116,0.369,0.327
"Holderman, Colin",670059,ST,133,82.919,2513.271,80.677,0.966,0.403,6.492,-1.691,5.583,0.143,0.15,0.165,0.09,0.368,0.412
"Holman, Grant",680880,FF,179,94.603,1970.346,217.028,-0.735,1.265,7.136,-1.938,6.086,0.078,0.168,0.084,0.128,0.393,0.373
"Holman, Grant",680880,FS,146,87.056,1117.575,242.897,-0.841,0.062,7.2,-2.001,5.925,0.171,0.089,0.219,0.082,0.324,0.291
"Holmes, Clay",605280,CH,434,88.106,1105.012,244.369,-1.01,0.028,5.955,-0.877,6.391,0.15,0.032,0.279,0.071,0.253,0.312
"Holmes, Clay",605280,FC,231,89.795,2446.303,192.19,0.086,0.427,5.876,-0.684,6.571,0.061,0.13,0.126,0.074,0.299,0.216
"Holmes, Clay",605280,FF,149,93.223,2303.866,219.946,-0.556,1.142,5.89,-0.721,6.478,0.087,0.128,0.101,0.107,0.323,0.364
"Holmes, Clay",605280,SI,1129,93.738,2180.199,230.182,-1.246,0.243,5.858,-0.828,6.461,0.064,0.233,0.112,0.118,0.36,0.314
"Holmes, Clay",605280,SL,295,85.325,2597.792,49.652,0.164,-0.346,5.839,-0.681,6.526,0.142,0.186,0.159,0.088,0.374,0.348
"Holmes, Clay",605280,ST,526,81.938,2814.679,43.885,1.395,-0.509,5.703,-0.884,6.458,0.091,0.221,0.15,0.057,0.262,0.288
"Holmes, Grant",656550,CU,299,83.489,2910.448,35.92,0.371,-0.842,5.968,-2.405,5.904,0.137,0.107,0.214,0.05,0.277,0.33
"Holmes, Grant",656550,FC,297,92.148,2542.003,211.071,-0.017,0.879,5.928,-2.454,5.877,0.067,0.168,0.094,0.094,0.366,0.321
"Holmes, Grant",656550,FF,641,94.471,2320.123,213.083,-0.431,1.265,6.012,-2.422,5.883,0.056,0.215,0.066,0.075,0.438,0.382
"Holmes, Grant",656550,SL,702,85.353,2840.973,44.127,0.258,-0.264,5.997,-2.434,5.855,0.222,0.097,0.221,0.088,0.257,0.31
"Holton, Tyler",663947,CH,181,84.613,1640.467,107.733,1.248,0.376,6.506,1.627,5.736,0.127,0.077,0.227,0.077,0.311,0.305
"Holton, Tyler",663947,FC,369,88.726,2356.401,172.616,-0.304,0.708,6.501,1.476,5.913,0.07,0.195,0.133,0.122,0.334,0.331
"Holton, Tyler",663947,FF,131,92.0,2257.148,144.5,0.503,1.369,6.501,1.423,5.911,0.107,0.176,0.107,0.099,0.405,0.437
"Holton, Tyler",663947,SI,276,91.463,2160.406,140.546,1.312,0.8,6.499,1.602,5.784,0.043,0.286,0.062,0.127,0.276,0.283
"Holton, Tyler",663947,ST,225,81.392,2742.776,295.83,-1.173,0.069,6.423,1.736,5.722,0.209,0.12,0.236,0.04,0.243,0.345
"Horton, Cade",690990,CH,228,87.973,1917.083,212.82,-1.087,0.71,6.305,-2.493,5.857,0.215,0.031,0.232,0.026,0.245,0.295
"Horton, Cade",690990,CU,174,83.901,2572.397,33.77,0.258,-0.556,6.141,-2.291,6.101,0.109,0.161,0.172,0.075,0.235,0.271
"Horton, Cade",690990,FF,899,95.738,2485.455,195.783,-0.011,1.205,6.191,-2.405,6.044,0.049,0.238,0.069,0.113,0.356,0.342
"Horton, Cade",690990,ST,387,83.361,2566.359,49.7,1.056,-0.094,6.095,-2.357,6.01,0.196,0.124,0.233,0.09,0.237,0.229
"Houck, Tanner",656557,FS,142,89.427,1869.486,258.401,-1.111,-0.259,6.075,-2.489,5.587,0.092,0.099,0.176,0.155,0.391,0.419
"Houck, Tanner",656557,SI,298,94.456,2229.755,245.413,-1.414,0.043,6.143,-2.47,5.514,0.06,0.232,0.148,0.111,0.372,0.301
"Houck, Tanner",656557,ST,265,83.51,2625.438,59.989,1.183,-0.183,5.943,-2.624,5.447,0.128,0.196,0.147,0.079,0.37,0.383
"Houser, Adrian",605288,CH,289,85.846,1612.626,239.907,-1.31,0.381,6.83,-1.412,5.655,0.173,0.048,0.228,0.062,0.331,0.401
"Houser, Adrian",605288,CU,221,81.694,1964.688,24.434,0.602,-1.005,6.691,-1.291,5.83,0.095,0.186,0.181,0.077,0.291,0.301
"Houser, Adrian",605288,FF,222,95.252,2301.059,224.252,-0.89,1.249,6.765,-1.244,5.862,0.081,0.122,0.162,0.09,0.271,0.259
"Houser, Adrian",605288,SI,868,94.421,2201.561,227.642,-1.425,0.584,6.79,-1.341,5.692,0.047,0.206,0.086,0.135,0.332,0.317
"Houser, Adrian",605288,SL,292,88.117,2431.983,166.74,0.212,0.374,6.792,-1.357,5.706,0.099,0.12,0.161,0.106,0.267,0.28
"Hudson, Bryan",663542,FF,211,90.509,2216.118,125.867,0.779,1.079,7.418,2.951,5.093,0.081,0.265,0.043,0.043,0.377,0.347
"Hurter, Brant",676428,CH,114,85.817,1600.081,116.829,1.231,0.09,6.182,3.427,5.776,0.14,0.026,0.219,0.079,0.353,0.373
"Hurter, Brant",676428,SI,569,92.236,2132.489,125.965,1.365,0.273,6.146,3.333,5.853,0.047,0.246,0.091,0.095,0.352,0.322
"Hurter, Brant",676428,ST,348,82.169,2682.475,291.649,-0.894,0.132,5.929,3.509,5.873,0.175,0.158,0.175,0.037,0.207,0.234
"Iglesias, Raisel",628452,CH,267,88.754,1994.225,244.655,-1.321,0.37,6.173,-1.969,5.435,0.255,0.056,0.288,0.082,0.24,0.308
"Iglesias, Raisel",628452,FF,387,94.868,2343.501,224.773,-0.747,1.246,6.183,-1.947,5.444,0.127,0.186,0.103,0.072,0.244,0.261
"Iglesias, Raisel",628452,SI,215,94.661,2332.474,223.535,-1.377,0.764,6.219,-1.836,5.502,0.037,0.358,0.07,0.065,0.304,0.296
"Imanaga, Shota",684007,FF,1098,90.862,2478.739,143.435,0.993,1.497,6.192,2.412,5.44,0.066,0.155,0.093,0.122,0.37,0.289
"Imanaga, Shota",684007,FS,676,82.999,1280.743,126.238,1.08,0.548,6.304,2.585,5.401,0.188,0.074,0.222,0.093,0.268,0.296
"Imanaga, Shota",684007,ST,371,80.404,2533.159,289.474,-0.998,0.148,6.097,2.805,5.339,0.148,0.208,0.164,0.067,0.258,0.396
"Irvin, Jake",663623,CH,228,85.604,2198.386,232.838,-1.3,0.394,6.927,-2.311,5.723,0.075,0.132,0.101,0.162,0.362,0.322
"Irvin, Jake",663623,CU,872,77.819,2485.982,60.919,1.235,-0.35,6.995,-2.248,5.717,0.109,0.202,0.15,0.091,0.339,0.333
"Irvin, Jake",663623,FC,129,87.298,2471.442,172.605,0.248,0.542,7.051,-2.365,5.578,0.093,0.078,0.132,0.101,0.333,0.311
"Irvin, Jake",663623,FF,941,92.363,2332.4,224.617,-0.784,1.225,7.131,-2.193,5.7,0.068,0.141,0.108,0.119,0.41,0.363
"Irvin, Jake",663623,SI,652,91.89,2290.061,226.221,-1.374,0.549,7.088,-2.292,5.599,0.046,0.245,0.1,0.115,0.343,0.312
"Irvin, Jake",663623,SL,122,83.573,2484.238,110.557,0.618,0.018,6.982,-2.349,5.551,0.082,0.123,0.115,0.123,0.224,0.228
"Jackson, Luke",592426,CU,135,84.102,2431.534,25.176,0.349,-1.034,6.603,-2.461,6.364,0.119,0.156,0.156,0.111,0.33,0.36
"Jackson, Luke",592426,FF,272,94.176,2321.447,206.305,-0.516,1.534,6.832,-2.036,6.397,0.04,0.199,0.092,0.077,0.373,0.317
"Jackson, Luke",592426,SL,397,87.239,2292.699,29.718,-0.009,-0.446,6.749,-2.354,6.26,0.128,0.139,0.156,0.116,0.309,0.295
"Jacob, Alek",689690,CH,189,74.131,2159.376,270.344,-1.718,0.183,7.333,-2.97,3.805,0.111,0.169,0.164,0.079,0.281,0.269
"Jacob, Alek",689690,FF,247,85.287,2322.194,237.769,-1.116,1.109,7.357,-2.784,3.964,0.097,0.186,0.093,0.065,0.314,0.266
"Jansen, Kenley",445276,FC,707,92.799,2602.245,184.905,0.199,1.565,6.894,-2.219,6.321,0.119,0.154,0.091,0.095,0.315,0.283
"Jarvis, Bryce",686826,FF,158,94.019,2117.361,223.842,-0.896,1.234,5.939,-1.937,5.767,0.051,0.247,0.082,0.114,0.321,0.307
"Javier, Cristian",664299,CH,115,84.113,2274.8,252.087,-1.034,0.568,6.098,-1.774,5.712,0.209,0.13,0.183,0.096,0.284,0.322
"Javier, Cristian",664299,FF,246,92.871,2354.732,203.675,-0.401,1.539,6.02,-1.669,5.71,0.069,0.126,0.138,0.077,0.269,0.205
"Javier, Cristian",664299,ST,123,78.807,2701.943,59.098,1.363,-0.037,5.896,-1.754,5.716,0.081,0.187,0.106,0.081,0.174,0.261
"Jax, Griffin",643377,CH,244,92.312,1786.602,230.893,-1.183,0.199,6.409,-0.582,5.545,0.27,0.061,0.266,0.078,0.199,0.318
"Jax, Griffin",643377,FF,194,97.016,2474.67,210.155,-0.48,1.367,6.411,-0.57,5.545,0.082,0.227,0.098,0.139,0.424,0.387
"Jax, Griffin",643377,SI,128,96.458,2451.195,211.016,-1.188,0.873,6.409,-0.609,5.521,0.086,0.172,0.195,0.086,0.382,0.341
"Jax, Griffin",643377,ST,481,87.776,3099.21,44.613,1.167,-0.244,6.356,-0.728,5.439,0.21,0.204,0.21,0.058,0.241,0.411
"Jobe, Jackson",695549,CH,148,85.282,1829.149,246.473,-1.353,0.574,6.019,-1.977,5.711,0.169,0.128,0.149,0.047,0.254,0.296
"Jobe, Jackson",695549,FF,272,96.475,2382.882,209.971,-0.621,1.481,5.994,-1.761,5.935,0.062,0.162,0.103,0.096,0.384,0.323
"Jobe, Jackson",695549,SI,116,95.24,2412.267,217.06,-1.35,0.824,6.002,-1.885,5.793,0.112,0.121,0.147,0.147,0.446,0.378
"Jobe, Jackson",695549,SL,268,88.866,2728.836,120.384,0.498,0.13,5.968,-1.983,5.751,0.101,0.216,0.16,0.086,0.301,0.268
"Johnson, Pierce",572955,CU,698,85.832,2914.327,46.424,0.615,-0.36,5.687,-1.871,6.243,0.116,0.208,0.135,0.09,0.292,0.31
"Johnson, Pierce",572955,FF,223,95.253,2354.457,223.547,-0.921,1.3,5.782,-1.906,6.122,0.072,0.229,0.112,0.04,0.315,0.341
"Johnson, Ryan",696270,FC,119,90.969,2527.185,169.109,0.367,0.533,6.447,-2.526,5.825,0.126,0.218,0.092,0.05,0.279,0.291
"Johnson, Seth",686751,FF,110,97.175,2342.827,210.655,-0.679,1.429,6.355,-0.821,5.772,0.064,0.136,0.109,0.109,0.323,0.311
"Junis, Jakob",596001,CH,214,86.318,1312.888,227.981,-0.973,0.177,6.05,-2.016,5.611,0.126,0.093,0.21,0.084,0.201,0.252
"Junis, Jakob",596001,SI,278,91.055,2121.874,217.406,-1.24,0.483,6.123,-1.967,5.51,0.043,0.248,0.09,0.119,0.435,0.406
"Junis, Jakob",596001,SL,469,82.998,2479.186,65.29,1.034,0.223,5.886,-2.213,5.613,0.124,0.215,0.132,0.062,0.267,0.315
"Junk, Janson",676083,CH,127,88.125,1468.543,226.197,-1.156,0.551,6.513,-0.967,5.587,0.047,0.126,0.094,0.118,0.294,0.301
"Junk, Janson",676083,CU,190,81.885,2511.537,41.579,0.496,-0.986,6.544,-0.661,5.719,0.084,0.2,0.153,0.142,0.369,0.397
"Junk, Janson",676083,FF,611,93.621,2291.817,199.491,-0.237,1.509,6.487,-0.423,5.888,0.067,0.185,0.124,0.124,0.328,0.335
"Junk, Janson",676083,SL,447,86.963,2358.269,154.37,0.497,0.338,6.54,-0.561,5.799,0.121,0.123,0.157,0.116,0.353,0.366
"Junk, Janson",676083,ST,247,81.964,2451.547,75.389,1.084,0.295,6.625,-0.832,5.582,0.097,0.154,0.146,0.085,0.235,0.264
"Kahnle, Tommy",592454,CH,928,86.698,1283.374,253.314,-0.984,0.096,6.68,-2.27,5.492,0.106,0.169,0.147,0.087,0.327,0.315
"Kahnle, Tommy",592454,FF,154,93.512,2191.765,208.51,-0.544,1.389,6.747,-1.769,5.784,0.058,0.182,0.052,0.058,0.345,0.302
"Keller, Brad",641745,CH,141,92.651,1739.539,210.83,-0.959,0.54,5.944,-1.535,6.347,0.199,0.078,0.277,0.05,0.252,0.291
"Keller, Brad",641745,FF,504,97.136,2385.617,198.815,-0.111,1.257,5.956,-1.495,6.357,0.065,0.236,0.075,0.069,0.321,0.288
"Keller, Brad",641745,SI,180,96.602,2187.128,201.867,-1.123,0.856,5.964,-1.497,6.311,0.1,0.211,0.194,0.028,0.211,0.215
"Keller, Brad",641745,SL,214,87.011,2651.991,71.799,0.495,-0.304,5.815,-1.508,6.398,0.103,0.187,0.131,0.075,0.4,0.416
"Keller, Brad",641745,ST,165,86.115,2718.721,68.248,1.156,0.223,5.81,-1.617,6.314,0.176,0.079,0.273,0.055,0.093,0.176
"Keller, Mitch",656605,CH,200,89.188,2028.225,240.745,-1.171,0.195,6.551,-1.795,5.913,0.075,0.105,0.145,0.08,0.354,0.337
"Keller, Mitch",656605,CU,210,77.424,2612.395,35.024,0.997,-1.177,6.517,-1.658,5.986,0.086,0.167,0.119,0.033,0.317,0.354
"Keller, Mitch",656605,FF,999,94.094,2403.596,217.773,-0.705,1.272,6.61,-1.809,5.843,0.067,0.18,0.079,0.081,0.358,0.362
"Keller, Mitch",656605,SI,510,92.893,2461.3,218.547,-1.159,0.8,6.647,-1.826,5.757,0.049,0.225,0.055,0.11,0.31,0.297
"Keller, Mitch",656605,SL,401,86.937,2531.125,108.631,0.381,-0.041,6.574,-1.788,5.891,0.142,0.112,0.192,0.11,0.325,0.332
"Keller, Mitch",656605,ST,547,82.341,2713.925,61.137,1.459,-0.01,6.562,-1.942,5.716,0.132,0.159,0.196,0.112,0.278,0.309
"Kelly, Kevin",687330,SI,347,90.997,2162.045,252.095,-1.396,-0.114,7.195,-1.656,3.789,0.061,0.242,0.086,0.141,0.426,0.377
"Kelly, Kevin",687330,ST,116,78.677,2660.919,86.541,1.478,0.428,7.036,-1.873,3.77,0.121,0.112,0.172,0.103,0.313,0.33
"Kelly, Merrill",518876,CH,767,88.339,2158.767,244.022,-1.262,0.004,6.041,-1.866,5.507,0.185,0.05,0.338,0.083,0.272,0.321
"Kelly, Merrill",518876,CU,274,81.673,2616.018,55.234,0.703,-0.832,5.996,-1.856,5.697,0.073,0.27,0.117,0.131,0.338,0.356
"Kelly, Merrill",518876,FC,571,90.624,2373.792,219.175,-0.241,0.99,5.995,-1.929,5.425,0.072,0.207,0.116,0.091,0.327,0.322
"Kelly, Merrill",518876,FF,658,91.85,2367.654,229.126,-0.792,1.235,6.016,-1.895,5.413,0.085,0.236,0.079,0.088,0.338,0.314
"Kelly, Merrill",518876,SI,365,92.315,2223.337,229.271,-1.384,0.511,6.027,-1.81,5.427,0.03,0.175,0.082,0.134,0.371,0.351
"Kelly, Merrill",518876,SL,198,85.798,2365.136,157.182,0.172,0.283,6.069,-1.834,5.531,0.157,0.081,0.227,0.071,0.265,0.325
"Kelly, Michael",547184,FF,192,95.822,2405.365,208.521,-0.474,1.229,5.705,-1.443,6.281,0.068,0.208,0.083,0.062,0.292,0.263
"Kelly, Michael",547184,ST,332,82.927,2812.431,50.946,1.397,-0.195,5.655,-1.626,6.061,0.084,0.199,0.133,0.09,0.369,0.35
"Kelly, Zack",677161,FC,186,91.809,2406.941,187.355,0.192,0.735,7.009,-3.114,5.558,0.097,0.204,0.124,0.086,0.301,0.291
"Kelly, Zack",677161,FF,115,96.086,2148.235,218.643,-0.788,1.249,6.914,-2.958,5.644,0.113,0.165,0.139,0.078,0.337,0.299
"Kelly, Zack",677161,ST,121,81.809,2668.273,67.62,1.427,0.222,7.007,-3.201,5.403,0.107,0.149,0.091,0.058,0.259,0.365
"Kent, Zak",687849,SL,118,85.781,2849.763,66.975,0.528,-0.325,6.093,-1.002,6.194,0.11,0.178,0.136,0.076,0.248,0.234
"Kerkering, Orion",689147,FF,369,97.568,2414.881,224.122,-0.947,1.334,6.407,-1.428,5.888,0.117,0.211,0.1,0.054,0.284,0.305
"Kerkering, Orion",689147,SI,212,96.377,2294.906,224.5,-1.407,0.877,6.413,-1.633,5.721,0.061,0.255,0.123,0.085,0.337,0.345
"Kerkering, Orion",689147,ST,536,86.83,2902.282,62.388,1.143,0.147,6.183,-1.898,5.602,0.101,0.196,0.125,0.067,0.288,0.309
"Kershaw, Clayton",477132,CU,323,72.349,2241.906,337.765,-0.326,-1.197,6.479,1.365,6.243,0.155,0.115,0.164,0.065,0.247,0.326
"Kershaw, Clayton",477132,FF,631,89.03,2309.533,173.208,-0.001,1.462,6.591,1.698,5.989,0.024,0.258,0.035,0.097,0.338,0.306
"Kershaw, Clayton",477132,SL,761,85.76,2484.929,206.173,-0.37,0.667,6.548,1.715,6.037,0.137,0.147,0.167,0.126,0.33,0.327
"Kikuchi, Yusei",579328,CH,376,85.584,1542.431,131.843,1.132,0.557,6.84,2.293,5.439,0.12,0.074,0.194,0.074,0.253,0.319
"Kikuchi, Yusei",579328,CU,476,79.918,2526.59,309.941,-0.577,-0.486,6.707,2.062,5.602,0.116,0.17,0.158,0.082,0.256,0.266
"Kikuchi, Yusei",579328,FF,1081,94.826,2187.374,135.7,0.787,1.283,6.785,2.472,5.372,0.087,0.144,0.096,0.079,0.341,0.373
"Kikuchi, Yusei",579328,SL,1121,86.995,2294.915,198.694,-0.238,0.316,6.732,2.508,5.287,0.112,0.188,0.128,0.1,0.377,0.348
"Kimbrel, Craig",518886,FF,148,93.489,2296.372,228.047,-1.016,1.242,6.62,-3.079,4.799,0.095,0.176,0.115,0.034,0.29,0.369
"King, Bryan",687911,FF,656,92.003,2122.858,146.018,0.323,1.191,6.534,2.655,5.529,0.111,0.206,0.111,0.07,0.282,0.31
"King, Bryan",687911,ST,317,80.056,2308.413,288.546,-1.41,0.239,6.545,2.826,5.42,0.114,0.17,0.167,0.079,0.291,0.32
"King, John",667463,CH,152,85.691,1706.875,121.066,1.268,0.182,5.868,2.083,5.58,0.079,0.092,0.211,0.086,0.339,0.321
"King, John",667463,SI,463,93.002,2244.233,127.842,1.199,0.249,6.01,1.952,5.558,0.067,0.192,0.097,0.145,0.345,0.339
"King, John",667463,SL,112,84.34,2887.312,316.375,-0.387,-0.153,5.958,1.974,5.605,0.161,0.071,0.241,0.071,0.298,0.332
"King, Michael",650633,CH,265,86.794,2013.864,247.808,-1.604,0.406,6.117,-3.223,5.279,0.143,0.087,0.242,0.075,0.25,0.261
"King, Michael",650633,FF,305,93.752,2368.003,217.213,-0.626,1.392,5.99,-2.915,5.784,0.128,0.148,0.118,0.059,0.495,0.431
"King, Michael",650633,SI,363,92.68,2288.025,230.576,-1.557,0.362,6.042,-3.163,5.407,0.055,0.298,0.096,0.085,0.293,0.331
"King, Michael",650633,ST,235,82.267,2777.889,63.255,1.24,0.258,5.971,-3.105,5.528,0.132,0.149,0.157,0.055,0.3,0.334
"Kinley, Tyler",641755,CU,151,83.588,2743.993,36.709,0.268,-0.643,5.555,-0.82,6.556,0.179,0.079,0.258,0.033,0.176,0.297
"Kinley, Tyler",641755,FF,280,95.107,2385.339,202.239,-0.199,1.211,5.582,-0.836,6.522,0.043,0.168,0.093,0.1,0.389,0.321
"Kinley, Tyler",641755,SL,783,87.392,2554.654,148.249,0.182,0.226,5.589,-0.927,6.507,0.174,0.161,0.169,0.066,0.285,0.294
"Kirby, George",669923,FF,661,96.216,2284.366,224.094,-0.845,1.12,6.514,-1.784,5.683,0.144,0.094,0.153,0.074,0.293,0.329
"Kirby, George",669923,KC,252,84.293,2367.869,39.123,0.785,-1.068,6.513,-1.791,5.654,0.19,0.095,0.254,0.099,0.281,0.377
"Kirby, George",669923,SI,671,96.36,2267.547,224.007,-1.396,0.744,6.551,-1.759,5.67,0.046,0.219,0.086,0.094,0.372,0.381
"Kirby, George",669923,ST,696,87.213,2375.7,37.305,0.89,-0.259,6.506,-1.879,5.59,0.141,0.214,0.177,0.076,0.294,0.35
"Kittredge, Andrew",552640,SI,309,95.247,2284.725,213.126,-1.301,0.781,6.624,-1.697,5.83,0.052,0.204,0.155,0.087,0.357,0.319
"Kittredge, Andrew",552640,SL,442,89.295,2652.977,130.731,0.496,0.125,6.571,-1.729,5.875,0.219,0.14,0.278,0.084,0.218,0.305
"Klein, Will",694361,FF,221,97.934,2214.701,210.1,-0.562,1.444,6.666,-1.16,5.828,0.109,0.186,0.136,0.05,0.279,0.314
"Knack, Landon",689017,CH,194,84.543,1637.402,225.634,-1.112,0.678,6.008,-1.061,5.765,0.139,0.098,0.149,0.072,0.244,0.265
"Knack, Landon",689017,FF,361,93.044,2399.183,203.147,-0.555,1.583,5.95,-0.945,5.773,0.069,0.199,0.102,0.091,0.411,0.343
"Kochanowicz, Jack",686799,CH,261,89.858,2109.0,235.563,-0.763,0.208,6.423,-1.832,5.86,0.149,0.073,0.192,0.126,0.358,0.375
"Kochanowicz, Jack",686799,FF,347,95.5,2248.888,223.703,-0.594,1.181,6.436,-1.822,6.019,0.095,0.153,0.11,0.092,0.382,0.362
"Kochanowicz, Jack",686799,SI,874,95.52,2136.541,229.047,-1.184,0.254,6.426,-1.935,5.921,0.065,0.136,0.143,0.149,0.366,0.329
"Kochanowicz, Jack",686799,SL,273,87.287,2731.736,74.297,0.273,-0.056,6.396,-1.876,5.938,0.092,0.201,0.103,0.066,0.379,0.365
"Kochanowicz, Jack",686799,ST,103,82.351,2837.922,43.068,1.1,-0.264,6.401,-1.972,5.754,0.087,0.146,0.155,0.078,0.362,0.318
"Koenig, Jared",657649,CH,102,86.558,1744.794,122.118,1.3,0.391,6.19,2.573,5.62,0.127,0.098,0.147,0.098,0.261,0.264
"Koenig, Jared",657649,CU,182,81.69,2549.879,306.923,-1.057,-0.696,6.041,2.753,5.762,0.176,0.088,0.242,0.066,0.237,0.318
"Koenig, Jared",657649,FC,209,90.758,2439.976,149.455,0.0,0.812,6.133,2.774,5.726,0.086,0.134,0.081,0.048,0.303,0.248
"Koenig, Jared",657649,SI,627,95.863,2357.944,146.852,1.224,0.94,6.259,2.286,6.086,0.067,0.279,0.069,0.07,0.26,0.271
"Kolek, Stephen",663568,CH,196,87.487,1467.959,241.653,-1.126,-0.045,6.36,-2.454,5.145,0.097,0.097,0.224,0.082,0.185,0.227
"Kolek, Stephen",663568,FC,256,90.455,2353.984,214.691,0.002,0.637,6.286,-2.651,5.218,0.086,0.199,0.09,0.109,0.329,0.305
"Kolek, Stephen",663568,FF,433,94.021,2177.079,223.587,-0.686,1.073,6.262,-2.442,5.419,0.055,0.199,0.081,0.09,0.35,0.332
"Kolek, Stephen",663568,SI,407,93.572,2148.027,226.45,-1.333,0.367,6.32,-2.67,5.315,0.059,0.199,0.128,0.133,0.327,0.307
"Kolek, Stephen",663568,SL,279,85.396,2520.308,74.168,0.23,-0.036,6.333,-2.663,5.154,0.108,0.125,0.168,0.136,0.312,0.364
"Kolek, Stephen",663568,ST,117,82.53,2558.53,57.846,1.176,-0.019,6.35,-2.747,5.032,0.068,0.179,0.103,0.085,0.377,0.363
"Kopech, Michael",656629,FF,191,97.45,2624.459,211.109,-0.669,1.495,6.799,-1.995,5.823,0.084,0.178,0.084,0.037,0.351,0.275
"Kowar, Jackson",663804,FF,162,97.34,2167.34,222.642,-0.921,1.268,6.187,-0.656,5.994,0.056,0.142,0.099,0.13,0.373,0.313
"Kowar, Jackson",663804,SL,100,86.216,2507.24,59.52,0.231,-0.193,6.067,-0.7,5.945,0.23,0.09,0.27,0.03,0.288,0.295
"Kranick, Max",668820,FF,214,95.58,2277.855,197.416,-0.274,1.428,6.755,-2.22,5.95,0.131,0.107,0.14,0.093,0.312,0.3
"Kranick, Max",668820,SL,211,89.937,2182.18,169.844,0.257,0.668,6.689,-2.474,5.792,0.057,0.156,0.066,0.133,0.358,0.325
"Kremer, Dean",665152,CU,344,78.306,2772.34,34.485,0.511,-0.956,5.977,-2.097,6.318,0.102,0.189,0.195,0.081,0.37,0.342
"Kremer, Dean",665152,FC,543,86.886,2400.908,166.49,0.403,0.488,5.983,-2.091,6.331,0.11,0.144,0.177,0.072,0.286,0.275
"Kremer, Dean",665152,FF,715,93.323,2283.571,208.424,-0.63,1.51,6.1,-2.195,6.208,0.064,0.18,0.098,0.094,0.359,0.317
"Kremer, Dean",665152,FS,567,81.872,1131.065,220.148,-0.886,0.813,6.116,-2.053,6.33,0.213,0.046,0.208,0.049,0.218,0.273
"Kremer, Dean",665152,SI,520,92.828,2155.042,216.025,-1.231,1.027,6.165,-2.503,5.895,0.037,0.263,0.096,0.083,0.332,0.334
"Kriske, Brooks",621139,FF,133,93.386,2277.977,202.436,-0.508,1.471,6.1,-1.194,6.077,0.03,0.226,0.075,0.075,0.395,0.455
"Kriske, Brooks",621139,FS,204,82.27,1061.49,228.971,-0.694,0.015,6.199,-1.075,6.107,0.127,0.176,0.157,0.078,0.315,0.325
"Lara, Andry",691251,FF,116,94.211,2112.414,227.224,-1.115,0.948,6.116,-1.646,6.295,0.009,0.19,0.06,0.103,0.362,0.306
"Latz, Jacob",656641,CH,324,84.706,1981.742,123.834,1.217,0.823,6.561,1.998,5.836,0.213,0.068,0.228,0.077,0.342,0.383
"Latz, Jacob",656641,FF,685,94.237,2279.642,149.558,0.73,1.564,6.674,1.795,5.94,0.104,0.134,0.105,0.091,0.331,0.33
"Latz, Jacob",656641,SL,290,84.424,2513.216,254.195,-0.436,0.079,6.644,2.017,5.861,0.131,0.179,0.145,0.066,0.26,0.261
"Lauer, Eric",641778,CH,139,85.034,943.942,115.583,0.726,0.443,6.067,1.881,5.983,0.065,0.065,0.137,0.086,0.483,0.441
"Lauer, Eric",641778,CU,267,75.088,2401.184,314.446,-0.758,-0.809,5.866,1.861,6.189,0.101,0.255,0.131,0.071,0.294,0.315
"Lauer, Eric",641778,FC,374,86.407,2383.353,180.43,-0.281,0.54,6.072,1.891,6.02,0.102,0.206,0.123,0.086,0.377,0.395
"Lauer, Eric",641778,FF,846,91.747,2242.792,140.827,0.725,1.321,6.129,1.766,6.07,0.086,0.171,0.112,0.091,0.295,0.297
"Lauer, Eric",641778,SL,191,83.177,2226.618,217.466,-0.285,0.146,6.031,1.832,6.109,0.12,0.141,0.136,0.12,0.18,0.261
"Lawrence, Casey",596271,SI,110,87.492,2088.518,237.418,-1.384,0.378,6.083,-2.75,5.177,0.027,0.227,0.091,0.136,0.463,0.427
"Lawrence, Justin",664875,SI,110,95.015,2361.409,251.282,-1.421,-0.076,6.436,-2.681,4.384,0.073,0.191,0.109,0.082,0.331,0.284
"Lawrence, Justin",664875,ST,135,82.954,2983.422,70.933,1.357,0.299,6.28,-2.817,4.338,0.156,0.193,0.185,0.015,0.163,0.236
"Lazar, Max",676661,FF,357,94.494,2498.535,196.417,-0.095,1.362,6.959,-0.531,5.907,0.076,0.193,0.092,0.143,0.398,0.34
"Lazar, Max",676661,KC,169,81.101,2486.893,23.444,0.519,-1.314,6.939,-0.511,5.855,0.118,0.201,0.154,0.089,0.352,0.497
"Leahy, Kyle",681517,CH,129,90.284,1497.86,219.713,-0.971,0.444,7.1,-2.166,5.647,0.085,0.147,0.147,0.093,0.321,0.304
"Leahy, Kyle",681517,CU,243,83.578,2420.7,39.889,0.725,-1.075,6.998,-2.094,5.825,0.16,0.086,0.177,0.095,0.243,0.32
"Leahy, Kyle",681517,FF,408,95.426,2375.279,202.998,-0.263,1.381,7.187,-2.114,5.795,0.078,0.223,0.083,0.081,0.343,0.346
"Leahy, Kyle",681517,SI,101,95.299,2234.03,207.455,-1.087,1.02,7.222,-2.034,5.784,0.03,0.188,0.178,0.119,0.35,0.365
"Leahy, Kyle",681517,SL,283,91.089,2379.866,167.265,0.387,0.417,7.056,-2.336,5.741,0.078,0.205,0.078,0.095,0.401,0.373
"Leahy, Kyle",681517,ST,186,86.749,2701.656,68.188,1.258,0.274,6.986,-2.353,5.738,0.177,0.048,0.242,0.091,0.282,0.365
"Leasure, Jordan",673929,FF,605,96.238,2381.747,195.825,-0.335,1.607,6.964,-0.901,5.873,0.102,0.129,0.134,0.081,0.307,0.306
"Leasure, Jordan",673929,SL,480,87.294,2442.89,134.708,0.536,0.268,6.862,-0.981,5.844,0.183,0.131,0.181,0.048,0.235,0.269
"Lee, Chase",695445,FF,126,89.458,2475.195,262.553,-0.366,0.51,5.948,-2.702,3.763,0.127,0.071,0.063,0.071,0.232,0.301
"Lee, Chase",695445,SI,229,88.909,2397.605,263.691,-0.767,-0.085,5.923,-2.661,3.78,0.057,0.293,0.083,0.096,0.419,0.418
"Lee, Chase",695445,ST,209,79.865,2974.437,82.563,1.586,0.423,5.77,-2.728,3.696,0.091,0.191,0.139,0.081,0.384,0.377
"Lee, Dylan",669276,CH,146,86.684,1726.363,137.315,0.954,1.069,6.379,1.901,6.396,0.151,0.096,0.199,0.048,0.249,0.279
"Lee, Dylan",669276,FF,344,94.055,2355.823,153.802,0.697,1.603,6.189,1.62,6.592,0.067,0.235,0.078,0.076,0.331,0.333
"Lee, Dylan",669276,SL,612,85.977,2133.933,156.127,-0.028,0.556,6.242,1.81,6.505,0.222,0.131,0.18,0.072,0.243,0.271
"Legumina, Casey",668984,FF,424,94.302,2433.375,231.161,-1.225,1.128,6.733,-2.118,4.692,0.123,0.127,0.12,0.064,0.289,0.31
"Legumina, Casey",668984,SI,196,93.917,2288.365,232.234,-1.487,0.707,6.748,-2.127,4.748,0.056,0.286,0.128,0.077,0.41,0.354
"Legumina, Casey",668984,ST,149,81.05,2688.092,96.979,0.807,0.5,6.699,-2.369,4.481,0.107,0.128,0.128,0.107,0.304,0.298
"Leiter Jr., Mark",643410,CU,212,74.057,2286.708,21.222,0.684,-1.461,6.552,-0.955,5.863,0.156,0.226,0.123,0.024,0.266,0.285
"Leiter Jr., Mark",643410,FS,254,85.804,675.102,242.209,-0.613,0.343,6.72,-0.941,5.791,0.228,0.02,0.252,0.075,0.241,0.318
"Leiter Jr., Mark",643410,SI,321,93.746,2026.016,209.963,-1.151,1.121,6.707,-1.155,5.76,0.037,0.255,0.075,0.093,0.365,0.344
"Leiter, Jack",683004,CH,426,90.703,1522.118,228.965,-1.205,0.248,6.751,-1.651,5.573,0.129,0.106,0.117,0.073,0.298,0.349
"Leiter, Jack",683004,CU,244,81.931,2629.867,35.25,0.523,-0.808,6.605,-1.642,5.803,0.119,0.176,0.139,0.082,0.293,0.32
"Leiter, Jack",683004,FF,1001,97.299,2427.57,213.393,-0.738,1.454,6.927,-1.596,5.54,0.092,0.159,0.104,0.086,0.33,0.31
"Leiter, Jack",683004,SI,310,96.094,2336.967,212.739,-1.135,1.224,6.915,-1.843,5.563,0.065,0.168,0.11,0.116,0.418,0.371
"Leiter, Jack",683004,SL,602,87.584,2546.337,117.743,0.351,0.112,6.723,-1.788,5.693,0.13,0.145,0.148,0.076,0.299,0.276
"Liberatore, Matthew",669461,CH,291,88.427,1802.289,132.065,1.263,0.83,6.337,0.775,6.374,0.069,0.158,0.12,0.096,0.344,0.296
"Liberatore, Matthew",669461,CU,376,77.446,2963.816,334.625,-0.8,-1.496,6.396,0.525,6.607,0.117,0.207,0.173,0.045,0.194,0.315
"Liberatore, Matthew",669461,FC,248,90.206,2497.577,164.165,-0.167,0.894,6.398,0.56,6.512,0.069,0.125,0.113,0.081,0.401,0.343
"Liberatore, Matthew",669461,FF,684,93.891,2113.456,151.677,0.591,1.366,6.391,0.512,6.588,0.05,0.187,0.12,0.117,0.37,0.341
"Liberatore, Matthew",669461,SI,281,93.985,2095.715,151.79,1.06,1.17,6.443,0.546,6.507,0.025,0.249,0.057,0.149,0.418,0.368
"Liberatore, Matthew",669461,SL,506,86.393,2688.739,246.462,-0.335,0.093,6.394,0.646,6.479,0.178,0.099,0.227,0.111,0.296,0.367
"Littell, Zack",641793,FF,682,92.119,2012.272,212.294,-0.61,1.338,6.264,-0.637,6.139,0.095,0.182,0.132,0.087,0.317,0.322
"Littell, Zack",641793,FS,769,83.443,1105.544,247.226,-0.971,-0.077,6.112,-0.708,6.081,0.126,0.078,0.186,0.1,0.269,0.301
"Littell, Zack",641793,SI,454,91.496,2027.032,214.247,-1.184,1.031,6.275,-0.735,6.01,0.057,0.198,0.086,0.104,0.345,0.3
"Littell, Zack",641793,SL,782,87.284,2199.596,194.574,0.115,0.604,6.174,-0.739,6.2,0.087,0.17,0.138,0.124,0.392,0.346
"Littell, Zack",641793,ST,153,79.451,2166.433,40.147,0.956,-0.314,6.072,-0.785,6.174,0.078,0.17,0.131,0.059,0.212,0.219
"Little, Brendon",663893,FC,129,93.567,2216.628,119.411,0.122,0.539,5.689,2.001,6.146,0.116,0.194,0.178,0.062,0.385,0.369
"Little, Brendon",663893,KC,602,87.009,1799.872,341.478,-0.196,-0.64,5.733,1.746,6.202,0.231,0.091,0.262,0.056,0.21,0.324
"Little, Brendon",663893,SI,605,93.414,2029.34,112.188,1.218,-0.151,5.578,2.036,5.867,0.106,0.226,0.117,0.088,0.39,0.317
"Lively, Ben",594902,FF,238,89.838,2036.618,215.853,-0.771,1.381,6.897,-1.322,5.174,0.063,0.235,0.101,0.076,0.371,0.296
"Lively, Ben",594902,SI,175,90.45,2005.771,219.411,-1.195,1.077,6.905,-1.315,5.104,0.057,0.177,0.08,0.109,0.293,0.314
"Lodolo, Nick",666157,CH,541,87.865,1833.945,102.8,1.422,0.154,6.344,3.678,5.378,0.14,0.092,0.227,0.083,0.3,0.292
"Lodolo, Nick",666157,CU,716,81.923,2566.971,298.841,-0.702,0.002,6.095,3.708,5.439,0.194,0.155,0.211,0.064,0.216,0.238
"Lodolo, Nick",666157,FF,692,93.884,2283.088,111.53,1.4,0.76,6.3,3.678,5.436,0.091,0.165,0.103,0.078,0.269,0.332
"Lodolo, Nick",666157,SI,543,93.709,2306.376,111.306,1.557,0.494,6.302,3.716,5.358,0.055,0.228,0.107,0.118,0.387,0.355
"Long, Sam",669674,CU,141,76.76,2594.979,329.723,-0.402,-1.135,5.859,1.637,6.016,0.085,0.191,0.17,0.085,0.243,0.289
"Long, Sam",669674,FF,277,93.173,2312.581,146.292,0.574,1.351,6.108,1.702,5.896,0.043,0.159,0.079,0.083,0.4,0.327
"Long, Sam",669674,SL,202,84.854,2260.663,210.416,-0.153,0.23,6.023,1.654,5.942,0.144,0.139,0.153,0.079,0.317,0.331
"Lopez, Jacob",682052,CH,224,82.797,2129.46,107.125,1.53,0.408,6.996,3.765,5.032,0.134,0.098,0.201,0.067,0.279,0.291
"Lopez, Jacob",682052,FC,243,87.604,2194.444,147.798,0.082,0.825,7.021,3.783,5.321,0.091,0.148,0.119,0.078,0.332,0.311
"Lopez, Jacob",682052,FF,587,90.77,2133.455,124.964,1.134,0.99,7.146,3.669,5.296,0.102,0.189,0.136,0.029,0.305,0.322
"Lopez, Jacob",682052,SI,103,90.195,2073.505,124.505,1.46,0.583,7.201,3.673,5.224,0.058,0.252,0.097,0.107,0.486,0.392
"Lopez, Jacob",682052,SL,509,78.114,2370.039,278.173,-0.769,0.141,6.844,3.875,5.113,0.155,0.165,0.167,0.069,0.253,0.294
"Lord, Brad",695418,CH,278,85.889,1956.683,262.748,-1.483,0.467,5.56,-2.526,5.311,0.086,0.101,0.137,0.104,0.313,0.313
"Lord, Brad",695418,FF,1032,94.754,2329.829,245.418,-1.299,0.875,5.671,-2.401,5.395,0.108,0.152,0.091,0.073,0.348,0.378
"Lord, Brad",695418,SI,384,94.347,2223.375,250.435,-1.52,0.402,5.658,-2.469,5.324,0.042,0.164,0.146,0.13,0.315,0.332
"Lord, Brad",695418,SL,430,85.527,2512.321,130.295,0.065,0.047,5.467,-2.532,5.346,0.105,0.151,0.128,0.091,0.337,0.329
"Lorenzen, Michael",547179,CH,401,83.744,1982.027,239.324,-1.277,0.736,5.857,-1.838,5.818,0.212,0.072,0.207,0.047,0.241,0.258
"Lorenzen, Michael",547179,CU,261,82.171,2530.264,27.636,0.195,-1.019,5.93,-1.836,5.785,0.107,0.149,0.176,0.092,0.413,0.429
"Lorenzen, Michael",547179,FC,251,90.189,2518.49,208.765,-0.095,0.696,5.918,-2.019,5.771,0.084,0.143,0.131,0.08,0.38,0.353
"Lorenzen, Michael",547179,FF,511,93.931,2340.243,224.325,-0.957,1.245,5.89,-1.88,5.782,0.067,0.19,0.086,0.092,0.367,0.339
"Lorenzen, Michael",547179,SI,418,92.947,2195.325,230.029,-1.384,0.674,5.942,-2.298,5.672,0.038,0.234,0.122,0.105,0.336,0.352
"Lorenzen, Michael",547179,SL,277,85.191,2581.552,91.744,0.231,-0.004,5.927,-1.907,5.816,0.13,0.137,0.159,0.112,0.323,0.353
"Lorenzen, Michael",547179,ST,199,82.28,2553.683,55.332,1.026,-0.059,5.945,-2.294,5.663,0.101,0.126,0.146,0.08,0.305,0.302
"Loutos, Ryan",702795,FF,107,95.388,1877.112,234.206,-1.029,0.97,6.185,-1.404,6.075,0.056,0.168,0.084,0.131,0.37,0.325
"Loáisiga, Jonathan",642528,SI,270,96.826,2249.348,227.556,-1.445,0.572,6.487,-2.223,5.364,0.115,0.156,0.237,0.107,0.305,0.312
"Lucas, Easton",687922,FF,218,93.813,2208.05,151.959,0.424,1.449,6.297,2.213,6.257,0.151,0.147,0.133,0.115,0.355,0.346
"Lucchesi, Joey",664192,CU,169,77.809,2171.929,322.864,-0.426,-0.373,5.901,2.228,6.589,0.112,0.083,0.183,0.047,0.199,0.263
"Lucchesi, Joey",664192,FF,158,92.761,2293.994,147.823,0.497,1.183,6.108,2.49,5.905,0.07,0.215,0.095,0.07,0.315,0.31
"Lucchesi, Joey",664192,SI,304,92.461,2275.359,147.424,1.195,0.842,6.12,2.557,5.84,0.062,0.23,0.112,0.076,0.332,0.297
"Lugo, Seth",607625,CH,229,86.221,1671.389,235.249,-1.228,0.373,5.931,-1.334,5.533,0.096,0.109,0.135,0.14,0.359,0.342
"Lugo, Seth",607625,CS,114,71.132,2629.325,61.93,1.346,-0.31,5.705,-1.611,5.376,0.114,0.14,0.114,0.053,0.175,0.217
"Lugo, Seth",607625,CU,433,78.868,3238.36,47.704,1.201,-1.148,5.596,-1.466,5.64,0.104,0.21,0.171,0.09,0.308,0.377
"Lugo, Seth",607625,FC,336,89.249,2453.134,196.384,0.112,0.907,5.847,-1.433,5.758,0.095,0.149,0.119,0.089,0.357,0.41
"Lugo, Seth",607625,FF,501,91.726,2351.82,214.87,-0.615,1.279,5.972,-1.336,5.594,0.046,0.226,0.074,0.098,0.383,0.316
"Lugo, Seth",607625,SI,348,91.277,2398.014,219.095,-1.286,0.745,6.034,-1.328,5.434,0.057,0.224,0.086,0.109,0.38,0.336
"Lugo, Seth",607625,SL,134,83.108,2620.306,106.127,0.493,0.347,5.742,-1.472,5.599,0.104,0.142,0.104,0.067,0.328,0.261
"Lugo, Seth",607625,SV,224,79.027,2961.29,57.812,1.381,-0.343,5.612,-1.628,5.481,0.076,0.214,0.121,0.071,0.368,0.288
"Luzardo, Jesús",666200,CH,539,87.9,1931.223,113.467,1.373,0.604,5.804,2.436,5.76,0.186,0.083,0.202,0.067,0.288,0.317
"Luzardo, Jesús",666200,FF,1031,96.536,2241.863,128.479,1.004,1.176,5.845,2.271,5.914,0.082,0.156,0.098,0.08,0.34,0.345
"Luzardo, Jesús",666200,SI,343,95.844,2234.373,127.041,1.406,0.702,5.855,2.339,5.873,0.07,0.3,0.093,0.111,0.367,0.336
"Luzardo, Jesús",666200,SL,202,86.63,2391.198,155.802,0.026,0.096,5.773,2.323,5.864,0.173,0.054,0.248,0.094,0.2,0.32
"Luzardo, Jesús",666200,ST,1010,86.147,2293.133,325.428,-0.725,-0.023,5.732,2.466,5.69,0.179,0.218,0.181,0.038,0.209,0.321
"Lynch IV, Daniel",663738,CH,209,85.98,1641.861,110.957,1.256,0.16,6.672,1.363,5.685,0.11,0.187,0.124,0.1,0.334,0.358
"Lynch IV, Daniel",663738,FF,247,94.078,2233.789,133.324,0.854,1.231,6.652,1.149,5.854,0.049,0.182,0.085,0.081,0.36,0.264
"Lynch IV, Daniel",663738,KC,107,82.553,2257.121,298.692,-0.256,-0.232,6.332,1.184,6.044,0.084,0.336,0.121,0.093,0.437,0.408
"Lynch IV, Daniel",663738,SI,207,93.764,2092.715,133.425,1.385,0.701,6.683,1.286,5.706,0.058,0.188,0.135,0.087,0.312,0.265
"Lynch IV, Daniel",663738,SL,318,86.801,2290.003,186.767,-0.155,0.3,6.618,1.34,5.774,0.126,0.154,0.154,0.091,0.289,0.307
"López, Jorge",605347,SI,107,94.735,1925.458,226.57,-1.414,0.733,6.464,-1.449,5.898,0.084,0.234,0.159,0.14,0.35,0.39
"López, Pablo",641154,CH,267,87.351,1795.933,244.052,-1.244,0.221,6.991,-1.989,5.526,0.124,0.075,0.217,0.071,0.314,0.288
"López, Pablo",641154,CU,124,82.655,2602.694,38.694,0.592,-0.976,6.948,-1.718,5.704,0.121,0.153,0.194,0.04,0.211,0.296
"López, Pablo",641154,FF,518,94.476,2167.002,219.1,-0.539,1.186,7.04,-1.997,5.494,0.108,0.205,0.098,0.089,0.354,0.384
"López, Pablo",641154,ST,267,84.863,2410.607,45.232,1.037,0.002,6.996,-2.038,5.48,0.131,0.165,0.199,0.064,0.242,0.311
"Mahle, Tyler",641816,FC,172,85.405,2454.703,182.756,0.27,0.64,6.561,-1.964,5.53,0.105,0.203,0.128,0.11,0.271,0.271
"Mahle, Tyler",641816,FF,684,91.966,2333.506,215.626,-0.913,1.527,6.584,-1.743,5.657,0.091,0.161,0.108,0.073,0.342,0.332
"Mahle, Tyler",641816,FS,383,84.067,1733.253,227.436,-1.155,0.567,6.53,-1.895,5.586,0.141,0.117,0.191,0.089,0.303,0.321
"Mahle, Tyler",641816,SL,142,83.457,2440.634,128.789,0.262,0.272,6.525,-1.905,5.631,0.085,0.155,0.085,0.042,0.34,0.352
"Manaea, Sean",640455,FF,663,91.72,2049.183,118.596,1.177,0.909,6.949,3.648,5.069,0.11,0.163,0.118,0.087,0.308,0.344
"Manaea, Sean",640455,ST,371,77.686,2285.803,284.704,-1.083,0.328,6.693,3.601,5.218,0.156,0.17,0.159,0.081,0.282,0.317
"Martin, Chris",455119,FC,230,91.388,2241.651,189.983,0.232,0.663,6.485,-2.942,6.177,0.117,0.17,0.113,0.1,0.384,0.413
"Martin, Chris",455119,FF,189,94.749,2231.406,210.545,-0.61,1.247,6.529,-2.724,6.231,0.079,0.185,0.122,0.095,0.301,0.336
"Martin, Chris",455119,FS,115,88.401,1596.18,224.144,-0.867,0.176,6.703,-2.867,6.101,0.148,0.061,0.252,0.087,0.186,0.336
"Martin, Corbin",656686,FF,147,95.876,2479.762,201.068,-0.207,1.328,6.45,-2.344,5.893,0.095,0.197,0.082,0.075,0.373,0.369
"Martin, Corbin",656686,SL,108,91.834,2450.694,175.102,0.368,0.591,6.367,-2.438,5.884,0.139,0.157,0.13,0.074,0.337,0.328
"Martin, Davis",663436,CH,563,90.163,2060.341,237.989,-1.194,0.105,6.469,-2.239,5.907,0.089,0.082,0.174,0.142,0.331,0.366
"Martin, Davis",663436,CU,111,78.806,2793.649,46.613,1.144,-0.758,6.303,-2.178,6.079,0.099,0.225,0.126,0.054,0.329,0.376
"Martin, Davis",663436,FF,755,93.953,2411.515,214.581,-0.521,1.254,6.477,-2.069,5.949,0.09,0.154,0.11,0.069,0.33,0.309
"Martin, Davis",663436,SI,242,92.984,2383.483,216.723,-1.286,0.716,6.496,-2.137,5.895,0.025,0.223,0.05,0.186,0.443,0.384
"Martin, Davis",663436,SL,497,88.063,2580.746,143.932,0.147,0.392,6.43,-2.105,5.938,0.143,0.105,0.197,0.074,0.334,0.302
"Martinez, Nick",607259,CH,515,78.552,2010.047,248.501,-0.932,0.415,5.966,-1.496,6.29,0.138,0.122,0.144,0.068,0.242,0.257
"Martinez, Nick",607259,CU,283,79.797,2586.442,12.898,0.169,-1.373,5.909,-1.384,6.175,0.039,0.272,0.057,0.067,0.284,0.338
"Martinez, Nick",607259,FC,545,89.106,2364.839,198.439,0.155,0.952,5.886,-1.653,6.128,0.084,0.172,0.092,0.092,0.376,0.351
"Martinez, Nick",607259,FF,542,92.64,2316.755,205.371,-0.455,1.481,5.919,-1.575,6.169,0.05,0.188,0.096,0.113,0.363,0.356
"Martinez, Nick",607259,SI,441,92.514,2292.671,204.179,-1.091,1.176,5.95,-1.523,6.16,0.052,0.19,0.12,0.084,0.283,0.286
"Martinez, Nick",607259,SL,268,84.95,2432.422,162.683,0.056,0.154,5.897,-1.575,6.128,0.149,0.131,0.146,0.071,0.266,0.306
"Maton, Phil",664208,CU,385,75.916,3180.587,58.816,1.554,-0.778,7.019,-1.416,5.192,0.221,0.119,0.242,0.031,0.216,0.301
"Maton, Phil",664208,FC,363,90.561,2592.344,200.295,0.05,1.113,7.131,-1.31,5.191,0.138,0.165,0.105,0.058,0.267,0.309
"Maton, Phil",664208,SI,122,89.623,2333.803,222.189,-1.24,0.495,6.971,-1.496,5.073,0.057,0.328,0.033,0.049,0.449,0.379
"Maton, Phil",664208,ST,138,83.594,2679.442,93.022,0.989,0.618,6.922,-1.645,5.1,0.116,0.254,0.101,0.08,0.347,0.296
"Matsui, Yuki",673513,FF,420,92.056,2438.933,160.045,0.379,1.636,5.855,1.98,6.094,0.069,0.145,0.102,0.095,0.368,0.281
"Matsui, Yuki",673513,FS,342,83.991,1170.611,124.006,0.77,0.296,5.894,2.119,6.03,0.231,0.05,0.257,0.07,0.248,0.315
"Matsui, Yuki",673513,SL,169,86.62,2653.272,191.45,-0.242,0.577,5.726,1.99,6.047,0.101,0.166,0.077,0.089,0.342,0.343
"Matsui, Yuki",673513,ST,114,81.373,2870.114,313.684,-1.076,-0.118,5.673,1.957,6.057,0.14,0.193,0.158,0.018,0.282,0.291
"Matthews, Zebby",805673,CH,143,87.492,1499.364,235.273,-1.086,0.566,6.393,-2.361,5.789,0.091,0.161,0.091,0.07,0.346,0.327
"Matthews, Zebby",805673,FC,175,91.71,2492.909,195.754,0.155,0.889,6.469,-2.18,5.862,0.131,0.166,0.166,0.126,0.419,0.348
"Matthews, Zebby",805673,FF,557,96.246,2330.969,213.56,-0.753,1.387,6.561,-2.086,5.865,0.102,0.18,0.07,0.092,0.394,0.414
"Matthews, Zebby",805673,SL,342,88.26,2420.137,131.444,0.193,0.12,6.377,-2.155,5.921,0.205,0.076,0.269,0.073,0.237,0.341
"Mattson, Isaac",676755,FF,610,93.879,2372.174,208.452,-0.686,1.562,6.746,-1.33,6.034,0.095,0.169,0.115,0.07,0.288,0.295
"Matz, Steven",571927,CH,224,83.9,2423.518,94.647,1.288,-0.026,6.554,1.932,5.628,0.098,0.112,0.232,0.089,0.29,0.268
"Matz, Steven",571927,CU,256,79.512,2289.793,323.102,-0.919,-0.875,6.562,1.793,5.746,0.102,0.195,0.141,0.082,0.253,0.277
"Matz, Steven",571927,SI,698,94.518,2245.825,123.563,1.267,0.929,6.542,1.857,5.719,0.067,0.234,0.087,0.09,0.291,0.305
"May, Dustin",669160,FC,210,91.38,2495.538,217.657,-0.036,0.569,6.653,-2.212,5.146,0.081,0.181,0.11,0.105,0.413,0.349
"May, Dustin",669160,FF,361,95.387,2343.518,232.285,-0.94,1.072,6.683,-2.142,5.25,0.111,0.097,0.114,0.072,0.297,0.282
"May, Dustin",669160,SI,727,94.543,2410.686,239.695,-1.538,0.463,6.611,-2.264,4.953,0.036,0.235,0.102,0.149,0.438,0.373
"May, Dustin",669160,ST,853,85.197,3182.42,53.995,1.409,-0.195,6.479,-2.371,4.949,0.11,0.181,0.149,0.063,0.257,0.328
"Mayza, Tim",641835,SI,200,93.594,2106.115,138.635,1.368,0.782,6.887,1.73,6.23,0.095,0.225,0.125,0.065,0.269,0.252
"Mazur, Adam",800049,FF,117,94.801,2342.316,202.966,-0.326,1.55,6.079,-1.991,6.076,0.06,0.265,0.077,0.103,0.514,0.399
"Mazur, Adam",800049,SL,140,87.027,2496.443,100.7,0.188,0.155,6.14,-1.969,6.082,0.171,0.107,0.171,0.1,0.24,0.238
"McCullers Jr., Lance",621121,CH,195,86.711,1855.082,256.641,-1.391,-0.217,5.884,-1.858,5.185,0.077,0.159,0.103,0.077,0.3,0.294
"McCullers Jr., Lance",621121,KC,188,82.285,2992.995,58.686,1.253,-0.81,5.984,-1.837,5.223,0.133,0.122,0.186,0.085,0.371,0.429
"McCullers Jr., Lance",621121,SI,283,91.458,2236.94,231.184,-1.058,0.358,6.003,-1.77,5.122,0.078,0.24,0.078,0.11,0.39,0.349
"McCullers Jr., Lance",621121,ST,367,82.843,2879.913,77.095,1.373,0.445,6.016,-1.929,4.987,0.095,0.196,0.101,0.076,0.306,0.275
"McDaniels, Garrett",680729,SL,100,85.048,2457.87,308.18,-0.094,-0.196,5.76,1.605,6.149,0.12,0.19,0.14,0.06,0.358,0.367
"McDermott, Chayce",694646,FF,105,93.506,2184.295,203.581,-0.499,1.547,6.627,-1.171,5.947,0.048,0.162,0.076,0.105,0.462,0.344
"McDonald, Trevor",686790,SL,107,85.994,2720.112,27.701,0.624,-0.346,6.479,-1.849,5.324,0.224,0.159,0.308,0.065,0.221,0.262
"McFarland, T.J.",519008,SI,139,87.904,1942.978,102.237,1.489,-0.126,5.422,2.059,5.327,0.022,0.165,0.108,0.122,0.362,0.319
"McFarland, T.J.",519008,ST,101,78.055,2400.574,296.851,-1.347,-0.141,5.643,2.036,5.432,0.109,0.257,0.149,0.089,0.408,0.36
"McGough, Scott",543518,FF,115,92.313,2386.043,208.6,-0.586,1.524,6.024,-1.753,5.921,0.078,0.243,0.07,0.13,0.437,0.368
"McGreevy, Michael",700241,CH,147,88.028,1742.272,231.605,-1.232,0.221,6.753,-2.325,5.796,0.15,0.041,0.299,0.061,0.316,0.34
"McGreevy, Michael",700241,CU,177,79.589,2534.825,47.441,0.936,-1.006,6.704,-2.229,5.829,0.062,0.09,0.181,0.073,0.358,0.397
"McGreevy, Michael",700241,FC,144,88.623,2305.069,204.299,0.076,0.544,6.683,-2.431,5.742,0.069,0.153,0.09,0.104,0.365,0.3
"McGreevy, Michael",700241,FF,373,92.982,2236.316,223.946,-0.797,1.107,6.726,-2.273,5.85,0.078,0.174,0.075,0.094,0.407,0.393
"McGreevy, Michael",700241,SI,325,91.744,2199.668,224.523,-1.142,0.359,6.784,-2.328,5.767,0.031,0.28,0.071,0.129,0.275,0.268
"McGreevy, Michael",700241,ST,296,83.709,2466.703,50.152,1.064,0.01,6.65,-2.426,5.678,0.108,0.128,0.132,0.081,0.314,0.328
"McLean, Nolan",690997,CU,117,79.971,3248.205,49.12,1.56,-1.135,6.284,-3.713,5.3,0.205,0.06,0.205,0.026,0.1,0.255
"McLean, Nolan",690997,SI,206,94.75,2171.388,234.801,-1.342,0.19,6.547,-3.66,5.127,0.068,0.267,0.083,0.107,0.283,0.302
"McLean, Nolan",690997,ST,190,85.33,2929.126,61.2,1.398,0.013,6.353,-3.822,5.012,0.063,0.268,0.111,0.084,0.447,0.456
"Mears, Nick",683232,FF,472,95.418,2284.059,202.801,-0.425,1.534,6.742,-1.659,6.271,0.076,0.133,0.091,0.112,0.364,0.371
"Mears, Nick",683232,SL,375,86.6,2514.208,81.525,0.167,-0.026,6.678,-1.728,6.193,0.203,0.163,0.221,0.059,0.255,0.282
"Mederos, Victor",682989,SI,153,94.572,2371.0,235.922,-1.562,0.575,6.446,-3.18,5.372,0.039,0.183,0.085,0.092,0.34,0.262
"Megill, Trevor",656730,FF,496,99.096,2463.163,198.454,-0.329,1.591,6.652,-0.064,6.517,0.087,0.194,0.097,0.079,0.338,0.365
"Megill, Trevor",656730,KC,324,87.534,2832.574,33.741,0.252,-0.51,6.545,-0.159,6.525,0.219,0.176,0.247,0.049,0.215,0.306
"Megill, Tylor",656731,FF,522,95.434,2294.875,215.08,-0.549,1.417,7.143,-2.729,5.896,0.113,0.215,0.082,0.069,0.327,0.378
"Megill, Tylor",656731,SI,241,94.171,2197.311,216.311,-1.298,0.654,7.159,-2.727,5.856,0.062,0.207,0.141,0.104,0.338,0.312
"Megill, Tylor",656731,SL,283,83.878,2548.353,49.594,0.444,-0.491,7.047,-2.739,5.903,0.205,0.099,0.258,0.064,0.272,0.352
"Mejia, Juan",675848,FF,721,96.626,2581.093,201.933,-0.091,1.025,6.15,-1.249,5.975,0.123,0.157,0.132,0.06,0.277,0.261
"Mejia, Juan",675848,ST,352,83.16,2843.136,60.438,1.162,-0.14,6.056,-1.412,5.95,0.148,0.168,0.196,0.068,0.259,0.339
"Melton, Troy",675512,FF,346,97.263,2240.358,213.22,-0.581,1.247,6.856,-1.569,5.435,0.127,0.171,0.072,0.09,0.327,0.31
"Melton, Troy",675512,SL,167,85.531,2426.419,88.365,0.601,-0.098,6.924,-1.809,5.468,0.138,0.138,0.186,0.126,0.238,0.243
"Merryweather, Julian",657240,FF,162,95.956,2210.741,206.253,-0.383,1.404,6.523,-1.684,6.228,0.031,0.179,0.099,0.123,0.448,0.376
"Merryweather, Julian",657240,SL,167,84.571,2124.737,43.862,0.005,-0.223,6.404,-1.592,6.269,0.114,0.186,0.132,0.078,0.289,0.368
"Messick, Parker",800048,CH,146,84.582,1855.432,127.007,1.213,0.228,6.286,1.15,5.571,0.158,0.068,0.247,0.062,0.222,0.281
"Messick, Parker",800048,FF,225,92.823,2123.516,153.809,0.348,1.389,6.455,0.928,5.618,0.124,0.249,0.08,0.058,0.255,0.371
"Mey, Luis",682825,SI,302,98.909,2287.119,218.351,-1.207,0.604,6.504,-1.992,5.84,0.076,0.192,0.116,0.079,0.361,0.295
"Mey, Luis",682825,SL,104,86.55,2235.606,92.01,0.574,0.565,6.623,-2.008,5.872,0.173,0.096,0.125,0.019,0.334,0.495
"Meyer, Max",676974,CH,180,89.273,1783.533,235.456,-1.304,0.164,6.219,-1.54,5.561,0.089,0.172,0.094,0.061,0.286,0.281
"Meyer, Max",676974,FF,231,94.992,2512.665,223.383,-0.755,1.284,6.404,-1.366,5.682,0.061,0.139,0.087,0.113,0.457,0.399
"Meyer, Max",676974,SI,142,94.242,2485.102,225.453,-1.247,0.453,6.34,-1.424,5.65,0.099,0.162,0.134,0.148,0.315,0.312
"Meyer, Max",676974,SL,367,89.836,2618.044,59.036,0.203,-0.106,6.371,-1.297,5.666,0.207,0.139,0.207,0.095,0.297,0.408
"Meyer, Max",676974,ST,119,86.699,2463.763,35.508,0.919,-0.36,6.325,-1.542,5.485,0.034,0.328,0.05,0.084,0.358,0.298
"Mikolas, Miles",571945,CH,285,85.913,1659.207,232.144,-1.22,0.566,6.369,-2.406,6.337,0.063,0.116,0.123,0.119,0.354,0.308
"Mikolas, Miles",571945,CU,430,76.141,2583.226,32.27,0.728,-1.253,6.191,-2.172,6.659,0.077,0.205,0.116,0.063,0.25,0.281
"Mikolas, Miles",571945,FF,687,92.975,2221.852,219.426,-0.697,1.244,6.207,-2.269,6.505,0.086,0.202,0.098,0.108,0.411,0.329
"Mikolas, Miles",571945,SI,421,92.359,2125.967,221.449,-1.271,0.767,6.25,-2.418,6.383,0.038,0.24,0.109,0.128,0.335,0.33
"Mikolas, Miles",571945,SL,580,87.775,2276.436,190.995,0.211,0.59,6.169,-2.284,6.554,0.076,0.148,0.114,0.103,0.367,0.325
"Miller, Bryce",682243,FF,714,94.974,2510.105,206.896,-0.543,1.574,6.276,-0.845,5.79,0.105,0.12,0.129,0.094,0.378,0.335
"Miller, Bryce",682243,FS,326,83.946,973.203,233.412,-0.88,0.136,6.453,-1.211,5.37,0.15,0.104,0.163,0.117,0.28,0.349
"Miller, Bryce",682243,KC,175,83.511,2369.423,32.989,0.268,-0.908,6.346,-1.011,5.65,0.131,0.08,0.177,0.126,0.325,0.398
"Miller, Bryce",682243,SI,287,94.684,2471.202,212.334,-1.24,1.112,6.323,-1.006,5.654,0.031,0.226,0.059,0.136,0.413,0.353
"Miller, Bryce",682243,SL,139,86.001,2529.662,117.432,0.342,0.128,6.29,-1.127,5.599,0.151,0.209,0.122,0.065,0.361,0.397
"Miller, Erik",669062,CH,124,87.05,1938.153,95.202,1.428,0.157,6.728,2.163,5.799,0.105,0.089,0.121,0.065,0.306,0.322
"Miller, Erik",669062,FF,167,97.189,2313.599,133.251,0.877,1.23,6.692,1.524,6.477,0.096,0.102,0.132,0.066,0.419,0.313
"Miller, Erik",669062,SL,107,86.327,2613.944,293.467,-0.498,-0.085,6.621,1.773,6.299,0.271,0.15,0.234,0.037,0.225,0.279
"Miller, Mason",695243,FF,523,101.238,2549.553,212.778,-0.71,1.403,6.722,-1.761,6.237,0.18,0.098,0.151,0.055,0.311,0.335
"Miller, Mason",695243,SL,467,87.85,2400.075,48.925,0.714,-0.13,6.718,-1.865,6.083,0.248,0.216,0.233,0.039,0.162,0.309
"Miller, Shelby",571946,FF,436,95.167,2452.17,215.078,-0.904,1.487,7.112,-1.396,5.362,0.128,0.197,0.117,0.073,0.283,0.333
"Miller, Shelby",571946,FS,203,86.891,1940.217,233.734,-1.245,0.386,7.11,-1.478,5.401,0.227,0.074,0.325,0.079,0.297,0.372
"Milner, Hoby",571948,CH,201,81.101,1643.275,83.08,1.33,-0.345,6.667,4.439,4.018,0.09,0.095,0.219,0.095,0.296,0.272
"Milner, Hoby",571948,FF,164,87.926,1999.908,98.503,1.266,0.548,6.696,4.288,4.277,0.11,0.085,0.134,0.079,0.212,0.219
"Milner, Hoby",571948,SI,386,87.522,1963.634,98.416,1.519,-0.05,6.713,4.334,4.226,0.039,0.285,0.091,0.101,0.344,0.342
"Milner, Hoby",571948,ST,406,78.183,1807.882,296.707,-1.25,0.011,6.651,4.293,4.15,0.047,0.266,0.067,0.054,0.294,0.286
"Misiorowski, Jacob",694819,CU,208,87.296,2437.909,46.995,0.54,-0.745,7.328,-1.54,5.402,0.149,0.154,0.178,0.067,0.252,0.361
"Misiorowski, Jacob",694819,FF,719,99.453,2595.081,218.757,-0.795,1.32,7.58,-1.624,5.244,0.139,0.175,0.11,0.051,0.305,0.315
"Misiorowski, Jacob",694819,SL,350,94.179,2484.934,182.177,0.214,0.535,7.589,-1.783,5.083,0.1,0.174,0.089,0.071,0.312,0.313
"Mize, Casey",663554,FF,830,94.607,2252.178,211.31,-0.678,1.437,6.915,-1.944,5.877,0.083,0.194,0.094,0.098,0.328,0.313
"Mize, Casey",663554,FS,610,88.608,1446.636,238.702,-1.202,0.36,6.867,-2.142,5.761,0.187,0.062,0.234,0.105,0.304,0.357
"Mize, Casey",663554,SI,307,94.805,2220.505,215.528,-1.158,1.124,6.922,-1.964,5.857,0.065,0.221,0.147,0.121,0.312,0.294
"Mize, Casey",663554,SL,406,88.214,2184.951,169.291,0.191,0.381,6.903,-2.269,5.691,0.069,0.227,0.057,0.064,0.282,0.258
"Mize, Casey",663554,SV,316,83.632,2276.968,61.88,0.59,-0.045,6.882,-2.342,5.657,0.123,0.12,0.161,0.051,0.221,0.284
"Mlodzinski, Carmen",669387,CU,146,84.771,2627.463,35.142,0.62,-0.882,6.111,-1.709,5.567,0.123,0.26,0.158,0.062,0.284,0.315
"Mlodzinski, Carmen",669387,FF,596,96.057,2142.215,226.069,-0.805,0.973,6.376,-2.422,5.325,0.07,0.153,0.081,0.084,0.328,0.297
"Mlodzinski, Carmen",669387,FS,250,87.608,1718.612,247.118,-0.845,-0.059,6.27,-2.258,5.338,0.232,0.076,0.316,0.06,0.24,0.442
"Mlodzinski, Carmen",669387,SI,249,95.852,2101.979,233.603,-1.395,0.528,6.437,-2.396,5.097,0.032,0.233,0.084,0.096,0.32,0.364
"Mlodzinski, Carmen",669387,SL,232,88.691,2467.1,137.074,0.223,0.206,6.3,-2.82,5.169,0.099,0.147,0.177,0.129,0.369,0.368
"Mlodzinski, Carmen",669387,ST,173,83.997,2550.977,76.243,0.678,0.385,6.335,-3.06,4.947,0.087,0.231,0.087,0.058,0.273,0.286
"Molina, Anthony",683627,CH,110,87.021,1913.9,233.345,-1.136,0.513,6.285,-1.694,5.978,0.1,0.1,0.173,0.082,0.446,0.366
"Molina, Anthony",683627,FF,270,95.627,2168.07,211.352,-0.588,1.261,6.304,-1.391,6.198,0.059,0.196,0.107,0.174,0.439,0.4
"Moll, Sam",594580,ST,148,81.143,2913.493,303.608,-1.258,-0.074,4.493,2.299,4.793,0.196,0.189,0.189,0.074,0.266,0.313
"Montas, Frankie",593423,FF,178,95.616,2357.713,208.927,-0.411,1.318,5.928,-0.689,6.08,0.152,0.152,0.129,0.084,0.291,0.31
"Montas, Frankie",593423,FS,146,86.259,1585.041,230.555,-0.999,0.268,5.921,-0.797,6.085,0.164,0.014,0.267,0.075,0.261,0.273
"Montas, Frankie",593423,SI,124,95.101,2238.677,207.944,-1.239,0.835,5.906,-0.664,6.075,0.048,0.266,0.105,0.113,0.394,0.383
"Montero, Keider",672456,CH,196,86.92,1967.281,228.042,-1.292,0.595,6.471,-2.463,5.651,0.102,0.107,0.173,0.097,0.341,0.295
"Montero, Keider",672456,FF,472,93.984,2230.113,211.804,-0.449,1.345,6.355,-2.282,5.806,0.053,0.193,0.068,0.076,0.375,0.361
"Montero, Keider",672456,KC,230,79.168,2948.301,39.004,1.127,-0.817,6.214,-2.138,5.881,0.091,0.13,0.196,0.096,0.32,0.293
"Montero, Keider",672456,SI,316,93.836,2229.111,212.153,-1.286,0.874,6.364,-2.375,5.742,0.035,0.272,0.108,0.089,0.267,0.276
"Montero, Keider",672456,SL,333,84.2,2733.584,65.223,0.864,0.173,6.258,-2.474,5.784,0.171,0.195,0.159,0.087,0.326,0.352
"Montero, Rafael",606160,FF,444,95.15,2384.347,223.088,-0.819,1.233,6.198,-1.817,5.108,0.099,0.169,0.099,0.088,0.378,0.333
"Montero, Rafael",606160,FS,518,87.868,1616.645,238.494,-1.007,0.075,6.318,-1.773,4.939,0.176,0.097,0.23,0.056,0.265,0.251
"Montgomery, Mason",682254,FF,569,98.708,2313.388,156.747,0.509,1.54,6.804,1.409,5.843,0.128,0.169,0.118,0.063,0.379,0.392
"Montgomery, Mason",682254,SL,290,89.746,2570.617,242.759,-0.07,0.147,6.723,1.536,5.784,0.231,0.083,0.217,0.055,0.244,0.357
"Morales, Luis",806960,CH,107,89.777,2074.86,221.402,-1.246,0.88,6.153,-1.914,5.689,0.112,0.14,0.131,0.056,0.28,0.308
"Morales, Luis",806960,FF,423,97.234,2520.045,208.492,-0.642,1.339,6.018,-1.996,5.682,0.059,0.163,0.099,0.099,0.379,0.355
"Morales, Luis",806960,ST,220,82.299,3000.009,56.673,1.622,-0.233,5.898,-2.101,5.663,0.132,0.186,0.118,0.041,0.225,0.201
"Morejon, Adrian",670970,SI,652,97.715,2418.561,148.503,1.272,0.872,6.333,2.345,5.97,0.071,0.244,0.126,0.074,0.262,0.29
"Morejon, Adrian",670970,SL,255,87.494,2845.62,286.286,-0.482,-0.1,6.259,2.706,5.867,0.157,0.184,0.122,0.051,0.245,0.334
"Moreta, Dauri",664294,FF,121,94.556,2313.609,210.557,-0.852,1.418,6.561,-0.769,6.036,0.066,0.182,0.124,0.041,0.281,0.23
"Moreta, Dauri",664294,SL,162,83.52,1989.09,286.761,-0.225,0.133,6.41,-1.075,5.927,0.198,0.16,0.154,0.086,0.356,0.485
"Morgan, David",688158,CU,181,83.179,2570.514,51.149,0.79,-0.824,6.103,-1.984,5.533,0.199,0.11,0.182,0.072,0.245,0.41
"Morgan, David",688158,FF,285,97.868,2440.716,219.74,-0.646,1.286,6.012,-2.147,5.402,0.098,0.074,0.133,0.07,0.354,0.322
"Morgan, David",688158,SI,166,96.881,2136.458,232.651,-1.442,0.45,6.011,-2.373,5.147,0.048,0.247,0.12,0.12,0.286,0.284
"Morgan, David",688158,SL,144,87.987,2287.243,114.778,0.324,0.042,6.018,-2.284,5.223,0.153,0.167,0.146,0.069,0.295,0.334
"Morillo, Juan",666661,FF,285,98.984,2246.281,208.712,-0.444,1.374,6.371,-1.609,5.759,0.116,0.102,0.102,0.074,0.316,0.352
"Morillo, Juan",666661,SI,120,98.906,2216.967,206.242,-1.12,1.094,6.369,-1.63,5.787,0.1,0.2,0.133,0.075,0.282,0.26
"Morillo, Juan",666661,SL,130,89.319,2546.969,92.608,0.477,-0.104,6.415,-1.496,5.805,0.115,0.115,0.108,0.069,0.363,0.335
"Morton, Charlie",450203,CH,253,87.516,1815.206,264.838,-1.141,-0.306,6.262,-2.521,5.284,0.119,0.087,0.182,0.13,0.381,0.396
"Morton, Charlie",450203,CU,976,81.44,3163.086,61.073,1.28,-0.745,6.111,-2.577,5.324,0.177,0.171,0.2,0.068,0.291,0.327
"Morton, Charlie",450203,FC,232,88.035,2512.815,191.754,0.07,0.442,6.175,-2.531,5.32,0.099,0.224,0.065,0.052,0.446,0.384
"Morton, Charlie",450203,FF,702,94.213,2322.449,236.37,-0.997,1.037,6.16,-2.444,5.435,0.071,0.138,0.101,0.078,0.34,0.306
"Morton, Charlie",450203,SI,385,94.014,2219.574,241.722,-1.48,0.364,6.178,-2.432,5.362,0.052,0.203,0.06,0.135,0.355,0.333
"Murdock, Noah",668716,SI,223,94.564,2107.946,235.09,-1.065,0.18,6.66,-2.011,5.092,0.076,0.242,0.126,0.067,0.364,0.333
"Murfee, Penn",682171,ST,114,78.514,2617.447,68.263,1.516,0.109,6.489,-3.937,4.016,0.149,0.149,0.211,0.079,0.375,0.397
"Murphy, Chris",669684,CU,177,76.797,2530.435,314.836,-1.181,-1.076,6.2,2.216,5.402,0.119,0.198,0.136,0.068,0.248,0.257
"Murphy, Chris",669684,FF,179,94.316,2341.782,154.503,0.465,1.418,6.293,1.892,5.613,0.123,0.14,0.117,0.084,0.3,0.227
"Murphy, Chris",669684,SL,114,87.591,2273.535,198.93,-0.32,0.375,6.166,2.398,5.248,0.096,0.175,0.123,0.096,0.437,0.32
"Muñoz, Andrés",662253,FF,383,98.345,2278.693,227.207,-0.936,1.113,6.6,-2.55,5.322,0.078,0.206,0.091,0.07,0.396,0.351
"Muñoz, Andrés",662253,SI,137,97.72,2052.209,228.694,-1.418,0.525,6.623,-2.598,5.227,0.044,0.212,0.124,0.102,0.28,0.29
"Muñoz, Andrés",662253,SL,599,85.793,2350.059,85.855,0.508,-0.12,6.697,-2.416,5.366,0.239,0.145,0.217,0.043,0.199,0.297
"Myers, Tobias",668964,FC,173,87.725,2163.069,173.682,0.355,0.979,6.751,-0.975,5.86,0.098,0.133,0.145,0.092,0.421,0.353
"Myers, Tobias",668964,FF,382,93.496,2281.725,197.903,-0.459,1.624,6.783,-0.811,5.907,0.05,0.178,0.099,0.123,0.381,0.382
"Myers, Tobias",668964,FS,133,83.065,1530.947,205.173,-0.8,0.88,6.881,-0.823,5.766,0.203,0.135,0.113,0.06,0.146,0.168
"Myers, Tobias",668964,SL,141,84.481,2130.39,139.681,0.345,0.218,6.659,-0.874,5.962,0.071,0.092,0.149,0.113,0.282,0.286
"Márquez, Germán",608566,FF,737,94.817,2202.741,223.102,-0.852,1.179,5.545,-2.23,6.133,0.034,0.166,0.084,0.141,0.425,0.356
"Márquez, Germán",608566,KC,666,85.494,2650.371,103.036,0.137,-0.065,5.522,-2.133,6.271,0.18,0.113,0.198,0.087,0.275,0.329
"Márquez, Germán",608566,SI,413,94.216,2151.058,221.039,-1.196,0.843,5.584,-2.249,6.146,0.017,0.138,0.107,0.16,0.375,0.328
"Márquez, Germán",608566,SL,220,88.815,2319.227,220.145,-0.05,0.501,5.6,-2.39,5.919,0.091,0.205,0.109,0.068,0.375,0.354
"Nance, Tommy",667297,CU,149,85.015,2978.933,19.98,0.987,-1.237,5.991,-0.978,6.338,0.174,0.188,0.262,0.054,0.201,0.38
"Nance, Tommy",667297,SI,138,94.545,2364.558,219.848,-1.326,0.709,6.191,-1.004,6.182,0.087,0.203,0.109,0.087,0.35,0.34
"Nance, Tommy",667297,SL,207,88.682,2748.159,121.874,0.07,-0.019,6.095,-1.328,5.969,0.068,0.208,0.121,0.13,0.405,0.388
"Nelson, Ryne",669194,CU,269,80.028,2568.26,39.472,0.646,-0.696,6.71,-1.39,6.194,0.115,0.13,0.16,0.115,0.299,0.32
"Nelson, Ryne",669194,FC,248,90.968,2202.302,171.806,0.188,0.606,6.806,-1.412,6.145,0.089,0.165,0.113,0.093,0.343,0.281
"Nelson, Ryne",669194,FF,1526,95.675,2270.332,192.06,-0.269,1.599,6.898,-1.155,6.199,0.085,0.163,0.132,0.09,0.312,0.324
"Nelson, Ryne",669194,SL,353,86.631,2403.861,105.173,0.408,0.106,6.737,-1.402,6.207,0.13,0.119,0.142,0.079,0.251,0.314
"Neris, Héctor",593576,FF,221,92.365,2411.709,217.827,-0.692,1.479,6.083,-1.541,5.93,0.086,0.154,0.081,0.086,0.421,0.419
"Neris, Héctor",593576,FS,236,83.048,1158.352,254.225,-0.849,-0.089,6.104,-1.487,6.158,0.174,0.114,0.229,0.059,0.221,0.251
"Newcomb, Sean",656794,CH,107,85.31,1546.29,120.168,1.039,0.334,5.681,2.531,5.937,0.093,0.075,0.28,0.112,0.348,0.337
"Newcomb, Sean",656794,FC,212,89.408,2516.778,146.42,-0.012,0.819,5.665,2.491,6.116,0.057,0.222,0.09,0.123,0.446,0.402
"Newcomb, Sean",656794,FF,459,93.301,2320.734,134.342,0.871,1.319,5.588,2.366,6.183,0.094,0.161,0.111,0.054,0.305,0.355
"Newcomb, Sean",656794,SI,339,92.494,2325.796,129.348,1.428,0.447,5.615,2.474,5.88,0.038,0.221,0.103,0.1,0.331,0.315
"Newcomb, Sean",656794,SV,346,81.963,2830.098,315.098,-1.383,-0.482,5.445,2.754,5.798,0.136,0.194,0.142,0.064,0.207,0.325
"Nicolas, Kyle",693312,CU,145,83.792,2678.193,41.083,0.669,-1.02,6.899,-1.285,5.972,0.166,0.145,0.152,0.021,0.15,0.217
"Nicolas, Kyle",693312,FF,330,97.61,2364.036,210.503,-0.575,1.436,7.03,-1.243,6.102,0.061,0.176,0.121,0.1,0.36,0.312
"Nicolas, Kyle",693312,SL,174,90.402,2577.708,129.234,0.373,0.067,6.936,-1.377,6.001,0.23,0.063,0.195,0.08,0.315,0.334
"Nola, Aaron",605400,CH,242,84.883,1602.723,253.826,-1.265,0.257,6.869,-2.018,4.897,0.149,0.074,0.231,0.116,0.291,0.301
"Nola, Aaron",605400,FC,116,86.233,2276.931,214.578,-0.059,0.712,6.888,-2.062,5.062,0.147,0.112,0.216,0.103,0.409,0.389
"Nola, Aaron",605400,FF,486,91.906,2320.844,227.695,-1.07,1.233,6.909,-1.902,5.081,0.051,0.23,0.093,0.086,0.333,0.275
"Nola, Aaron",605400,KC,471,78.269,2614.97,55.573,1.23,-0.862,6.711,-1.935,5.121,0.189,0.163,0.255,0.081,0.288,0.371
"Nola, Aaron",605400,SI,284,90.778,2226.585,229.134,-1.469,0.752,6.932,-1.943,5.018,0.035,0.257,0.106,0.13,0.32,0.369
"Núñez, Eduarniel",674384,FF,155,98.076,2630.387,215.252,-0.452,1.246,5.744,-1.585,5.489,0.097,0.155,0.084,0.045,0.358,0.242
"O'Brien, Riley",676617,SI,366,98.024,2184.41,226.844,-1.322,0.51,6.95,-1.631,5.645,0.046,0.191,0.096,0.079,0.345,0.335
"O'Brien, Riley",676617,SL,230,90.074,2529.47,162.983,0.308,0.271,6.971,-1.882,5.343,0.139,0.178,0.157,0.078,0.276,0.351
"O'Brien, Riley",676617,ST,161,83.368,2445.286,56.702,1.395,-0.192,6.94,-1.796,5.359,0.211,0.106,0.273,0.031,0.185,0.183
"Ober, Bailey",641927,CH,681,83.292,2028.734,249.465,-1.495,0.486,7.211,-1.455,5.977,0.157,0.093,0.233,0.073,0.247,0.28
"Ober, Bailey",641927,FF,846,90.251,2288.695,214.119,-0.682,1.403,7.323,-1.381,5.913,0.085,0.184,0.116,0.115,0.362,0.321
"Ober, Bailey",641927,SL,418,83.679,2029.84,168.83,0.335,0.524,7.259,-1.37,5.876,0.115,0.132,0.167,0.134,0.36,0.324
"Ober, Bailey",641927,ST,253,78.416,2099.087,61.277,0.934,0.07,7.213,-1.368,5.936,0.162,0.158,0.186,0.059,0.261,0.338
"Ogasawara, Shinnosuke",829272,CH,150,80.653,1589.667,126.107,1.23,0.662,6.193,1.591,5.701,0.14,0.173,0.1,0.1,0.309,0.301
"Ogasawara, Shinnosuke",829272,FF,261,91.089,2202.82,144.172,0.583,1.361,6.261,1.627,5.629,0.046,0.192,0.054,0.107,0.423,0.347
"Ogasawara, Shinnosuke",829272,KC,129,72.334,2731.853,343.736,-0.594,-1.655,6.064,1.255,5.881,0.093,0.186,0.07,0.039,0.228,0.235
"Ogasawara, Shinnosuke",829272,SL,125,81.625,2381.12,211.296,-0.21,0.256,6.158,1.719,5.642,0.176,0.104,0.184,0.088,0.346,0.391
"Ohl, Pierson",701487,CH,205,81.08,2147.351,255.824,-1.108,0.416,6.315,-1.054,5.955,0.19,0.083,0.273,0.093,0.28,0.317
"Ohl, Pierson",701487,FF,238,91.883,2281.878,210.269,-0.779,1.53,6.233,-1.041,5.946,0.038,0.218,0.038,0.097,0.432,0.427
"Ohtani, Shohei",660271,CU,114,78.438,2675.921,40.711,0.948,-1.16,6.583,-2.0,6.127,0.184,0.184,0.123,0.018,0.136,0.385
"Ohtani, Shohei",660271,FF,433,98.376,2492.647,216.12,-0.447,1.229,6.691,-2.334,5.65,0.109,0.169,0.12,0.069,0.295,0.341
"Ohtani, Shohei",660271,SL,120,88.31,2566.0,90.775,0.279,-0.033,6.603,-2.118,6.047,0.233,0.092,0.192,0.058,0.216,0.341
"Ohtani, Shohei",660271,ST,229,85.195,2613.93,66.873,1.098,0.307,6.577,-2.367,5.614,0.197,0.183,0.17,0.061,0.203,0.258
"Okert, Steven",595345,FF,435,91.989,2225.251,139.372,0.675,1.368,6.272,3.14,5.937,0.094,0.163,0.083,0.074,0.333,0.299
"Okert, Steven",595345,SL,608,80.863,2483.696,275.673,-0.682,0.598,6.224,3.167,5.893,0.206,0.14,0.161,0.059,0.206,0.27
"Olson, Reese",681857,CH,300,87.746,1959.82,246.724,-1.235,0.026,5.872,-2.83,5.921,0.237,0.073,0.323,0.043,0.227,0.306
"Olson, Reese",681857,FF,225,94.259,2324.556,224.194,-0.819,1.267,5.897,-2.846,5.979,0.049,0.227,0.071,0.124,0.347,0.352
"Olson, Reese",681857,SI,315,94.417,2170.571,224.095,-1.306,0.88,5.922,-2.735,6.016,0.006,0.244,0.035,0.105,0.379,0.321
"Olson, Reese",681857,SL,250,84.334,2841.886,66.793,0.418,-0.301,5.851,-2.753,5.981,0.224,0.148,0.252,0.08,0.283,0.332
"Ort, Kaleb",672391,FC,112,90.574,2310.366,192.25,0.18,0.863,6.248,-2.763,5.727,0.089,0.125,0.143,0.089,0.296,0.262
"Ort, Kaleb",672391,FF,428,96.405,2444.986,201.939,-0.619,1.531,6.259,-2.48,5.92,0.114,0.154,0.1,0.049,0.297,0.236
"Ort, Kaleb",672391,ST,183,83.912,2481.268,53.038,0.936,-0.192,6.181,-2.662,5.864,0.18,0.153,0.191,0.077,0.266,0.341
"Ortiz, Luis",682847,CH,194,89.386,1461.918,248.263,-1.218,0.22,6.858,-1.866,5.17,0.134,0.103,0.16,0.103,0.284,0.354
"Ortiz, Luis",682847,FC,184,91.148,2337.745,202.103,0.033,0.763,6.708,-1.92,5.036,0.071,0.261,0.076,0.071,0.553,0.412
"Ortiz, Luis",682847,FF,441,96.409,2279.163,234.943,-1.042,0.994,6.688,-1.92,5.065,0.12,0.172,0.082,0.07,0.348,0.362
"Ortiz, Luis",682847,SI,293,95.512,2292.693,235.543,-1.38,0.254,6.766,-2.054,4.899,0.051,0.27,0.102,0.14,0.309,0.324
"Ortiz, Luis",682847,SL,389,85.476,2389.162,62.008,0.529,0.074,6.746,-1.912,5.116,0.188,0.118,0.183,0.085,0.304,0.325
"Orze, Eric",679358,FF,174,93.921,2255.207,215.402,-0.853,1.403,6.937,-1.537,5.896,0.109,0.132,0.092,0.057,0.334,0.265
"Orze, Eric",679358,FS,330,84.115,1577.929,241.99,-1.174,-0.008,6.935,-1.524,5.812,0.173,0.124,0.164,0.073,0.237,0.29
"Orze, Eric",679358,SL,177,88.917,2583.378,170.192,0.339,0.531,6.962,-1.592,5.929,0.085,0.158,0.09,0.062,0.412,0.309
"Oviedo, Johan",670912,CU,105,77.74,2281.01,75.238,0.741,-0.194,7.176,-2.758,5.677,0.143,0.257,0.143,0.048,0.302,0.286
"Oviedo, Johan",670912,FF,246,95.492,2340.195,215.35,-0.494,1.274,7.359,-2.979,5.336,0.102,0.154,0.077,0.057,0.327,0.322
"Oviedo, Johan",670912,SL,214,86.715,2384.654,128.776,0.539,0.147,7.326,-2.965,5.446,0.131,0.22,0.121,0.051,0.288,0.271
"Paddack, Chris",663978,CH,604,84.492,1809.513,246.083,-1.245,0.383,6.974,-2.314,5.911,0.132,0.089,0.242,0.121,0.338,0.317
"Paddack, Chris",663978,CU,304,78.162,2112.102,25.839,0.461,-1.084,6.734,-2.024,6.174,0.059,0.207,0.122,0.076,0.348,0.324
"Paddack, Chris",663978,FC,357,87.308,2006.524,188.499,0.132,0.694,6.941,-2.047,6.114,0.106,0.123,0.157,0.098,0.362,0.347
"Paddack, Chris",663978,FF,1109,93.672,2244.7,208.163,-0.738,1.511,7.015,-1.835,6.194,0.08,0.152,0.115,0.102,0.332,0.328
"Paddack, Chris",663978,SI,133,93.416,2123.654,218.962,-1.095,1.184,6.989,-2.146,5.967,0.053,0.113,0.241,0.135,0.38,0.37
"Pagán, Emilio",641941,FC,199,86.916,2411.809,165.337,0.415,0.39,6.909,-1.621,5.567,0.146,0.136,0.136,0.055,0.339,0.428
"Pagán, Emilio",641941,FF,654,95.763,2613.659,206.249,-0.57,1.541,6.778,-1.59,5.628,0.119,0.133,0.135,0.084,0.279,0.239
"Pagán, Emilio",641941,FS,215,83.933,969.716,240.13,-0.617,0.215,7.051,-1.592,5.549,0.228,0.079,0.26,0.047,0.175,0.247
"Palencia, Daniel",694037,FF,666,99.592,2347.306,221.5,-0.985,1.28,6.668,-1.158,5.565,0.108,0.137,0.12,0.098,0.319,0.336
"Palencia, Daniel",694037,SL,226,88.54,2288.779,123.124,0.196,0.095,6.553,-1.451,5.401,0.186,0.199,0.159,0.08,0.251,0.345
"Pallante, Andre",669467,FF,1199,94.467,2306.872,184.581,-0.028,0.829,6.513,-1.586,6.146,0.06,0.2,0.078,0.113,0.37,0.339
"Pallante, Andre",669467,KC,381,78.194,2804.084,17.528,0.312,-1.342,6.554,-1.468,6.129,0.126,0.129,0.142,0.045,0.216,0.327
"Pallante, Andre",669467,SI,363,94.972,2192.559,193.455,-0.836,1.19,6.497,-1.609,6.11,0.069,0.083,0.212,0.058,0.28,0.243
"Pallante, Andre",669467,SL,774,87.396,2404.713,102.575,0.393,-0.068,6.618,-1.709,6.025,0.15,0.114,0.177,0.075,0.293,0.301
"Palmquist, Carson",687223,FF,370,90.367,2159.078,125.265,0.906,1.073,7.353,2.209,4.925,0.041,0.173,0.081,0.122,0.433,0.37
"Palmquist, Carson",687223,ST,222,73.848,1984.306,278.297,-0.736,0.115,7.341,1.979,5.066,0.135,0.108,0.198,0.014,0.195,0.191
"Parker, Mitchell",680730,CU,594,81.138,2280.084,332.231,-0.059,-0.582,6.763,1.623,6.194,0.13,0.222,0.163,0.094,0.366,0.392
"Parker, Mitchell",680730,FF,1501,92.95,2167.728,162.065,0.483,1.498,6.882,1.248,6.334,0.047,0.143,0.105,0.135,0.393,0.341
"Parker, Mitchell",680730,FS,284,85.42,958.187,145.877,0.571,0.753,6.902,1.693,6.185,0.155,0.039,0.173,0.116,0.391,0.368
"Parker, Mitchell",680730,SL,326,84.993,2266.344,297.34,-0.384,0.216,6.884,1.995,5.966,0.193,0.12,0.172,0.092,0.251,0.334
"Patrick, Chad",694477,CH,134,88.699,2004.396,225.679,-1.038,0.324,6.164,-1.345,5.419,0.052,0.052,0.201,0.112,0.373,0.416
"Patrick, Chad",694477,FC,890,88.032,2423.52,136.675,0.315,1.02,6.173,-1.472,5.426,0.136,0.13,0.173,0.087,0.324,0.343
"Patrick, Chad",694477,FF,465,94.285,2336.682,213.062,-0.598,1.378,6.135,-1.137,5.649,0.12,0.131,0.159,0.062,0.262,0.316
"Patrick, Chad",694477,SI,487,94.199,2195.78,214.275,-1.285,0.914,6.182,-1.118,5.573,0.045,0.234,0.064,0.109,0.314,0.303
"Patrick, Chad",694477,SL,107,84.207,2441.495,98.346,0.702,0.472,6.218,-1.355,5.557,0.121,0.103,0.112,0.037,0.281,0.356
"Payamps, Joel",606303,FF,162,94.699,2482.654,215.068,-0.559,1.302,6.258,-2.325,5.652,0.068,0.198,0.099,0.062,0.328,0.308
"Payamps, Joel",606303,ST,211,83.587,2796.645,49.934,1.214,-0.136,6.03,-2.564,5.592,0.137,0.19,0.142,0.081,0.371,0.373
"Pearson, Nate",663878,FF,137,97.476,2295.985,210.277,-0.591,1.356,6.817,-1.097,5.576,0.073,0.139,0.117,0.124,0.359,0.291
"Pearson, Nate",663878,SL,107,89.418,2507.813,141.121,0.49,0.241,6.75,-1.175,5.585,0.103,0.187,0.093,0.075,0.393,0.326
"Peguero, Joel",666711,FF,103,99.937,2275.359,214.544,-0.736,1.07,5.256,-0.848,6.097,0.058,0.146,0.126,0.107,0.396,0.245
"Peguero, Joel",666711,SI,108,99.752,2347.204,217.481,-1.224,0.732,5.313,-0.887,6.027,0.037,0.241,0.037,0.083,0.238,0.207
"Peguero, Joel",666711,SL,104,91.633,2673.933,110.01,0.575,0.056,5.513,-1.126,6.046,0.192,0.096,0.163,0.115,0.248,0.351
"Pepiot, Ryan",686752,CH,676,86.77,2505.965,253.627,-1.199,0.179,6.664,-1.02,5.943,0.154,0.095,0.182,0.096,0.264,0.316
"Pepiot, Ryan",686752,FC,171,91.561,2513.883,184.61,0.205,1.161,6.604,-1.028,5.838,0.123,0.152,0.135,0.088,0.256,0.257
"Pepiot, Ryan",686752,FF,1213,95.185,2413.285,204.995,-0.654,1.591,6.751,-0.831,5.927,0.106,0.164,0.108,0.08,0.329,0.303
"Pepiot, Ryan",686752,SL,479,89.048,2590.162,163.59,0.564,0.731,6.589,-1.103,5.87,0.113,0.136,0.152,0.081,0.39,0.343
"Peralta, Freddy",642547,CH,714,88.853,1939.31,245.863,-1.398,0.305,6.737,-3.709,5.095,0.154,0.118,0.214,0.062,0.272,0.273
"Peralta, Freddy",642547,CU,423,79.435,2335.57,59.22,0.401,-0.461,6.71,-3.446,5.397,0.144,0.144,0.175,0.047,0.207,0.296
"Peralta, Freddy",642547,FF,1770,94.759,2441.271,207.823,-0.384,1.396,6.79,-3.374,5.419,0.092,0.174,0.113,0.073,0.351,0.326
"Peralta, Freddy",642547,SL,342,83.711,2430.833,86.953,0.413,0.418,6.721,-3.591,5.189,0.222,0.111,0.181,0.035,0.19,0.251
"Peralta, Luis",678821,CU,118,81.583,2318.966,316.932,-0.867,-0.166,5.916,2.551,5.101,0.119,0.119,0.119,0.068,0.316,0.316
"Peralta, Luis",678821,FF,308,94.587,2232.831,130.006,1.019,1.11,6.088,2.362,5.172,0.058,0.166,0.11,0.11,0.46,0.4
"Peralta, Wandy",593974,CH,402,88.918,2173.092,127.908,1.341,0.42,5.725,0.723,5.897,0.182,0.07,0.261,0.065,0.268,0.308
"Peralta, Wandy",593974,SI,528,95.367,2110.892,135.559,1.312,0.774,5.668,0.414,6.247,0.068,0.193,0.112,0.098,0.363,0.347
"Peralta, Wandy",593974,SL,192,87.949,2242.964,146.719,-0.121,0.434,5.857,0.697,5.972,0.182,0.172,0.141,0.052,0.262,0.317
"Perkins, Jack",678022,FF,267,95.975,2258.273,225.213,-0.962,1.181,6.287,-2.155,5.391,0.105,0.139,0.101,0.09,0.381,0.334
"Perkins, Jack",678022,ST,209,86.284,2745.708,62.904,1.03,0.233,6.243,-2.217,5.236,0.187,0.139,0.201,0.043,0.201,0.226
"Petersen, Michael",656848,FF,183,97.505,2311.486,207.792,-0.643,1.535,6.442,-0.97,6.531,0.131,0.126,0.158,0.109,0.362,0.37
"Petersen, Michael",656848,SL,135,89.217,2302.03,168.074,0.261,0.291,6.522,-1.507,6.213,0.096,0.111,0.156,0.089,0.409,0.413
"Peterson, David",656849,CH,412,84.555,1565.107,121.857,1.215,0.38,7.14,2.2,6.174,0.121,0.097,0.18,0.085,0.314,0.319
"Peterson, David",656849,CU,370,78.688,2361.2,327.549,-0.539,-0.679,6.966,2.232,6.231,0.132,0.2,0.168,0.081,0.299,0.325
"Peterson, David",656849,FF,603,92.258,2132.156,143.305,0.386,1.128,7.222,2.279,6.07,0.088,0.163,0.1,0.081,0.399,0.424
"Peterson, David",656849,SI,798,91.25,2122.475,146.187,1.216,0.652,7.21,2.184,6.157,0.033,0.269,0.083,0.115,0.351,0.318
"Peterson, David",656849,SL,516,84.619,2314.238,280.24,-0.212,-0.003,7.172,2.405,5.966,0.2,0.087,0.233,0.107,0.279,0.393
"Pfaadt, Brandon",694297,CH,457,87.306,2114.004,234.921,-1.34,0.349,6.743,-2.32,5.336,0.127,0.105,0.234,0.09,0.335,0.327
"Pfaadt, Brandon",694297,CU,285,82.037,2673.063,58.098,0.884,-0.692,6.527,-2.181,5.681,0.137,0.182,0.193,0.067,0.374,0.398
"Pfaadt, Brandon",694297,FC,267,89.76,2757.498,186.382,0.188,0.561,6.524,-2.602,5.411,0.045,0.127,0.18,0.109,0.287,0.255
"Pfaadt, Brandon",694297,FF,682,93.614,2568.887,217.112,-0.501,1.294,6.642,-1.934,5.719,0.085,0.164,0.098,0.103,0.431,0.407
"Pfaadt, Brandon",694297,SI,685,93.136,2424.912,224.054,-1.265,0.575,6.647,-2.209,5.523,0.036,0.231,0.073,0.15,0.341,0.377
"Pfaadt, Brandon",694297,ST,542,84.748,2843.176,78.976,0.872,0.432,6.522,-2.321,5.405,0.155,0.111,0.199,0.072,0.321,0.364
"Phillips, Connor",683175,FF,198,98.179,2556.056,218.374,-0.746,1.374,6.017,-1.47,5.878,0.081,0.217,0.071,0.101,0.41,0.35
"Phillips, Connor",683175,ST,183,85.786,2442.852,56.781,1.272,-0.025,5.828,-1.771,5.721,0.24,0.175,0.202,0.049,0.214,0.261
"Phillips, Tyler",663969,CU,257,84.062,2559.039,35.374,0.308,-0.849,6.53,-1.035,6.133,0.175,0.128,0.261,0.078,0.276,0.301
"Phillips, Tyler",663969,FS,152,86.908,1256.526,242.007,-0.972,0.204,6.705,-1.19,5.918,0.145,0.033,0.237,0.079,0.231,0.258
"Phillips, Tyler",663969,SI,350,95.45,2055.357,230.777,-1.414,0.47,6.361,-1.204,5.838,0.046,0.217,0.111,0.154,0.308,0.277
"Phillips, Tyler",663969,ST,251,84.407,2464.072,55.53,0.846,0.049,6.481,-1.377,5.734,0.203,0.163,0.219,0.06,0.289,0.305
"Pilkington, Konnor",663455,CH,108,85.581,1738.593,110.694,1.359,0.057,6.467,2.904,5.591,0.139,0.046,0.259,0.046,0.317,0.299
"Pilkington, Konnor",663455,FF,295,94.48,2359.115,133.864,1.006,1.22,6.578,2.714,5.728,0.075,0.197,0.075,0.078,0.401,0.38
"Pivetta, Nick",601713,CU,647,78.993,2796.059,24.552,0.589,-1.39,6.733,-1.004,6.84,0.068,0.229,0.102,0.108,0.338,0.357
"Pivetta, Nick",601713,FC,255,90.347,2348.584,172.569,0.355,0.931,6.763,-1.221,6.738,0.051,0.208,0.114,0.098,0.332,0.293
"Pivetta, Nick",601713,FF,1396,93.835,2323.671,192.353,-0.235,1.644,6.867,-1.006,6.799,0.112,0.178,0.138,0.1,0.321,0.328
"Pivetta, Nick",601713,ST,539,81.909,2440.82,73.442,1.097,0.265,6.725,-1.274,6.699,0.18,0.117,0.186,0.046,0.208,0.263
"Poche, Colin",621363,FF,175,92.163,2233.68,169.96,0.17,1.638,7.353,1.486,6.121,0.069,0.217,0.08,0.091,0.35,0.306
"Pomeranz, Drew",519141,FF,683,92.815,2640.65,163.455,0.108,1.436,5.794,2.316,6.207,0.117,0.192,0.114,0.088,0.309,0.323
"Pomeranz, Drew",519141,KC,203,83.877,2302.355,332.951,-0.336,-0.908,5.734,2.364,6.205,0.118,0.094,0.158,0.064,0.222,0.274
"Poulin, PJ",676571,FF,186,90.846,2189.892,111.177,1.245,0.76,6.513,2.418,4.426,0.048,0.237,0.07,0.091,0.319,0.332
"Poulin, PJ",676571,ST,101,78.647,2397.059,276.861,-0.787,0.466,6.583,2.56,4.291,0.158,0.139,0.168,0.069,0.35,0.356
"Povich, Cade",700249,CH,296,83.633,1145.301,120.581,0.91,0.31,6.243,1.824,5.889,0.149,0.064,0.196,0.061,0.316,0.339
"Povich, Cade",700249,CU,430,78.87,2570.102,322.521,-0.815,-1.206,6.115,1.832,5.973,0.123,0.184,0.188,0.077,0.302,0.32
"Povich, Cade",700249,FF,733,92.228,2356.149,140.202,0.874,1.447,6.212,1.75,6.012,0.072,0.214,0.093,0.09,0.402,0.384
"Povich, Cade",700249,SI,242,91.888,2198.847,140.748,1.312,1.015,6.238,1.728,5.971,0.079,0.236,0.087,0.107,0.322,0.419
"Povich, Cade",700249,ST,203,82.687,2456.783,311.616,-0.863,-0.024,6.095,1.788,5.935,0.084,0.123,0.123,0.123,0.412,0.369
"Pressly, Ryan",519151,CU,159,81.325,3238.654,33.333,1.36,-0.997,6.148,-0.66,5.958,0.107,0.189,0.145,0.082,0.337,0.422
"Pressly, Ryan",519151,FF,239,93.369,2574.351,196.109,0.015,1.33,6.435,-0.558,5.877,0.042,0.238,0.071,0.146,0.356,0.358
"Pressly, Ryan",519151,SL,134,88.775,2703.836,134.187,0.396,0.219,6.296,-0.558,5.957,0.09,0.134,0.149,0.134,0.353,0.35
"Priester, Quinn",682990,CU,234,80.989,2658.231,46.316,0.382,-0.722,6.332,-1.676,6.178,0.179,0.137,0.222,0.064,0.23,0.291
"Priester, Quinn",682990,FC,545,92.298,2354.695,201.372,0.051,0.93,6.368,-1.815,6.091,0.09,0.147,0.101,0.081,0.327,0.343
"Priester, Quinn",682990,SI,1062,93.899,2043.577,218.55,-1.224,0.595,6.432,-1.69,6.019,0.045,0.218,0.082,0.097,0.338,0.327
"Priester, Quinn",682990,SL,687,86.1,2470.009,96.141,0.342,-0.041,6.382,-1.734,6.074,0.172,0.115,0.197,0.087,0.265,0.268
"Pérez, Cionel",672335,SI,186,95.61,2107.758,147.548,1.223,0.629,5.972,1.243,5.594,0.038,0.247,0.091,0.086,0.381,0.239
"Pérez, Cionel",672335,SL,100,88.212,2353.4,263.66,-0.47,0.242,5.979,1.298,5.531,0.17,0.1,0.15,0.09,0.223,0.245
"Pérez, Eury",691587,CH,131,89.681,1741.924,233.954,-1.251,0.691,6.565,-1.992,5.703,0.168,0.0,0.237,0.008,0.068,0.165
"Pérez, Eury",691587,CU,154,79.87,2827.221,51.617,0.876,-0.618,6.536,-1.753,6.07,0.078,0.208,0.162,0.078,0.325,0.335
"Pérez, Eury",691587,FF,859,97.893,2685.919,215.705,-0.854,1.472,6.461,-1.713,6.0,0.107,0.148,0.108,0.099,0.318,0.301
"Pérez, Eury",691587,SL,366,86.084,2487.194,142.612,0.127,0.317,6.487,-1.97,5.703,0.191,0.115,0.164,0.082,0.236,0.267
"Pérez, Eury",691587,ST,130,82.775,2547.338,103.208,0.813,0.73,6.442,-1.948,5.741,0.185,0.2,0.123,0.038,0.156,0.213
"Pérez, Martín",527048,CH,260,82.272,1649.558,125.342,1.208,0.773,6.102,1.165,5.632,0.138,0.092,0.185,0.081,0.29,0.272
"Pérez, Martín",527048,FC,255,85.993,2219.635,157.027,-0.047,0.923,6.013,1.203,5.657,0.067,0.204,0.075,0.09,0.419,0.41
"Pérez, Martín",527048,SI,280,89.559,1987.432,134.15,1.32,0.799,6.034,1.032,5.703,0.043,0.236,0.121,0.086,0.348,0.292
"Quantrill, Cal",615698,CU,233,80.033,2527.348,45.554,0.334,-0.573,6.206,-1.056,6.499,0.107,0.107,0.185,0.107,0.299,0.264
"Quantrill, Cal",615698,FC,432,88.913,2304.53,195.023,0.183,0.708,6.269,-1.279,6.318,0.1,0.204,0.1,0.127,0.399,0.373
"Quantrill, Cal",615698,FF,301,93.655,2145.485,215.03,-0.782,1.407,6.353,-1.043,6.417,0.083,0.156,0.136,0.06,0.313,0.3
"Quantrill, Cal",615698,FS,419,86.342,1122.986,237.153,-0.973,0.5,6.431,-1.289,6.301,0.107,0.045,0.222,0.117,0.311,0.337
"Quantrill, Cal",615698,SI,442,93.651,2104.425,222.4,-1.225,1.097,6.373,-1.504,6.215,0.052,0.262,0.111,0.075,0.375,0.334
"Quantrill, Cal",615698,SL,168,85.007,2440.857,106.274,0.286,-0.034,6.281,-1.249,6.312,0.071,0.149,0.155,0.167,0.537,0.454
"Quintana, Jose",500779,CH,498,85.64,1358.135,123.554,1.224,0.315,6.44,2.281,5.745,0.072,0.08,0.229,0.074,0.333,0.333
"Quintana, Jose",500779,CU,310,78.227,2180.926,300.319,-0.493,-0.523,6.467,2.243,5.757,0.09,0.142,0.181,0.097,0.383,0.359
"Quintana, Jose",500779,FF,268,90.488,2100.463,150.507,0.379,1.339,6.572,2.182,5.762,0.093,0.119,0.16,0.075,0.353,0.301
"Quintana, Jose",500779,SI,994,90.562,2096.985,150.158,1.15,1.008,6.569,2.193,5.722,0.036,0.275,0.074,0.097,0.371,0.344
"Quintana, Jose",500779,SV,202,78.652,2202.351,298.703,-0.831,-0.066,6.553,2.263,5.657,0.163,0.094,0.193,0.04,0.238,0.23
"Ragans, Cole",666142,CH,207,84.4,2069.961,119.425,1.351,0.955,6.269,1.285,6.086,0.261,0.111,0.145,0.048,0.202,0.266
"Ragans, Cole",666142,FF,534,95.262,2573.14,134.412,1.149,1.414,6.154,1.189,6.22,0.131,0.157,0.146,0.056,0.287,0.309
"Ragans, Cole",666142,KC,138,80.088,2462.283,329.319,-0.961,-1.088,6.059,1.307,6.225,0.08,0.239,0.087,0.058,0.284,0.407
"Ragans, Cole",666142,SL,149,84.715,2651.497,295.282,-0.153,-0.206,6.138,1.461,6.068,0.215,0.114,0.188,0.06,0.199,0.388
"Rainey, Tanner",663432,FF,106,95.284,2403.349,209.642,-0.699,1.541,6.339,-2.502,6.13,0.057,0.113,0.075,0.066,0.435,0.432
"Raley, Brooks",548384,ST,163,81.316,2919.853,284.393,-1.33,0.419,5.966,3.287,5.404,0.104,0.196,0.117,0.104,0.225,0.273
"Ramírez, Yohan",670990,CU,116,83.848,2465.922,44.94,1.073,-0.644,7.083,-1.654,5.6,0.155,0.181,0.147,0.043,0.214,0.294
"Ramírez, Yohan",670990,FF,270,96.408,2341.237,231.841,-0.876,1.127,7.133,-2.097,5.141,0.093,0.189,0.089,0.096,0.416,0.421
"Ramírez, Yohan",670990,ST,147,83.237,2609.673,57.776,1.44,0.039,7.164,-2.32,5.374,0.177,0.156,0.19,0.054,0.243,0.26
"Rashi, Taylor",688497,FF,178,90.002,2201.27,180.494,0.199,1.403,6.819,-0.086,6.354,0.067,0.236,0.096,0.079,0.361,0.406
"Rasmussen, Drew",656876,FC,728,90.292,2706.99,153.816,0.378,0.321,6.569,-1.965,5.91,0.132,0.124,0.166,0.102,0.268,0.275
"Rasmussen, Drew",656876,FF,816,95.806,2480.882,200.638,-0.342,1.445,6.609,-1.648,6.057,0.099,0.19,0.127,0.083,0.289,0.314
"Rasmussen, Drew",656876,SI,531,95.4,2417.96,211.659,-1.198,1.094,6.634,-1.864,5.783,0.051,0.207,0.104,0.094,0.307,0.327
"Rasmussen, Drew",656876,ST,109,84.604,2703.798,47.44,1.001,-0.176,6.596,-2.143,5.699,0.092,0.046,0.165,0.092,0.347,0.379
"Ray, Robbie",592662,CH,399,84.848,1650.396,151.822,0.954,0.977,6.11,2.848,6.081,0.158,0.105,0.19,0.065,0.319,0.316
"Ray, Robbie",592662,FF,1593,93.581,2359.777,147.287,0.687,1.514,6.15,2.571,6.225,0.105,0.166,0.114,0.08,0.302,0.298
"Ray, Robbie",592662,KC,370,81.198,2184.665,318.414,-0.132,-0.448,5.927,2.822,6.115,0.13,0.192,0.159,0.059,0.349,0.375
"Ray, Robbie",592662,SL,693,87.909,2269.139,148.177,0.041,0.765,6.11,2.662,6.152,0.15,0.094,0.157,0.133,0.27,0.285
"Rea, Colin",607067,CH,316,87.394,1415.528,251.009,-1.108,-0.018,6.637,-1.667,5.601,0.149,0.047,0.228,0.085,0.36,0.38
"Rea, Colin",607067,CU,251,80.424,2204.227,57.733,0.844,-0.621,6.452,-1.643,5.702,0.076,0.295,0.076,0.04,0.301,0.319
"Rea, Colin",607067,FC,202,88.238,2210.074,179.465,0.151,0.65,6.61,-1.638,5.566,0.05,0.193,0.163,0.079,0.295,0.257
"Rea, Colin",607067,FF,1090,93.906,2194.338,219.234,-0.709,1.17,6.677,-1.644,5.542,0.066,0.215,0.092,0.114,0.363,0.345
"Rea, Colin",607067,SI,286,93.021,2152.825,215.052,-1.215,0.702,6.689,-1.644,5.53,0.045,0.122,0.189,0.126,0.337,0.315
"Rea, Colin",607067,SL,264,85.28,2216.197,92.254,0.329,-0.139,6.616,-1.646,5.547,0.174,0.144,0.17,0.087,0.294,0.368
"Rea, Colin",607067,ST,245,82.835,2449.069,70.743,1.146,0.171,6.518,-1.705,5.542,0.135,0.11,0.196,0.053,0.228,0.275
"Reynolds, Sean",669308,FF,256,95.953,2442.426,214.754,-0.845,1.406,6.73,-1.272,6.656,0.098,0.141,0.082,0.09,0.478,0.429
"Reynolds, Sean",669308,SL,158,87.139,2408.93,117.411,0.479,0.0,6.598,-1.551,6.445,0.051,0.228,0.076,0.044,0.271,0.23
"Ribalta, Orlando",687377,CH,105,85.451,1934.133,225.086,-0.669,1.102,6.533,-1.846,6.299,0.219,0.048,0.152,0.029,0.235,0.382
"Ribalta, Orlando",687377,FF,184,96.427,2649.69,212.103,-0.627,1.522,6.397,-1.717,6.448,0.098,0.152,0.12,0.06,0.337,0.264
"Ribalta, Orlando",687377,SL,117,87.352,2251.077,169.598,0.271,0.271,6.396,-1.854,6.398,0.111,0.188,0.128,0.111,0.413,0.295
"Richardson, Lyon",680689,CH,273,86.567,1791.553,243.674,-1.306,0.194,5.803,-1.467,5.399,0.117,0.158,0.147,0.114,0.362,0.369
"Richardson, Lyon",680689,FF,138,95.666,2374.058,221.42,-0.826,1.221,5.691,-1.247,5.699,0.051,0.145,0.101,0.058,0.332,0.399
"Richardson, Lyon",680689,SI,196,95.054,2288.526,227.75,-1.4,0.668,5.739,-1.308,5.472,0.046,0.316,0.092,0.097,0.339,0.284
"Robert, Daniel",642016,ST,106,84.102,2762.34,74.585,1.052,0.176,5.992,-2.185,6.107,0.142,0.16,0.132,0.075,0.255,0.352
"Robertson, David",502085,FC,162,91.756,2683.34,183.247,0.325,1.174,6.564,-2.728,5.912,0.062,0.228,0.074,0.08,0.335,0.346
"Robertson, David",502085,KC,108,84.523,2679.657,41.602,0.617,-0.947,6.502,-2.726,5.959,0.12,0.111,0.259,0.065,0.243,0.267
"Rocker, Kumar",677958,FC,286,90.05,2220.61,199.881,0.108,0.44,6.68,-2.241,5.765,0.189,0.108,0.22,0.084,0.289,0.339
"Rocker, Kumar",677958,FF,228,95.821,2192.533,227.849,-0.926,0.967,6.846,-2.247,5.543,0.083,0.162,0.136,0.132,0.415,0.368
"Rocker, Kumar",677958,SI,293,95.577,2149.142,229.053,-1.393,0.516,6.885,-2.246,5.525,0.038,0.181,0.061,0.123,0.402,0.35
"Rocker, Kumar",677958,SL,180,84.209,2182.573,70.747,0.147,-0.158,6.96,-1.988,5.908,0.194,0.128,0.194,0.05,0.283,0.361
"Rodriguez, Eduardo",593958,CH,531,85.936,1933.646,131.292,1.328,0.508,6.428,1.219,5.905,0.137,0.06,0.264,0.055,0.315,0.322
"Rodriguez, Eduardo",593958,CU,121,79.422,2335.818,303.347,-0.443,-0.557,6.439,1.14,5.979,0.091,0.207,0.174,0.074,0.266,0.295
"Rodriguez, Eduardo",593958,FC,403,89.235,2263.784,162.643,-0.087,0.787,6.355,1.253,5.855,0.092,0.174,0.132,0.084,0.338,0.322
"Rodriguez, Eduardo",593958,FF,1207,92.026,2304.652,153.646,0.463,1.243,6.313,1.208,5.902,0.087,0.194,0.11,0.08,0.338,0.357
"Rodriguez, Eduardo",593958,SI,227,91.463,2283.885,158.278,1.006,1.023,6.364,1.067,5.998,0.048,0.163,0.154,0.115,0.306,0.307
"Rodríguez, Elvin",660730,FF,154,94.396,2460.916,204.532,-0.518,1.612,6.607,-1.736,6.02,0.097,0.169,0.136,0.11,0.446,0.359
"Rodríguez, Manuel",655889,SI,147,97.229,2181.667,209.701,-1.184,0.799,6.59,-0.846,5.486,0.088,0.19,0.163,0.122,0.294,0.301
"Rodríguez, Manuel",655889,SL,214,89.416,2358.332,106.037,0.313,0.0,6.585,-0.739,5.574,0.131,0.14,0.215,0.079,0.242,0.293
"Rodríguez, Randy",678495,FF,448,97.377,2664.078,205.701,-0.453,1.52,6.622,-2.595,5.531,0.109,0.174,0.103,0.049,0.242,0.29
"Rodríguez, Randy",678495,SL,360,86.278,2785.053,69.486,0.901,0.193,6.533,-2.714,5.509,0.183,0.156,0.194,0.083,0.257,0.306
"Rodríguez, Yariel",684320,FF,491,95.688,2444.585,214.611,-0.337,1.118,6.437,-1.717,5.738,0.069,0.159,0.069,0.069,0.376,0.302
"Rodríguez, Yariel",684320,FS,143,89.356,1605.014,235.301,-1.283,0.41,6.65,-1.544,5.871,0.07,0.035,0.182,0.063,0.251,0.31
"Rodríguez, Yariel",684320,SL,510,85.697,2764.602,67.425,0.572,0.042,6.226,-1.75,5.696,0.173,0.153,0.184,0.055,0.261,0.285
"Rodón, Carlos",607074,CH,549,85.025,1648.934,133.754,1.049,0.31,6.166,2.367,6.263,0.171,0.055,0.266,0.093,0.268,0.298
"Rodón, Carlos",607074,CU,123,80.334,2717.195,321.756,-0.608,-1.086,6.043,2.15,6.491,0.073,0.171,0.122,0.016,0.233,0.228
"Rodón, Carlos",607074,FF,1418,94.113,2345.269,143.439,0.895,1.465,6.111,2.148,6.45,0.073,0.225,0.096,0.068,0.343,0.292
"Rodón, Carlos",607074,SI,323,91.975,2255.012,134.478,1.212,0.524,6.022,2.376,6.321,0.124,0.115,0.176,0.084,0.344,0.319
"Rodón, Carlos",607074,SL,952,85.905,2631.046,278.353,-0.457,-0.065,5.934,2.56,6.237,0.182,0.168,0.175,0.067,0.222,0.283
"Rogers, Taylor",573124,SI,445,92.718,2167.802,129.407,1.422,0.672,5.759,1.829,5.662,0.04,0.231,0.07,0.117,0.413,0.379
"Rogers, Taylor",573124,ST,462,78.182,2839.792,290.252,-1.357,0.037,5.707,1.997,5.608,0.16,0.182,0.167,0.05,0.204,0.235
"Rogers, Trevor",669432,CH,407,86.248,1480.364,114.098,1.152,0.054,6.826,2.094,5.729,0.143,0.079,0.211,0.145,0.295,0.314
"Rogers, Trevor",669432,FC,191,81.23,2193.152,220.131,-0.418,0.278,6.661,2.198,5.779,0.162,0.178,0.173,0.042,0.228,0.163
"Rogers, Trevor",669432,FF,665,93.046,2409.955,128.484,0.955,1.222,6.62,2.124,5.85,0.122,0.177,0.092,0.083,0.275,0.291
"Rogers, Trevor",669432,SI,242,92.83,2342.822,129.562,1.487,0.668,6.697,2.058,5.814,0.045,0.202,0.091,0.149,0.399,0.41
"Rogers, Trevor",669432,ST,122,78.303,2051.508,240.361,-0.618,0.664,6.63,2.29,5.623,0.197,0.139,0.139,0.082,0.131,0.164
"Rogers, Tyler",643511,SI,729,83.487,1973.004,324.48,-0.124,-1.084,6.08,-3.815,1.321,0.064,0.207,0.095,0.114,0.274,0.298
"Rogers, Tyler",643511,SL,249,74.057,2424.831,121.402,0.91,1.154,6.053,-3.814,1.362,0.129,0.173,0.181,0.044,0.201,0.286
"Rolison, Ryan",669020,CU,226,79.505,2654.159,323.854,-0.664,-0.95,6.412,1.93,6.027,0.097,0.155,0.159,0.097,0.337,0.343
"Rolison, Ryan",669020,FF,315,92.857,2323.159,159.898,0.075,0.997,6.544,1.993,5.914,0.07,0.175,0.079,0.092,0.395,0.334
"Rolison, Ryan",669020,SL,112,85.462,2519.027,292.786,-0.331,-0.177,6.405,2.168,5.862,0.045,0.214,0.125,0.125,0.361,0.338
"Romano, Jordan",605447,FF,258,95.479,2268.295,207.543,-0.608,1.492,7.522,-2.068,6.114,0.085,0.217,0.093,0.062,0.387,0.395
"Romano, Jordan",605447,SL,443,85.829,1982.677,89.474,0.19,-0.026,7.325,-2.154,6.113,0.138,0.156,0.12,0.095,0.28,0.283
"Romero, JoJo",668941,CH,223,87.261,1387.206,105.798,1.177,0.032,5.394,1.885,5.435,0.13,0.054,0.215,0.054,0.262,0.264
"Romero, JoJo",668941,SI,319,93.683,2173.602,120.545,1.457,0.225,5.386,1.968,5.346,0.044,0.307,0.047,0.097,0.398,0.333
"Romero, JoJo",668941,ST,375,82.993,2816.107,302.712,-1.092,-0.071,5.31,2.025,5.377,0.141,0.24,0.133,0.051,0.242,0.285
"Ross, Joe",605452,FF,307,94.245,2221.505,209.345,-0.24,0.935,6.725,-2.223,5.834,0.117,0.16,0.081,0.065,0.381,0.334
"Ross, Joe",605452,SI,246,94.615,2172.691,210.683,-1.083,0.801,6.742,-2.063,5.888,0.049,0.179,0.106,0.114,0.346,0.308
"Ross, Joe",605452,SL,190,87.222,1957.211,166.216,0.24,0.252,6.742,-2.191,5.737,0.147,0.095,0.174,0.105,0.367,0.371
"Roupp, Landen",694738,CH,315,86.63,1826.937,263.041,-1.331,-0.195,6.306,-2.546,5.221,0.137,0.06,0.314,0.089,0.292,0.308
"Roupp, Landen",694738,CU,660,76.718,3028.536,57.088,1.549,-0.548,6.127,-2.395,5.626,0.152,0.186,0.188,0.044,0.267,0.279
"Roupp, Landen",694738,FC,124,90.325,2323.669,215.492,-0.224,0.686,6.306,-2.351,5.411,0.129,0.097,0.121,0.097,0.396,0.377
"Roupp, Landen",694738,SI,739,92.756,2100.459,241.72,-1.495,0.254,6.409,-2.278,5.274,0.03,0.272,0.061,0.099,0.368,0.359
"Roycroft, Chris",688297,FF,112,95.652,2196.536,235.902,-0.591,0.751,6.886,-1.815,5.061,0.143,0.045,0.25,0.08,0.288,0.278
"Roycroft, Chris",688297,SI,190,95.357,2134.884,251.879,-1.388,0.307,6.975,-1.853,4.861,0.074,0.2,0.137,0.116,0.391,0.346
"Ruiz, José",614179,FF,115,95.668,2305.348,208.426,-0.507,1.452,6.11,-1.333,6.4,0.104,0.122,0.104,0.104,0.442,0.397
"Rutledge, Jackson",671131,FC,175,88.962,2177.091,195.891,0.146,0.553,6.388,-2.349,6.013,0.154,0.166,0.189,0.069,0.449,0.437
"Rutledge, Jackson",671131,FF,250,95.613,2384.516,223.544,-0.876,1.281,6.337,-2.213,6.156,0.108,0.108,0.124,0.108,0.37,0.341
"Rutledge, Jackson",671131,FS,126,85.238,1375.429,240.841,-1.136,0.168,6.427,-2.231,6.019,0.135,0.048,0.175,0.04,0.203,0.204
"Rutledge, Jackson",671131,SI,437,95.24,2265.288,232.888,-1.416,0.772,6.344,-2.268,5.994,0.043,0.204,0.092,0.144,0.375,0.329
"Rutledge, Jackson",671131,SL,351,85.27,2049.575,91.35,0.128,0.007,6.321,-2.156,6.108,0.171,0.131,0.165,0.071,0.245,0.318
"Ryan, Joe",657746,FF,1404,93.659,2294.835,227.692,-1.051,1.141,6.799,-2.471,4.772,0.129,0.168,0.088,0.085,0.279,0.286
"Ryan, Joe",657746,FS,310,87.61,2014.49,244.794,-1.271,0.095,6.647,-2.507,4.875,0.081,0.081,0.161,0.097,0.337,0.346
"Ryan, Joe",657746,KC,109,79.136,2817.248,56.404,1.039,-0.813,6.539,-2.485,5.067,0.193,0.083,0.211,0.083,0.245,0.356
"Ryan, Joe",657746,SI,346,93.203,2141.058,232.066,-1.368,0.709,6.752,-2.425,4.739,0.064,0.211,0.075,0.078,0.333,0.305
"Ryan, Joe",657746,SL,258,87.913,2333.465,212.5,0.005,0.558,6.635,-2.547,4.794,0.097,0.136,0.14,0.081,0.323,0.337
"Ryan, Joe",657746,ST,367,80.647,2783.044,65.703,1.312,0.014,6.626,-2.566,4.81,0.139,0.177,0.161,0.052,0.232,0.274
"Saalfrank, Andrew",685314,CU,191,79.657,2201.817,337.031,-0.678,-0.779,6.187,0.833,6.275,0.141,0.199,0.157,0.068,0.266,0.29
"Saalfrank, Andrew",685314,SI,195,89.302,2300.005,158.928,0.656,0.415,6.04,0.983,6.276,0.113,0.144,0.108,0.103,0.342,0.303
"Sabrowski, Erik",681870,FF,365,93.946,2634.381,150.14,0.809,1.65,6.767,1.285,5.993,0.142,0.159,0.088,0.044,0.278,0.244
"Salazar, Eduardo",674285,FF,119,95.275,2168.866,222.866,-0.893,1.107,6.782,-1.636,5.728,0.067,0.067,0.109,0.092,0.369,0.311
"Salazar, Eduardo",674285,SI,245,94.349,2011.327,230.951,-1.323,0.474,6.704,-1.96,5.43,0.041,0.212,0.09,0.143,0.396,0.34
"Salazar, Eduardo",674285,SL,173,87.507,2026.277,39.497,0.432,-0.027,6.629,-1.893,5.577,0.179,0.121,0.179,0.064,0.331,0.375
"Sale, Chris",519242,CH,154,86.836,1831.325,92.351,1.376,-0.03,6.612,3.156,4.6,0.104,0.11,0.182,0.091,0.302,0.313
"Sale, Chris",519242,FF,846,94.835,2265.826,109.667,1.247,0.775,6.696,3.095,4.957,0.082,0.199,0.095,0.078,0.348,0.375
"Sale, Chris",519242,SL,960,79.074,2355.713,308.731,-0.879,-0.242,6.406,3.104,4.84,0.185,0.169,0.195,0.052,0.196,0.281
"Sandlin, Nick",680704,SL,141,78.392,2602.177,89.34,1.224,0.636,6.734,-2.631,4.106,0.206,0.213,0.191,0.064,0.296,0.29
"Sands, Cole",663485,CU,213,81.682,2938.676,48.169,1.398,-0.472,5.697,-2.608,5.552,0.08,0.235,0.108,0.038,0.22,0.264
"Sands, Cole",663485,FC,272,89.476,2436.537,197.298,0.169,0.663,5.779,-2.524,5.694,0.11,0.169,0.125,0.121,0.363,0.315
"Sands, Cole",663485,FF,304,95.023,2354.359,226.24,-0.94,1.136,5.816,-2.613,5.635,0.109,0.161,0.079,0.092,0.326,0.351
"Sands, Cole",663485,FS,247,88.208,1524.745,247.955,-1.196,0.044,5.804,-2.58,5.566,0.113,0.073,0.227,0.13,0.244,0.272
"Sands, Cole",663485,SI,103,93.989,2241.524,227.553,-1.367,0.575,5.854,-2.593,5.593,0.049,0.214,0.107,0.097,0.421,0.35
"Sanoja, Javier",691594,FA,168,62.572,1579.274,245.512,-0.873,0.952,4.076,-2.218,5.156,0.048,0.101,0.149,0.143,0.437,0.371
"Santana, Dennis",642701,FC,103,90.649,2549.149,203.624,0.078,0.861,6.103,-2.071,5.831,0.097,0.34,0.039,0.058,0.345,0.375
"Santana, Dennis",642701,FF,287,94.682,2439.225,223.886,-0.909,1.203,6.079,-2.07,5.78,0.063,0.202,0.091,0.118,0.36,0.281
"Santana, Dennis",642701,SL,466,86.959,2484.637,166.369,0.24,0.237,6.152,-2.122,5.75,0.202,0.142,0.227,0.075,0.236,0.266
"Santillan, Tony",663574,FF,812,96.257,2347.243,227.107,-0.971,1.111,5.93,-2.334,5.361,0.097,0.143,0.095,0.087,0.343,0.346
"Santillan, Tony",663574,SL,165,86.538,2214.636,34.594,0.577,0.186,5.815,-2.41,5.488,0.158,0.158,0.115,0.042,0.273,0.268
"Santillan, Tony",663574,SV,280,86.105,2190.604,31.679,0.887,-0.479,5.808,-2.421,5.373,0.161,0.157,0.179,0.064,0.277,0.341
"Sasaki, Roki",808963,FF,357,96.585,2103.202,225.527,-0.858,1.206,7.073,-2.306,6.113,0.056,0.202,0.078,0.137,0.416,0.308
"Sasaki, Roki",808963,FO,271,85.334,509.59,304.838,-0.16,-0.331,7.154,-2.193,6.158,0.166,0.092,0.221,0.059,0.253,0.285
"Saucedo, Tayler",642048,SI,115,90.897,2262.583,120.635,1.421,0.328,6.489,2.234,5.516,0.026,0.209,0.104,0.183,0.38,0.312
"Sauer, Matt",669422,FC,163,89.951,2533.141,173.393,0.387,0.634,6.487,-2.545,5.931,0.098,0.141,0.129,0.104,0.347,0.319
"Sauer, Matt",669422,FF,112,94.15,2183.491,209.232,-0.439,1.364,6.545,-2.285,5.998,0.089,0.152,0.116,0.08,0.32,0.403
"Scherzer, Max",453286,CH,222,85.005,1356.676,244.005,-1.193,0.397,6.493,-3.097,5.444,0.072,0.104,0.167,0.131,0.33,0.33
"Scherzer, Max",453286,CU,197,76.831,2697.563,61.071,0.98,-0.55,6.339,-2.914,5.713,0.117,0.213,0.173,0.102,0.355,0.381
"Scherzer, Max",453286,FF,775,93.728,2398.975,216.497,-0.731,1.351,6.227,-2.969,5.691,0.081,0.188,0.083,0.086,0.369,0.307
"Scherzer, Max",453286,SL,380,86.406,2405.077,162.633,0.31,0.32,6.211,-3.072,5.547,0.184,0.108,0.213,0.1,0.277,0.309
"Schlittler, Cam",693645,CU,208,83.253,2594.216,34.745,0.571,-1.044,6.325,-1.684,6.451,0.087,0.159,0.139,0.062,0.269,0.328
"Schlittler, Cam",693645,FC,294,92.334,2504.986,146.252,0.589,0.459,6.312,-1.914,6.384,0.102,0.146,0.143,0.061,0.305,0.344
"Schlittler, Cam",693645,FF,784,98.054,2426.907,206.754,-0.499,1.363,6.349,-1.848,6.404,0.124,0.163,0.136,0.066,0.309,0.336
"Schlittler, Cam",693645,SI,118,97.919,2250.373,205.627,-1.084,0.999,6.387,-1.824,6.373,0.085,0.203,0.127,0.076,0.272,0.352
"Schmidt, Clarke",657376,FC,501,92.183,2744.589,202.577,0.092,0.792,6.133,-1.433,5.665,0.116,0.162,0.094,0.076,0.306,0.268
"Schmidt, Clarke",657376,KC,223,85.017,3112.184,45.951,0.777,-1.146,5.919,-1.251,5.797,0.112,0.148,0.152,0.072,0.213,0.308
"Schmidt, Clarke",657376,SI,102,92.634,2604.314,229.657,-1.01,0.346,6.248,-1.751,5.337,0.069,0.235,0.108,0.157,0.408,0.362
"Schmidt, Clarke",657376,SL,158,85.276,3036.816,95.81,0.737,0.38,6.185,-1.895,5.366,0.108,0.241,0.095,0.082,0.247,0.187
"Schmidt, Clarke",657376,ST,149,83.105,3144.302,60.067,1.398,-0.11,6.132,-1.796,5.37,0.161,0.101,0.235,0.04,0.201,0.194
"Schreiber, John",670167,FC,196,89.486,2476.781,204.24,0.051,0.472,6.478,-2.691,4.563,0.087,0.209,0.133,0.066,0.314,0.268
"Schreiber, John",670167,FF,331,93.78,2256.985,239.994,-0.903,0.891,6.528,-2.563,4.646,0.172,0.121,0.115,0.069,0.289,0.381
"Schreiber, John",670167,SI,203,93.261,2236.473,246.468,-1.412,-0.053,6.586,-2.621,4.524,0.049,0.217,0.089,0.133,0.333,0.332
"Schreiber, John",670167,ST,296,82.363,2580.0,67.351,1.269,0.058,6.435,-2.764,4.396,0.068,0.172,0.135,0.068,0.339,0.313
"Schultz, Paxton",687606,FC,129,88.869,2213.202,188.023,0.181,0.919,6.055,-2.494,5.76,0.132,0.209,0.116,0.07,0.264,0.288
"Schultz, Paxton",687606,FF,166,93.781,2254.681,211.819,-0.637,1.411,6.06,-2.328,5.866,0.114,0.205,0.127,0.072,0.374,0.404
"Schwellenbach, Spencer",680885,CU,180,81.041,2301.128,48.006,0.677,-0.601,6.948,-2.148,5.248,0.117,0.211,0.167,0.044,0.309,0.434
"Schwellenbach, Spencer",680885,FC,177,94.098,2301.864,198.537,0.047,0.916,6.896,-2.146,5.472,0.079,0.147,0.096,0.073,0.301,0.239
"Schwellenbach, Spencer",680885,FF,555,97.089,2318.213,216.034,-0.453,1.236,6.886,-2.118,5.481,0.121,0.232,0.074,0.117,0.328,0.37
"Schwellenbach, Spencer",680885,FS,218,84.65,1368.17,248.064,-0.786,0.017,7.097,-2.117,5.265,0.229,0.041,0.321,0.069,0.226,0.369
"Schwellenbach, Spencer",680885,SI,158,95.551,2179.614,215.81,-1.266,0.618,6.978,-2.169,5.374,0.057,0.222,0.165,0.082,0.337,0.304
"Schwellenbach, Spencer",680885,SL,285,86.994,2349.642,60.34,0.21,-0.185,7.026,-2.082,5.382,0.175,0.102,0.204,0.112,0.266,0.327
"Scott, Tanner",656945,FF,470,96.519,2550.377,142.63,0.516,1.392,6.217,2.439,5.276,0.117,0.128,0.119,0.109,0.332,0.338
"Scott, Tanner",656945,SL,429,88.935,2632.625,244.895,-0.471,0.08,6.21,2.539,5.196,0.193,0.154,0.214,0.079,0.297,0.351
"Scott, Tayler",605463,FF,256,91.959,2083.629,245.078,-1.209,0.862,5.755,-3.675,4.846,0.086,0.16,0.098,0.078,0.402,0.313
"Scott, Tayler",605463,FS,155,83.91,1410.142,271.361,-0.714,-0.369,5.743,-3.727,4.574,0.168,0.11,0.265,0.065,0.247,0.333
"Sears, JP",676664,CH,354,83.392,1506.277,106.811,1.371,0.301,6.36,1.338,4.707,0.079,0.09,0.133,0.076,0.317,0.299
"Sears, JP",676664,FF,949,92.198,2017.713,131.278,0.989,1.173,6.399,1.112,5.02,0.083,0.154,0.111,0.098,0.349,0.341
"Sears, JP",676664,SI,160,90.417,1899.262,123.006,1.314,0.633,6.448,1.257,4.753,0.044,0.181,0.106,0.119,0.358,0.351
"Sears, JP",676664,SL,161,80.718,2298.416,249.41,-0.305,0.799,6.396,1.365,4.691,0.112,0.186,0.106,0.099,0.329,0.3
"Sears, JP",676664,ST,640,79.232,2315.031,265.241,-1.041,0.543,6.361,1.406,4.694,0.097,0.241,0.112,0.069,0.272,0.273
"Senga, Kodai",673540,FC,389,89.594,2469.393,201.776,-0.079,0.72,6.362,-1.952,5.971,0.064,0.211,0.087,0.126,0.379,0.303
"Senga, Kodai",673540,FF,597,94.678,2380.01,217.723,-0.636,1.372,6.379,-2.057,5.932,0.079,0.193,0.072,0.102,0.359,0.345
"Senga, Kodai",673540,FO,542,82.51,1192.624,250.685,-0.829,0.056,6.309,-2.102,5.937,0.218,0.052,0.332,0.046,0.206,0.264
"Senga, Kodai",673540,SI,114,88.604,2210.202,226.982,-1.316,0.554,6.301,-2.151,5.886,0.044,0.088,0.123,0.053,0.452,0.328
"Senga, Kodai",673540,ST,148,80.045,2553.669,42.676,0.69,-0.19,6.233,-2.004,5.857,0.054,0.223,0.074,0.068,0.347,0.332
"Senzatela, Antonio",622608,CH,180,87.611,2200.478,213.806,-0.796,0.567,6.081,-2.392,5.983,0.083,0.111,0.15,0.089,0.498,0.445
"Senzatela, Antonio",622608,CU,339,80.394,2462.563,68.215,0.464,-0.458,5.899,-1.86,6.296,0.115,0.106,0.15,0.1,0.309,0.334
"Senzatela, Antonio",622608,FF,1299,95.017,2228.733,212.665,-0.413,0.981,6.086,-2.096,6.059,0.053,0.172,0.084,0.126,0.408,0.371
"Senzatela, Antonio",622608,SL,412,86.774,2288.852,157.323,0.392,0.273,5.939,-2.223,6.158,0.114,0.119,0.167,0.097,0.377,0.352
"Severino, Luis",622663,CH,147,86.187,1603.19,246.15,-1.142,0.614,6.466,-1.952,5.756,0.082,0.102,0.102,0.129,0.445,0.429
"Severino, Luis",622663,FC,481,93.237,2286.657,197.233,0.056,0.774,6.334,-1.986,5.959,0.064,0.148,0.148,0.075,0.374,0.325
"Severino, Luis",622663,FF,766,96.104,2284.195,213.107,-0.596,1.36,6.253,-1.881,6.067,0.08,0.167,0.102,0.095,0.354,0.381
"Severino, Luis",622663,SI,551,95.626,2124.996,214.499,-1.172,1.012,6.335,-1.908,5.984,0.044,0.172,0.12,0.118,0.32,0.301
"Severino, Luis",622663,SL,109,87.03,2494.431,104.505,0.564,0.253,6.365,-2.102,5.828,0.064,0.147,0.174,0.046,0.208,0.284
"Severino, Luis",622663,ST,677,84.541,2579.991,75.437,1.312,0.2,6.294,-2.242,5.789,0.095,0.165,0.145,0.078,0.292,0.304
"Sewald, Paul",623149,FF,186,90.417,2526.253,240.376,-1.016,1.087,6.565,-3.775,4.349,0.091,0.177,0.108,0.086,0.329,0.332
"Sewald, Paul",623149,ST,131,82.315,2537.985,82.763,0.84,0.604,6.421,-3.748,4.558,0.122,0.206,0.122,0.061,0.25,0.212
"Seymour, Carson",693313,FF,136,96.815,2319.324,224.463,-0.671,1.205,6.65,-1.893,5.954,0.11,0.162,0.11,0.081,0.29,0.238
"Seymour, Carson",693313,SI,263,96.065,2249.635,227.798,-1.263,0.504,6.634,-1.877,5.948,0.046,0.274,0.061,0.106,0.39,0.334
"Seymour, Carson",693313,SL,131,86.947,2083.046,23.794,0.085,-0.479,6.585,-1.965,5.969,0.191,0.084,0.214,0.099,0.407,0.426
"Seymour, Ian",693855,CH,314,83.557,1713.366,128.857,1.254,0.74,6.17,1.465,5.942,0.178,0.099,0.169,0.073,0.272,0.353
"Seymour, Ian",693855,FC,214,88.254,2154.061,152.407,-0.036,0.821,6.25,1.69,5.782,0.079,0.196,0.075,0.107,0.339,0.314
"Seymour, Ian",693855,FF,317,91.597,2215.035,150.227,0.516,1.444,6.251,1.409,5.898,0.101,0.164,0.132,0.073,0.331,0.358
"Sheehan, Emmet",686218,CH,207,86.177,1156.242,263.908,-1.079,0.06,6.604,-1.237,5.456,0.14,0.077,0.164,0.111,0.228,0.271
"Sheehan, Emmet",686218,FF,616,95.705,2449.062,209.929,-0.774,1.498,6.709,-1.077,5.526,0.13,0.14,0.146,0.104,0.343,0.339
"Sheehan, Emmet",686218,SL,398,87.9,2359.465,176.251,0.29,0.332,6.624,-1.198,5.391,0.216,0.141,0.244,0.063,0.222,0.311
"Shugart, Chase",663767,FC,176,89.856,2460.062,175.699,0.341,0.535,6.165,-2.153,5.429,0.108,0.136,0.102,0.074,0.344,0.262
"Shugart, Chase",663767,FF,128,95.356,2107.094,216.055,-0.568,1.248,6.238,-1.878,5.598,0.055,0.211,0.047,0.086,0.406,0.394
"Shugart, Chase",663767,SI,140,94.296,2089.686,223.957,-1.159,0.718,6.209,-2.129,5.416,0.079,0.236,0.086,0.086,0.355,0.383
"Shugart, Chase",663767,ST,199,80.942,2660.357,61.668,1.428,0.001,6.07,-2.399,5.225,0.141,0.156,0.171,0.075,0.258,0.241
"Shuster, Jared",694363,CH,102,84.272,1798.225,117.363,1.056,0.019,6.621,1.565,5.384,0.137,0.088,0.225,0.049,0.222,0.278
"Simpson, Josh",681006,CU,145,80.558,2554.834,303.0,-0.906,-0.844,5.972,1.279,5.313,0.11,0.241,0.131,0.083,0.309,0.362
"Simpson, Josh",681006,SI,136,93.981,2231.654,135.588,1.26,0.458,5.941,1.371,5.228,0.037,0.213,0.074,0.125,0.471,0.319
"Simpson, Josh",681006,ST,158,82.352,2492.241,290.038,-1.123,0.084,5.953,1.619,4.852,0.158,0.158,0.19,0.032,0.211,0.262
"Sims, Lucas",608371,FF,125,94.826,2510.0,207.984,-0.514,1.51,5.98,-1.292,5.749,0.096,0.232,0.072,0.064,0.52,0.41
"Sims, Lucas",608371,ST,123,84.783,3074.935,69.049,1.296,0.332,5.853,-1.327,5.684,0.154,0.114,0.138,0.049,0.307,0.237
"Singer, Brady",663903,FC,264,87.479,2344.314,190.447,0.138,0.621,6.899,-1.519,5.313,0.106,0.133,0.133,0.08,0.394,0.328
"Singer, Brady",663903,FF,304,91.296,2443.122,210.928,-0.522,1.204,6.951,-1.387,5.277,0.069,0.132,0.089,0.046,0.292,0.351
"Singer, Brady",663903,SI,1157,92.195,2361.866,220.087,-1.327,0.846,7.005,-1.434,5.195,0.054,0.275,0.061,0.081,0.357,0.357
"Singer, Brady",663903,SL,809,82.595,2433.942,88.661,0.406,-0.095,6.854,-1.531,5.269,0.138,0.109,0.211,0.085,0.278,0.305
"Singer, Brady",663903,ST,316,81.622,2418.339,74.949,0.747,0.152,6.855,-1.564,5.178,0.165,0.098,0.199,0.073,0.268,0.288
"Sisk, Evan",681895,SI,103,89.975,2061.223,136.078,1.244,0.382,6.911,3.686,4.985,0.117,0.262,0.175,0.097,0.293,0.293
"Skenes, Paul",694973,CH,326,88.746,1807.601,262.586,-1.38,0.45,6.622,-2.668,5.564,0.227,0.018,0.319,0.025,0.123,0.236
"Skenes, Paul",694973,CU,144,83.892,2438.049,84.569,0.513,-0.213,6.597,-2.685,5.61,0.139,0.194,0.146,0.069,0.368,0.401
"Skenes, Paul",694973,FF,1167,98.188,2254.729,238.238,-1.166,0.967,6.714,-2.44,5.606,0.137,0.171,0.098,0.087,0.28,0.323
"Skenes, Paul",694973,FS,405,93.67,1675.605,250.215,-1.118,-0.002,6.598,-2.459,5.578,0.111,0.111,0.198,0.096,0.309,0.308
"Skenes, Paul",694973,SI,312,97.595,2268.138,239.51,-1.459,0.536,6.678,-2.268,5.6,0.071,0.208,0.179,0.112,0.284,0.308
"Skenes, Paul",694973,SL,168,85.252,2316.458,100.286,0.272,0.632,6.619,-2.417,5.507,0.149,0.202,0.095,0.018,0.204,0.197
"Skenes, Paul",694973,ST,475,84.452,2332.859,89.175,0.953,0.477,6.639,-2.397,5.527,0.143,0.183,0.124,0.04,0.209,0.245
"Skubal, Tarik",669373,CH,972,88.11,1834.326,135.067,1.246,0.533,6.438,1.882,6.057,0.284,0.101,0.276,0.05,0.182,0.29
"Skubal, Tarik",669373,FF,946,97.694,2360.68,155.689,0.284,1.421,6.472,1.573,6.211,0.151,0.111,0.137,0.062,0.276,0.307
"Skubal, Tarik",669373,SI,740,97.379,2251.318,153.405,1.094,1.129,6.51,1.671,6.114,0.084,0.234,0.072,0.076,0.313,0.334
"Skubal, Tarik",669373,SL,407,90.207,2238.929,185.081,-0.269,0.394,6.495,1.927,6.057,0.113,0.209,0.088,0.076,0.282,0.308
"Slaten, Justin",686580,FC,175,92.66,2600.451,169.429,0.392,0.645,6.795,-1.003,5.954,0.103,0.229,0.074,0.08,0.353,0.31
"Slaten, Justin",686580,FF,194,96.709,2454.356,196.299,-0.161,1.524,6.872,-0.825,5.975,0.139,0.098,0.113,0.077,0.25,0.205
"Smith, Cade",671922,FF,871,96.37,2318.672,215.627,-0.72,1.373,7.399,-2.502,5.868,0.135,0.181,0.113,0.053,0.245,0.299
"Smith, Cade",671922,FS,264,87.515,703.064,281.367,-0.658,-0.187,7.339,-2.606,5.744,0.208,0.072,0.265,0.076,0.265,0.369
"Smith, Cade",671922,ST,105,85.13,1988.162,79.981,1.045,0.342,7.171,-2.62,5.798,0.181,0.152,0.181,0.067,0.219,0.29
"Smith, Shane",681343,CH,406,90.011,1587.688,241.349,-1.218,0.116,6.77,-2.284,5.739,0.15,0.057,0.153,0.108,0.325,0.338
"Smith, Shane",681343,CU,353,82.109,2215.85,34.009,0.489,-0.964,6.694,-2.016,5.91,0.17,0.113,0.19,0.065,0.381,0.484
"Smith, Shane",681343,FF,1089,95.654,2280.842,217.827,-0.605,1.188,6.773,-2.122,5.771,0.109,0.185,0.084,0.073,0.285,0.284
"Smith, Shane",681343,SI,300,95.656,2123.81,218.687,-1.275,0.797,6.834,-2.055,5.752,0.07,0.223,0.117,0.107,0.335,0.301
"Smith, Shane",681343,SL,268,89.479,2206.531,168.461,0.206,0.307,6.651,-2.305,5.852,0.104,0.112,0.09,0.112,0.294,0.281
"Smith-Shawver, AJ",700363,CU,108,77.306,2292.528,44.157,0.729,-0.917,6.784,-2.079,5.783,0.093,0.231,0.13,0.074,0.299,0.296
"Smith-Shawver, AJ",700363,FF,332,95.597,2103.214,216.864,-0.769,1.341,6.845,-2.19,5.689,0.054,0.217,0.075,0.151,0.48,0.431
"Smith-Shawver, AJ",700363,FS,241,83.188,1055.436,230.237,-0.849,0.611,7.002,-2.073,5.65,0.216,0.058,0.278,0.054,0.232,0.319
"Snell, Blake",605483,CH,407,85.449,1812.307,131.627,1.13,0.817,6.806,2.214,6.372,0.241,0.125,0.243,0.057,0.229,0.248
"Snell, Blake",605483,CU,336,80.964,2551.798,323.821,-1.034,-0.549,6.684,1.899,6.544,0.161,0.173,0.185,0.062,0.241,0.359
"Snell, Blake",605483,FF,610,95.378,2461.216,157.902,0.365,1.497,6.797,1.942,6.551,0.075,0.174,0.123,0.062,0.327,0.349
"Snell, Blake",605483,SL,212,88.923,2341.292,168.976,-0.205,0.71,6.74,1.965,6.53,0.212,0.113,0.222,0.033,0.244,0.312
"Snider, Collin",676092,FC,105,86.88,2697.295,91.819,0.466,-0.037,6.141,-3.175,5.196,0.114,0.162,0.114,0.152,0.436,0.378
"Snider, Collin",676092,FF,118,92.366,2624.492,220.737,-0.074,0.675,5.997,-3.271,5.146,0.085,0.127,0.144,0.102,0.308,0.358
"Snider, Collin",676092,ST,149,82.397,2762.255,66.805,1.169,0.157,6.231,-3.185,5.169,0.087,0.128,0.121,0.081,0.382,0.308
"Soriano, George",666277,CH,213,88.445,1655.178,250.31,-0.966,-0.063,6.62,-2.277,5.668,0.075,0.15,0.146,0.117,0.356,0.402
"Soriano, George",666277,FF,123,96.05,2279.431,223.959,-0.712,1.147,6.405,-2.448,5.502,0.122,0.138,0.089,0.114,0.516,0.53
"Soriano, George",666277,SI,134,95.446,2189.06,227.836,-1.362,0.459,6.39,-2.281,5.432,0.037,0.284,0.09,0.082,0.48,0.471
"Soriano, George",666277,SL,111,86.795,2726.036,72.883,0.229,0.051,6.459,-2.625,5.417,0.162,0.135,0.189,0.036,0.299,0.253
"Soriano, George",666277,ST,111,85.157,2828.586,45.009,0.75,-0.05,6.294,-2.221,5.29,0.162,0.216,0.207,0.072,0.357,0.358
"Soriano, José",667755,FF,239,97.881,2225.092,227.782,-0.708,1.109,6.619,-1.282,5.842,0.096,0.167,0.063,0.054,0.366,0.387
"Soriano, José",667755,FS,256,92.335,1478.578,241.172,-0.861,-0.038,6.689,-1.286,5.77,0.191,0.027,0.227,0.055,0.212,0.347
"Soriano, José",667755,KC,743,85.236,2489.389,30.211,1.043,-0.824,6.653,-1.006,5.994,0.153,0.24,0.166,0.043,0.24,0.285
"Soriano, José",667755,SI,1368,97.186,1922.701,228.21,-1.104,0.259,6.631,-1.262,5.834,0.067,0.168,0.106,0.149,0.352,0.314
"Soriano, José",667755,SL,168,89.16,2426.036,90.774,0.17,-0.015,6.739,-1.105,5.887,0.214,0.03,0.244,0.101,0.255,0.387
"Soroka, Michael",647336,CH,157,84.381,2211.013,240.866,-1.446,0.696,6.17,-2.672,5.807,0.076,0.096,0.108,0.051,0.252,0.242
"Soroka, Michael",647336,FF,712,93.697,2536.501,224.701,-0.78,1.277,6.208,-2.704,5.668,0.076,0.19,0.077,0.09,0.352,0.33
"Soroka, Michael",647336,SI,158,93.361,2381.285,224.741,-1.398,0.731,6.202,-2.666,5.739,0.025,0.101,0.184,0.196,0.358,0.298
"Soroka, Michael",647336,SV,544,80.465,2919.794,52.472,0.993,-0.695,6.031,-2.607,5.914,0.14,0.21,0.153,0.044,0.219,0.28
"Soto, Gregory",642397,SI,542,96.844,2310.181,132.229,1.471,0.728,6.592,2.03,5.631,0.055,0.232,0.094,0.083,0.351,0.326
"Soto, Gregory",642397,SL,335,86.207,2441.558,187.31,-0.223,0.324,6.61,1.888,5.699,0.227,0.107,0.233,0.066,0.244,0.335
"Sousa, Bennett",656986,FF,295,95.068,2237.593,160.519,0.297,1.415,6.443,1.203,6.334,0.068,0.166,0.095,0.092,0.366,0.333
"Sousa, Bennett",656986,SL,418,85.675,2351.667,252.974,-0.305,-0.014,6.51,1.072,6.365,0.266,0.122,0.237,0.072,0.193,0.246
"Speier, Gabe",642100,FF,458,95.036,2243.086,133.23,0.831,1.257,5.939,1.84,5.396,0.148,0.146,0.133,0.09,0.249,0.338
"Speier, Gabe",642100,SI,298,94.398,2097.038,131.388,1.46,0.617,5.941,1.874,5.373,0.037,0.295,0.124,0.054,0.29,0.243
"Speier, Gabe",642100,SL,264,83.279,2190.911,268.12,-0.376,-0.15,6.025,1.952,5.207,0.212,0.095,0.261,0.083,0.24,0.327
"Spence, Mitch",687765,CU,238,81.777,2803.223,51.416,0.859,-0.856,6.251,-1.992,6.327,0.176,0.08,0.265,0.084,0.23,0.322
"Spence, Mitch",687765,FC,612,91.081,2682.154,171.641,0.325,0.363,6.263,-2.35,6.11,0.082,0.196,0.09,0.134,0.392,0.353
"Spence, Mitch",687765,SI,127,92.595,2380.575,212.323,-0.627,0.391,6.089,-2.402,6.074,0.047,0.126,0.118,0.157,0.561,0.421
"Spence, Mitch",687765,SL,362,84.545,2759.798,64.365,1.141,0.188,6.255,-2.598,5.965,0.177,0.124,0.221,0.083,0.358,0.35
"Springs, Jeffrey",605488,CH,720,79.15,1394.775,125.262,1.045,0.563,6.167,2.381,6.269,0.231,0.062,0.304,0.062,0.266,0.303
"Springs, Jeffrey",605488,FC,167,86.888,2203.293,165.509,0.023,0.712,6.229,2.352,6.1,0.09,0.138,0.078,0.084,0.397,0.354
"Springs, Jeffrey",605488,FF,1211,90.705,2170.805,139.371,0.947,1.333,6.466,2.334,5.971,0.055,0.193,0.097,0.085,0.356,0.338
"Springs, Jeffrey",605488,SL,575,83.487,2226.539,212.377,-0.334,0.207,6.229,2.426,6.096,0.082,0.235,0.09,0.097,0.363,0.322
"Springs, Jeffrey",605488,ST,174,76.229,2320.092,297.971,-1.244,-0.025,6.119,2.644,5.916,0.109,0.218,0.115,0.034,0.165,0.182
"Sproat, Brandon",687075,SI,101,95.681,1934.248,224.842,-1.394,0.578,6.391,-2.12,5.503,0.03,0.228,0.129,0.089,0.323,0.296
"Stanek, Ryne",592773,FF,607,98.55,2349.442,208.442,-0.72,1.528,5.913,-0.465,6.556,0.124,0.114,0.145,0.077,0.36,0.349
"Stanek, Ryne",592773,FS,127,89.325,963.386,238.701,-0.891,0.456,6.111,-0.399,6.45,0.11,0.047,0.165,0.071,0.292,0.346
"Stanek, Ryne",592773,SL,231,88.771,2464.922,69.636,0.255,0.026,6.006,-0.604,6.462,0.195,0.134,0.177,0.074,0.247,0.265
"Steele, Justin",657006,FF,143,90.822,2358.699,154.965,0.074,1.255,6.303,2.022,6.106,0.056,0.217,0.119,0.154,0.298,0.34
"Stephenson, Robert",596112,FC,101,87.362,2849.277,131.772,0.077,0.208,5.963,-1.199,6.167,0.238,0.119,0.198,0.089,0.303,0.299
"Sterner, Justin",686993,FC,351,87.384,2699.749,151.254,0.415,0.394,6.435,-2.971,5.436,0.151,0.148,0.191,0.077,0.313,0.354
"Sterner, Justin",686993,FF,570,93.511,2375.126,218.34,-0.814,1.437,6.494,-2.928,5.46,0.111,0.147,0.123,0.077,0.312,0.266
"Sterner, Justin",686993,ST,171,81.549,2738.83,62.596,1.302,0.235,6.427,-2.982,5.439,0.216,0.064,0.298,0.041,0.165,0.245
"Stewart, Brock",592779,FF,332,96.186,2615.919,215.506,-0.466,1.188,6.495,-1.998,5.34,0.169,0.163,0.087,0.069,0.268,0.326
"Strahm, Matt",621381,FC,146,87.711,2554.027,154.007,0.219,0.851,6.201,2.2,5.303,0.103,0.13,0.137,0.068,0.283,0.29
"Strahm, Matt",621381,FF,387,92.293,2530.437,132.93,1.127,1.398,6.22,2.084,5.335,0.111,0.16,0.134,0.067,0.272,0.311
"Strahm, Matt",621381,SI,155,92.388,2439.123,131.49,1.414,0.971,6.265,2.879,5.305,0.077,0.213,0.181,0.135,0.377,0.345
"Strahm, Matt",621381,SL,330,82.574,2692.367,260.742,-0.526,0.364,6.161,2.464,5.475,0.155,0.139,0.167,0.067,0.16,0.189
"Stratton, Chris",608717,FF,166,91.226,2426.855,212.964,-0.44,1.335,6.426,-1.881,5.894,0.108,0.205,0.096,0.054,0.398,0.304
"Stratton, Hunter",676702,FF,160,95.982,2503.45,204.15,-0.347,1.248,6.426,-1.422,6.008,0.062,0.131,0.094,0.081,0.399,0.42
"Strickland, Hunter",519326,FF,114,93.604,2237.219,221.675,-0.579,1.254,5.981,-2.665,6.086,0.061,0.167,0.096,0.088,0.254,0.221
"Strickland, Hunter",519326,SL,108,84.911,2658.028,74.139,0.456,0.069,5.988,-2.98,5.794,0.12,0.194,0.13,0.093,0.372,0.334
"Strider, Spencer",675911,CU,188,78.426,2661.878,62.133,0.836,-0.561,6.857,-1.752,5.825,0.191,0.154,0.197,0.027,0.265,0.261
"Strider, Spencer",675911,FF,1081,95.504,2300.183,210.978,-0.739,1.368,6.946,-1.646,5.795,0.068,0.172,0.077,0.096,0.392,0.357
"Strider, Spencer",675911,SL,744,84.123,2285.191,140.413,0.425,0.214,6.925,-1.733,5.744,0.235,0.089,0.255,0.085,0.281,0.355
"Stroman, Marcus",573186,FC,125,88.816,2501.864,199.304,0.061,0.642,5.895,-1.028,5.282,0.048,0.136,0.152,0.144,0.551,0.362
"Stroman, Marcus",573186,SI,257,89.755,2280.097,213.969,-0.892,0.298,5.921,-1.002,5.28,0.074,0.156,0.105,0.152,0.406,0.358
"Stroman, Marcus",573186,SV,136,82.112,2715.838,55.625,1.388,-0.106,5.862,-1.143,5.178,0.066,0.221,0.14,0.051,0.227,0.242
"Strowd, Kade",669704,FC,167,91.749,2591.144,149.431,0.445,0.357,6.208,-1.336,5.819,0.126,0.168,0.186,0.072,0.336,0.291
"Suarez, José",660761,FF,123,93.424,2418.228,141.122,0.696,1.487,6.057,2.069,5.677,0.098,0.228,0.041,0.089,0.389,0.369
"Suarez, Ranger",624133,CH,470,79.53,1283.779,117.209,0.908,0.273,6.234,2.114,5.77,0.174,0.034,0.294,0.057,0.244,0.283
"Suarez, Ranger",624133,CU,404,74.013,2110.911,308.906,-0.949,-0.723,6.275,2.013,5.852,0.119,0.183,0.166,0.054,0.206,0.224
"Suarez, Ranger",624133,FC,436,86.438,2111.328,167.117,-0.22,0.512,6.197,2.198,5.853,0.096,0.142,0.122,0.076,0.32,0.313
"Suarez, Ranger",624133,FF,363,91.369,1950.052,131.964,0.51,0.959,6.193,2.213,5.76,0.061,0.218,0.066,0.077,0.329,0.375
"Suarez, Ranger",624133,SI,717,90.15,1981.603,138.501,1.303,0.409,6.231,2.164,5.802,0.025,0.269,0.091,0.098,0.318,0.331
"Suarez, Ranger",624133,SL,112,79.697,2171.134,276.036,-0.699,0.448,6.281,2.224,5.695,0.259,0.152,0.188,0.027,0.186,0.325
"Suarez, Robert",663158,CH,269,90.484,1858.23,231.625,-1.422,0.646,6.859,-1.368,5.998,0.16,0.082,0.197,0.056,0.295,0.392
"Suarez, Robert",663158,FF,711,98.635,2402.672,205.309,-0.568,1.5,6.792,-1.194,6.222,0.114,0.149,0.108,0.08,0.302,0.334
"Suarez, Robert",663158,SI,143,98.401,2381.035,205.042,-1.081,1.315,6.87,-1.223,6.161,0.063,0.161,0.154,0.112,0.354,0.342
"Suero, Wander",593833,FC,108,92.072,2501.611,206.194,-0.267,1.47,6.429,-3.773,5.798,0.13,0.167,0.148,0.056,0.214,0.15
"Sugano, Tomoyuki",608372,CU,249,78.178,2673.538,47.329,0.759,-1.012,6.097,-2.262,6.058,0.056,0.241,0.129,0.092,0.529,0.468
"Sugano, Tomoyuki",608372,FC,308,88.162,2471.081,175.675,0.131,0.481,6.21,-2.4,5.995,0.049,0.192,0.107,0.117,0.431,0.341
"Sugano, Tomoyuki",608372,FF,485,92.747,2393.526,208.953,-0.48,1.4,6.23,-2.429,5.986,0.058,0.165,0.118,0.097,0.419,0.378
"Sugano, Tomoyuki",608372,FS,602,87.342,1590.033,216.532,-0.986,0.464,6.31,-2.334,6.018,0.125,0.085,0.231,0.066,0.293,0.351
"Sugano, Tomoyuki",608372,SI,412,92.909,2279.524,209.333,-1.175,1.0,6.263,-2.453,5.955,0.041,0.238,0.107,0.121,0.398,0.334
"Sugano, Tomoyuki",608372,ST,509,83.641,2598.633,65.882,0.937,0.207,6.176,-2.447,5.976,0.106,0.132,0.155,0.098,0.296,0.297
"Sulser, Cole",642121,CH,151,84.029,1652.927,234.099,-1.17,0.227,6.521,-1.733,5.754,0.172,0.04,0.285,0.099,0.205,0.238
"Sulser, Cole",642121,FF,153,92.935,2353.516,214.477,-0.827,1.493,6.631,-1.532,5.767,0.131,0.209,0.098,0.111,0.278,0.355
"Suter, Brent",608718,CH,254,76.748,1689.602,148.098,0.91,0.947,7.207,3.407,6.101,0.138,0.091,0.185,0.035,0.306,0.319
"Suter, Brent",608718,FF,486,87.29,2250.231,172.746,-0.228,1.175,7.444,3.211,6.075,0.082,0.16,0.093,0.097,0.34,0.323
"Suter, Brent",608718,SI,272,89.186,2188.18,153.239,0.958,1.05,7.502,3.304,6.005,0.051,0.268,0.074,0.062,0.255,0.256
"Suter, Brent",608718,SL,138,78.657,2314.471,290.116,-0.517,-0.313,7.188,3.46,6.238,0.101,0.109,0.152,0.087,0.369,0.406
"Svanson, Matt",694335,FC,158,92.204,2281.804,196.019,0.148,0.544,6.569,-1.651,5.72,0.095,0.177,0.076,0.089,0.358,0.368
"Svanson, Matt",694335,SI,457,96.846,2262.781,222.604,-1.281,0.806,6.649,-1.515,5.691,0.079,0.241,0.081,0.059,0.288,0.302
"Svanson, Matt",694335,ST,336,87.151,2261.711,74.565,0.834,0.232,6.519,-1.664,5.737,0.113,0.152,0.155,0.057,0.191,0.248
"Sánchez, Cristopher",650911,CH,1163,86.316,2043.906,106.309,1.409,-0.096,7.032,2.043,5.865,0.235,0.089,0.258,0.046,0.204,0.319
"Sánchez, Cristopher",650911,SI,1417,95.404,2138.181,120.573,1.526,0.369,6.985,1.91,5.937,0.059,0.248,0.069,0.121,0.323,0.316
"Sánchez, Cristopher",650911,SL,505,85.747,2090.43,261.285,-0.131,-0.051,6.895,1.949,5.967,0.154,0.172,0.15,0.079,0.311,0.32
"Taillon, Jameson",592791,CH,238,83.938,1751.34,231.702,-1.291,0.642,6.61,-1.264,6.177,0.197,0.109,0.206,0.063,0.202,0.231
"Taillon, Jameson",592791,CU,273,79.633,2578.223,40.681,0.774,-0.79,6.633,-1.216,6.246,0.059,0.249,0.114,0.084,0.251,0.26
"Taillon, Jameson",592791,FC,313,85.738,2541.307,164.227,0.536,0.669,6.651,-1.315,6.153,0.067,0.224,0.077,0.093,0.349,0.312
"Taillon, Jameson",592791,FF,808,92.277,2327.082,207.559,-0.615,1.518,6.792,-1.214,6.116,0.071,0.217,0.099,0.097,0.36,0.33
"Taillon, Jameson",592791,SI,152,92.326,2212.493,207.013,-1.074,1.189,6.799,-1.071,6.108,0.033,0.158,0.145,0.164,0.311,0.368
"Taillon, Jameson",592791,ST,330,80.195,2724.518,57.239,1.316,-0.073,6.71,-1.265,6.155,0.167,0.115,0.224,0.055,0.247,0.265
"Taylor, Grant",691799,CU,132,85.236,2485.78,15.106,0.248,-1.159,7.261,-0.581,5.911,0.152,0.258,0.129,0.076,0.19,0.325
"Taylor, Grant",691799,FC,102,95.261,2570.941,169.196,0.255,0.533,7.321,-0.96,5.732,0.098,0.167,0.137,0.186,0.383,0.377
"Taylor, Grant",691799,FF,338,98.668,2429.956,191.287,-0.046,1.403,7.405,-0.575,5.867,0.136,0.166,0.101,0.068,0.262,0.371
"Teng, Kai-Wei",678906,FF,143,93.166,2549.098,228.839,-0.723,1.08,6.297,-2.175,5.497,0.105,0.154,0.084,0.063,0.379,0.383
"Teng, Kai-Wei",678906,ST,221,84.438,2769.484,59.751,1.157,0.107,6.306,-2.296,5.372,0.163,0.199,0.208,0.036,0.28,0.303
"Thielbar, Caleb",573204,CU,245,76.124,2608.388,326.306,-0.59,-1.248,6.258,-0.021,6.185,0.131,0.216,0.139,0.057,0.21,0.286
"Thielbar, Caleb",573204,FF,373,92.934,2334.834,163.7,0.296,1.592,6.229,0.069,6.154,0.102,0.147,0.155,0.083,0.288,0.269
"Thielbar, Caleb",573204,SL,131,88.691,2337.115,193.397,-0.332,0.486,6.183,0.106,6.14,0.168,0.137,0.191,0.099,0.187,0.268
"Thielbar, Caleb",573204,ST,131,80.957,2577.916,297.779,-1.166,-0.029,6.164,0.328,6.046,0.092,0.206,0.122,0.038,0.262,0.263
"Thompson, Ryan",657044,SI,334,89.668,2003.222,275.71,-1.071,-0.592,6.791,-3.942,3.59,0.087,0.213,0.189,0.129,0.328,0.321
"Thompson, Ryan",657044,SL,264,77.951,2258.144,85.792,1.158,0.739,6.754,-4.015,3.68,0.163,0.133,0.193,0.064,0.228,0.258
"Thornton, Trent",663423,CU,122,80.954,3094.513,43.261,0.768,-1.12,6.062,-2.224,5.588,0.107,0.197,0.197,0.115,0.374,0.434
"Thornton, Trent",663423,FC,149,90.054,2734.099,164.489,0.308,0.411,6.101,-2.433,5.41,0.107,0.148,0.148,0.067,0.301,0.311
"Thornton, Trent",663423,FF,217,94.413,2456.132,207.476,-0.302,1.322,6.206,-2.241,5.487,0.083,0.175,0.055,0.106,0.299,0.295
"Thornton, Trent",663423,ST,122,80.153,2867.216,58.198,1.361,0.014,6.056,-2.689,5.173,0.107,0.205,0.18,0.115,0.4,0.357
"Tidwell, Blade",694918,FF,120,95.812,2241.083,208.558,-0.494,1.461,6.682,-1.572,6.296,0.075,0.225,0.1,0.058,0.293,0.275
"Tinoco, Jesus",622786,SL,130,85.071,2469.0,70.2,0.631,0.195,6.232,-2.331,5.091,0.131,0.2,0.169,0.015,0.27,0.284
"Tolle, Payton",801139,FF,202,96.683,2338.347,146.584,0.555,1.395,7.533,2.905,5.569,0.139,0.124,0.074,0.054,0.337,0.355
"Tong, Jonah",804636,CH,102,85.775,1637.245,230.853,-1.133,0.743,6.849,-2.381,5.823,0.098,0.157,0.137,0.118,0.365,0.303
"Tong, Jonah",804636,FF,213,95.241,2266.507,196.249,-0.269,1.647,6.815,-2.336,5.893,0.085,0.23,0.08,0.066,0.348,0.411
"Tonkin, Michael",543859,FF,226,92.43,2355.58,238.487,-1.104,0.935,6.026,-3.671,5.3,0.088,0.204,0.115,0.093,0.357,0.348
"Tonkin, Michael",543859,SL,103,83.917,2231.379,125.184,0.057,0.009,6.012,-3.66,5.338,0.087,0.155,0.126,0.058,0.312,0.257
"Topa, Justin",623437,CH,147,87.137,1843.102,269.748,-1.091,-0.45,5.921,-2.498,4.982,0.095,0.068,0.211,0.116,0.35,0.363
"Topa, Justin",623437,FC,196,91.164,2329.77,232.551,-0.134,0.53,5.761,-2.506,5.086,0.087,0.143,0.153,0.087,0.35,0.399
"Topa, Justin",623437,SI,349,94.158,2180.968,251.98,-1.476,0.02,5.78,-2.385,4.983,0.026,0.223,0.077,0.143,0.354,0.347
"Topa, Justin",623437,ST,287,82.856,2631.519,70.624,1.127,0.324,5.676,-2.58,4.928,0.129,0.24,0.171,0.066,0.243,0.317
"Treinen, Blake",595014,SI,183,95.889,2352.408,231.385,-1.442,0.447,5.623,-2.72,6.255,0.027,0.213,0.098,0.109,0.334,0.305
"Treinen, Blake",595014,ST,276,84.446,2611.862,46.881,1.194,-0.087,5.572,-2.952,6.234,0.17,0.156,0.257,0.069,0.229,0.304
"Trivino, Lou",642152,CH,140,87.262,1732.336,255.271,-1.296,0.259,6.458,-1.343,6.03,0.171,0.093,0.114,0.079,0.289,0.252
"Trivino, Lou",642152,FC,203,91.764,2360.768,197.3,0.138,0.814,6.319,-1.303,6.104,0.108,0.113,0.133,0.074,0.438,0.361
"Trivino, Lou",642152,FF,132,94.819,2052.288,221.333,-0.702,1.194,6.423,-1.255,6.052,0.076,0.167,0.106,0.061,0.343,0.36
"Trivino, Lou",642152,SI,186,95.158,2046.876,220.419,-1.33,0.796,6.447,-1.293,6.051,0.081,0.204,0.118,0.097,0.378,0.298
"Trivino, Lou",642152,ST,170,80.459,2599.329,59.024,1.432,-0.045,6.288,-1.218,6.101,0.112,0.182,0.129,0.018,0.19,0.267
"Uceta, Edwin",670955,CH,472,88.425,2150.916,245.624,-1.299,-0.025,6.315,-1.724,4.548,0.191,0.083,0.21,0.081,0.318,0.377
"Uceta, Edwin",670955,FC,193,89.39,2554.037,202.979,0.056,0.767,6.13,-1.632,4.665,0.145,0.202,0.145,0.078,0.407,0.39
"Uceta, Edwin",670955,FF,493,93.952,2410.266,235.303,-1.01,1.08,6.109,-1.627,4.476,0.176,0.118,0.142,0.059,0.268,0.289
"Ureña, José",570632,CH,230,88.788,1858.313,240.509,-1.316,0.715,6.316,-2.759,5.647,0.104,0.083,0.174,0.061,0.371,0.34
"Ureña, José",570632,SI,339,96.107,2175.732,230.74,-1.339,0.817,6.194,-2.595,5.658,0.047,0.198,0.097,0.156,0.412,0.329
"Ureña, José",570632,SL,239,87.561,2227.967,197.586,-0.054,0.657,6.185,-2.668,5.711,0.105,0.134,0.105,0.063,0.365,0.379
"Uribe, Abner",682842,SI,646,98.632,2314.604,214.276,-1.15,0.523,6.424,-1.22,5.846,0.079,0.2,0.096,0.094,0.326,0.323
"Uribe, Abner",682842,SL,579,87.129,2516.211,76.245,0.893,0.314,6.446,-1.177,5.895,0.187,0.19,0.171,0.029,0.193,0.272
"Valdez, Framber",664285,CH,517,89.816,1707.843,124.865,1.223,0.068,5.926,0.795,5.937,0.135,0.093,0.18,0.083,0.27,0.271
"Valdez, Framber",664285,CU,957,79.435,2942.759,317.967,-1.097,-1.23,5.856,0.82,5.954,0.19,0.124,0.219,0.063,0.235,0.331
"Valdez, Framber",664285,SI,1321,94.228,2200.862,138.098,1.306,0.498,5.871,0.685,6.032,0.05,0.241,0.079,0.132,0.36,0.335
"Vargas, Carlos",672841,FC,178,95.4,2267.57,207.471,-0.035,0.72,6.637,-2.657,5.832,0.118,0.124,0.101,0.118,0.305,0.324
"Vargas, Carlos",672841,SI,766,97.75,2169.265,222.004,-1.308,0.423,6.696,-2.663,5.728,0.064,0.209,0.12,0.097,0.315,0.293
"Vargas, Carlos",672841,SL,211,90.387,2383.986,114.244,0.294,0.192,6.587,-2.785,5.97,0.123,0.076,0.156,0.076,0.24,0.279
"Varland, Louis",686973,FF,579,98.226,2190.727,215.192,-0.63,1.316,6.975,-2.94,5.444,0.078,0.19,0.085,0.105,0.348,0.342
"Varland, Louis",686973,KC,491,88.084,2421.475,43.285,0.291,-0.516,6.919,-2.893,5.575,0.204,0.114,0.21,0.084,0.236,0.341
"Vasil, Mike",678024,CH,200,86.574,1496.86,246.46,-1.044,0.037,6.465,-1.576,5.869,0.09,0.105,0.16,0.12,0.294,0.276
"Vasil, Mike",678024,CU,203,81.704,2455.108,34.138,0.844,-1.16,6.084,-1.415,6.103,0.094,0.232,0.138,0.074,0.309,0.297
"Vasil, Mike",678024,FF,231,94.61,2289.619,221.13,-0.528,1.072,6.253,-1.604,5.878,0.16,0.134,0.134,0.03,0.297,0.294
"Vasil, Mike",678024,SI,657,94.372,2185.134,222.434,-1.213,0.381,6.237,-1.6,5.858,0.052,0.212,0.079,0.087,0.331,0.287
"Vasil, Mike",678024,ST,265,81.674,2557.019,50.525,1.376,-0.289,6.204,-1.578,5.908,0.106,0.143,0.121,0.049,0.251,0.299
"Veneziano, Anthony",685107,FF,146,93.967,2298.24,135.863,0.699,1.217,6.063,2.102,6.18,0.089,0.219,0.11,0.082,0.325,0.368
"Veneziano, Anthony",685107,SL,115,87.071,2365.504,197.383,-0.199,0.242,6.0,2.027,6.175,0.122,0.087,0.148,0.13,0.43,0.421
"Veneziano, Anthony",685107,ST,130,82.696,2435.815,297.946,-0.93,0.04,5.972,2.078,6.187,0.146,0.154,0.208,0.062,0.324,0.317
"Verlander, Justin",434378,CH,222,84.679,1728.887,228.73,-1.08,0.781,6.041,-2.019,7.05,0.131,0.131,0.14,0.068,0.279,0.304
"Verlander, Justin",434378,CU,381,78.47,2748.244,39.325,0.629,-1.027,5.996,-1.973,7.1,0.1,0.299,0.123,0.079,0.332,0.367
"Verlander, Justin",434378,FF,1182,93.921,2434.959,206.907,-0.739,1.553,6.013,-1.688,7.147,0.07,0.171,0.125,0.08,0.383,0.354
"Verlander, Justin",434378,SL,607,87.129,2503.445,167.463,0.338,0.46,6.019,-1.871,7.071,0.178,0.104,0.166,0.097,0.271,0.31
"Verlander, Justin",434378,ST,206,80.668,2671.961,48.83,0.965,-0.127,6.0,-2.112,6.967,0.121,0.136,0.136,0.058,0.186,0.201
"Vesia, Alex",681911,FF,623,92.664,2468.14,165.112,0.463,1.735,6.305,0.26,5.952,0.122,0.152,0.146,0.058,0.275,0.299
"Vesia, Alex",681911,SL,395,84.912,2382.504,209.635,-0.542,0.353,6.242,0.21,6.133,0.17,0.147,0.159,0.066,0.285,0.314
"Vest, Will",676684,FF,645,96.64,2253.525,209.681,-0.48,1.391,6.378,-1.875,5.697,0.091,0.219,0.068,0.084,0.302,0.355
"Vest, Will",676684,SI,203,96.047,2142.65,213.42,-1.171,0.938,6.401,-1.973,5.639,0.069,0.177,0.202,0.094,0.206,0.191
"Vest, Will",676684,SL,296,88.674,2740.798,49.565,0.424,-0.04,6.322,-2.098,5.562,0.203,0.101,0.206,0.051,0.199,0.286
"Vodnik, Victor",680767,CH,240,92.043,1900.158,242.971,-1.192,0.137,6.741,-2.242,5.13,0.204,0.058,0.225,0.054,0.211,0.269
"Vodnik, Victor",680767,FF,511,98.656,2313.117,213.419,-0.482,1.114,6.69,-1.938,5.415,0.059,0.159,0.072,0.112,0.362,0.33
"Vodnik, Victor",680767,SL,118,87.286,2364.729,78.695,0.304,-0.242,6.757,-1.899,5.345,0.102,0.22,0.136,0.059,0.283,0.304
"Vásquez, Randy",681190,CH,149,86.928,2067.161,242.322,-1.538,0.413,6.13,-1.993,5.864,0.06,0.081,0.087,0.074,0.365,0.318
"Vásquez, Randy",681190,CU,276,81.232,3059.891,73.214,1.029,-0.542,6.074,-1.934,6.008,0.076,0.127,0.159,0.112,0.355,0.342
"Vásquez, Randy",681190,FC,535,90.208,2514.088,194.686,0.118,0.911,6.164,-1.806,6.01,0.079,0.146,0.129,0.084,0.376,0.302
"Vásquez, Randy",681190,FF,452,93.483,2384.938,214.104,-0.757,1.299,6.172,-1.853,5.994,0.058,0.261,0.075,0.082,0.329,0.291
"Vásquez, Randy",681190,SI,409,93.143,2331.45,215.66,-1.285,0.943,6.164,-1.772,5.991,0.032,0.2,0.108,0.156,0.372,0.331
"Vásquez, Randy",681190,ST,281,82.127,2989.164,80.093,1.057,0.383,6.095,-2.042,5.788,0.103,0.11,0.135,0.085,0.313,0.308
"Wacha, Michael",608379,CH,677,79.843,1536.821,244.575,-1.08,0.628,6.65,-1.416,6.646,0.151,0.102,0.162,0.086,0.266,0.271
"Wacha, Michael",608379,CU,206,75.126,2267.786,31.947,0.96,-0.979,6.606,-1.584,6.53,0.092,0.165,0.102,0.049,0.301,0.344
"Wacha, Michael",608379,FC,401,88.161,2118.441,188.499,0.157,0.794,6.741,-1.631,6.387,0.075,0.167,0.125,0.102,0.372,0.321
"Wacha, Michael",608379,FF,719,93.056,2162.655,204.409,-0.538,1.507,6.71,-1.389,6.541,0.067,0.191,0.106,0.076,0.32,0.335
"Wacha, Michael",608379,SI,338,93.154,2043.852,207.604,-1.022,1.278,6.727,-1.414,6.434,0.05,0.172,0.112,0.104,0.355,0.369
"Wacha, Michael",608379,SL,324,84.876,1952.944,167.63,0.339,0.349,6.731,-1.479,6.447,0.139,0.117,0.173,0.077,0.33,0.317
"Waddell, Brandon",663399,FF,116,90.747,2232.328,151.431,0.279,1.283,6.072,2.543,6.15,0.086,0.129,0.129,0.121,0.335,0.265
"Waddell, Brandon",663399,SI,111,90.971,2108.667,148.649,1.244,0.777,6.079,2.583,6.043,0.081,0.171,0.126,0.144,0.403,0.365
"Waddell, Brandon",663399,ST,121,78.794,2554.405,291.496,-1.326,0.276,6.188,2.957,5.825,0.091,0.314,0.083,0.05,0.342,0.457
"Waldrep, Hurston",694462,CU,113,82.66,2308.604,29.315,0.591,-1.083,6.204,-0.952,6.223,0.097,0.23,0.08,0.053,0.188,0.275
"Waldrep, Hurston",694462,FC,188,93.068,2287.195,194.946,0.098,0.764,6.324,-0.858,6.213,0.043,0.165,0.048,0.149,0.442,0.371
"Waldrep, Hurston",694462,FS,279,86.757,762.213,242.426,-0.523,0.165,6.391,-0.766,6.197,0.208,0.068,0.201,0.065,0.222,0.341
"Waldrep, Hurston",694462,SI,162,95.92,2181.157,207.484,-1.055,0.907,6.267,-0.732,6.274,0.074,0.259,0.111,0.086,0.328,0.327
"Waldrep, Hurston",694462,SL,100,87.179,2248.2,83.17,0.159,-0.107,6.363,-0.882,6.161,0.11,0.18,0.11,0.06,0.385,0.393
"Walker, Ryan",676254,SI,630,95.966,2369.314,236.037,-1.401,0.286,6.417,-3.211,5.029,0.067,0.278,0.087,0.087,0.307,0.361
"Walker, Ryan",676254,SL,382,83.971,2695.531,67.395,1.273,0.203,6.38,-3.323,5.034,0.128,0.11,0.181,0.065,0.294,0.295
"Walker, Taijuan",592836,CU,134,74.906,2418.59,46.985,0.564,-0.861,5.747,-1.878,6.523,0.082,0.187,0.157,0.097,0.379,0.408
"Walker, Taijuan",592836,FC,629,87.115,2433.917,188.254,0.255,1.057,5.905,-1.904,6.502,0.078,0.226,0.099,0.086,0.321,0.259
"Walker, Taijuan",592836,FF,198,92.232,2127.157,215.141,-0.76,1.43,6.012,-1.741,6.555,0.066,0.247,0.076,0.086,0.367,0.321
"Walker, Taijuan",592836,FS,466,87.357,1454.026,224.758,-1.036,0.326,6.03,-1.934,6.415,0.088,0.06,0.185,0.12,0.339,0.34
"Walker, Taijuan",592836,SI,420,92.021,1963.533,215.231,-1.225,1.042,6.036,-1.734,6.509,0.031,0.238,0.1,0.095,0.318,0.31
"Walker, Taijuan",592836,SL,232,83.574,2468.19,137.414,0.565,0.451,5.925,-1.846,6.528,0.116,0.078,0.164,0.112,0.308,0.332
"Walter, Brandon",687888,CH,149,80.881,2076.591,82.195,1.468,0.006,6.493,2.247,5.307,0.195,0.087,0.268,0.067,0.196,0.232
"Walter, Brandon",687888,FC,223,88.229,2303.422,161.57,-0.158,0.565,6.636,2.24,5.662,0.085,0.202,0.135,0.152,0.323,0.318
"Walter, Brandon",687888,FF,157,91.78,2179.357,126.828,0.833,1.005,6.687,2.222,5.556,0.134,0.083,0.134,0.045,0.231,0.306
"Walter, Brandon",687888,SI,102,91.509,2104.549,122.941,1.46,0.432,6.725,2.224,5.455,0.059,0.324,0.127,0.137,0.322,0.412
"Walter, Brandon",687888,ST,183,79.53,2555.355,302.65,-1.39,-0.196,6.448,2.47,5.452,0.098,0.175,0.148,0.071,0.311,0.351
"Warren, Will",701542,CH,278,87.014,1721.036,247.511,-1.214,0.046,6.584,-2.529,5.608,0.137,0.036,0.245,0.083,0.323,0.335
"Warren, Will",701542,CU,202,80.201,2864.955,54.644,1.046,-0.926,6.449,-2.467,5.868,0.109,0.074,0.233,0.05,0.282,0.356
"Warren, Will",701542,FF,1198,93.275,2572.332,224.101,-0.657,1.287,6.807,-2.499,5.482,0.096,0.195,0.095,0.08,0.338,0.33
"Warren, Will",701542,SI,614,93.23,2429.425,229.301,-1.349,0.353,6.779,-2.378,5.491,0.046,0.257,0.086,0.121,0.317,0.33
"Warren, Will",701542,ST,594,82.735,3021.968,60.453,1.619,0.017,6.586,-2.612,5.605,0.114,0.221,0.15,0.069,0.367,0.398
"Weathers, Ryan",677960,CH,188,87.269,1861.777,122.676,1.042,0.226,5.985,3.122,5.595,0.207,0.106,0.181,0.074,0.287,0.314
"Weathers, Ryan",677960,FF,291,96.883,2368.048,141.656,0.781,1.327,5.923,2.887,5.863,0.076,0.179,0.045,0.103,0.335,0.305
"Weathers, Ryan",677960,ST,120,83.768,2560.208,303.875,-0.815,0.103,5.918,3.288,5.618,0.15,0.2,0.192,0.058,0.256,0.282
"Weaver, Luke",596133,CH,325,88.171,1972.988,221.794,-1.203,0.617,6.093,-1.569,5.519,0.218,0.068,0.246,0.058,0.24,0.275
"Weaver, Luke",596133,FF,635,95.142,2434.598,206.14,-0.57,1.582,6.083,-1.489,5.616,0.101,0.154,0.132,0.093,0.287,0.285
"Webb, Jacob",657097,CH,339,84.86,2260.951,240.437,-1.484,0.912,6.444,-2.723,5.623,0.198,0.115,0.215,0.053,0.268,0.297
"Webb, Jacob",657097,FF,435,93.372,2468.651,221.268,-0.711,1.433,6.409,-2.819,5.514,0.09,0.166,0.099,0.078,0.296,0.281
"Webb, Jacob",657097,ST,204,81.979,2600.173,35.041,1.151,-0.457,6.224,-2.941,5.546,0.083,0.186,0.137,0.088,0.272,0.275
"Webb, Logan",657277,CH,792,86.493,1501.932,271.311,-0.706,-0.468,6.837,-2.018,4.876,0.17,0.076,0.277,0.101,0.258,0.351
"Webb, Logan",657277,FC,255,91.041,2226.984,230.302,-0.163,0.643,6.785,-1.942,5.072,0.094,0.098,0.137,0.055,0.372,0.365
"Webb, Logan",657277,FF,258,92.772,2117.845,238.802,-0.741,0.888,6.828,-1.812,5.07,0.174,0.043,0.167,0.047,0.169,0.29
"Webb, Logan",657277,SI,1104,92.566,1960.631,242.065,-1.309,0.038,6.839,-1.917,5.08,0.049,0.305,0.064,0.1,0.329,0.333
"Webb, Logan",657277,ST,873,84.638,2543.62,55.257,1.217,-0.038,6.712,-2.085,4.934,0.104,0.246,0.144,0.057,0.316,0.358
"Weissert, Greg",669711,CH,106,86.021,1583.075,266.151,-1.184,-0.147,6.179,-2.351,4.639,0.132,0.075,0.217,0.038,0.159,0.216
"Weissert, Greg",669711,FF,360,94.133,2364.7,226.511,-0.716,1.051,5.87,-2.133,5.203,0.122,0.128,0.111,0.094,0.243,0.217
"Weissert, Greg",669711,SI,301,93.876,2154.877,239.518,-1.409,0.235,5.874,-2.298,4.946,0.053,0.276,0.106,0.1,0.341,0.317
"Weissert, Greg",669711,SL,173,85.584,2577.173,100.133,0.484,0.052,5.91,-2.382,4.871,0.116,0.197,0.127,0.092,0.381,0.367
"Wells, Tyler",669330,FF,125,92.81,2386.936,203.008,-0.417,1.482,6.157,-1.156,7.026,0.104,0.12,0.128,0.088,0.322,0.276
"Wentz, Joey",666214,CU,323,79.238,2536.752,311.548,-0.468,-0.609,7.132,0.774,6.277,0.124,0.108,0.204,0.059,0.245,0.355
"Wentz, Joey",666214,FC,167,86.814,2452.749,198.671,-0.166,0.528,6.982,1.412,6.108,0.12,0.096,0.144,0.09,0.24,0.229
"Wentz, Joey",666214,FF,800,93.433,2316.786,156.269,0.421,1.499,7.038,0.68,6.363,0.078,0.17,0.092,0.091,0.386,0.347
"Wentz, Joey",666214,SL,462,84.906,2521.981,225.351,-0.379,0.169,7.117,0.943,6.128,0.145,0.139,0.188,0.11,0.31,0.341
"Wesneski, Hayden",669713,FF,186,93.855,2257.935,209.941,-0.541,1.15,6.883,-1.546,5.96,0.081,0.167,0.065,0.113,0.377,0.346
"Wesneski, Hayden",669713,ST,125,83.298,2740.28,58.528,1.469,0.034,6.774,-1.658,5.943,0.12,0.208,0.176,0.072,0.245,0.323
"Wheeler, Zack",554430,CU,232,81.144,2811.216,56.56,1.043,-0.877,6.909,-2.115,5.271,0.211,0.086,0.272,0.034,0.12,0.258
"Wheeler, Zack",554430,FC,206,91.848,2563.583,206.218,0.068,0.78,7.114,-2.125,5.151,0.102,0.146,0.117,0.117,0.295,0.283
"Wheeler, Zack",554430,FF,979,96.074,2470.888,228.245,-0.844,1.225,7.277,-2.036,5.177,0.144,0.161,0.103,0.056,0.271,0.304
"Wheeler, Zack",554430,FS,212,87.102,1533.708,239.509,-1.099,0.36,7.289,-2.029,5.182,0.193,0.024,0.222,0.057,0.234,0.301
"Wheeler, Zack",554430,SI,409,95.436,2310.279,227.939,-1.462,0.627,7.246,-2.018,5.116,0.066,0.176,0.196,0.071,0.264,0.282
"Wheeler, Zack",554430,ST,356,83.713,2669.399,63.365,1.131,0.224,7.001,-2.155,5.101,0.191,0.166,0.16,0.048,0.219,0.311
"Whisenhunt, Carson",687931,CH,152,81.149,2073.25,103.138,1.316,0.564,6.691,2.36,6.03,0.197,0.066,0.211,0.099,0.313,0.306
"Whisenhunt, Carson",687931,FF,195,92.582,2266.456,141.549,0.881,1.367,6.668,2.048,6.426,0.046,0.221,0.123,0.103,0.445,0.339
"Whitlock, Garrett",676477,CH,261,84.307,2277.345,265.521,-1.418,0.015,7.28,-1.565,5.624,0.18,0.077,0.264,0.088,0.273,0.316
"Whitlock, Garrett",676477,SI,577,95.824,2189.349,227.394,-1.085,1.262,7.266,-1.372,5.809,0.147,0.172,0.099,0.066,0.288,0.302
"Whitlock, Garrett",676477,SL,376,84.676,2115.439,40.907,0.28,-0.491,7.267,-1.485,5.839,0.178,0.176,0.221,0.072,0.242,0.319
"Williams, Devin",642207,CH,620,83.75,2735.276,280.055,-1.601,-0.395,7.225,-2.517,5.143,0.189,0.127,0.263,0.066,0.28,0.318
"Williams, Devin",642207,FF,571,94.17,2366.628,226.725,-1.076,1.304,7.475,-2.352,5.389,0.138,0.152,0.103,0.046,0.266,0.322
"Williams, Gavin",668909,CU,665,82.001,2455.856,36.877,0.843,-1.111,6.743,-2.787,6.172,0.129,0.134,0.176,0.062,0.24,0.295
"Williams, Gavin",668909,FC,429,91.719,2284.411,209.221,-0.189,0.582,6.815,-2.975,5.889,0.089,0.177,0.096,0.135,0.378,0.292
"Williams, Gavin",668909,FF,1111,96.593,2306.358,222.142,-0.91,1.263,6.935,-2.788,6.019,0.103,0.161,0.095,0.085,0.381,0.344
"Williams, Gavin",668909,SI,201,95.924,2064.776,231.995,-1.258,0.801,7.035,-2.831,5.858,0.03,0.269,0.1,0.104,0.338,0.307
"Williams, Gavin",668909,ST,605,86.535,2269.646,50.251,0.837,-0.104,6.835,-2.912,5.905,0.193,0.137,0.2,0.053,0.243,0.34
"Williams, Trevor",592866,CH,186,81.316,1485.634,251.957,-1.137,0.031,7.015,-2.423,4.91,0.129,0.022,0.22,0.048,0.313,0.355
"Williams, Trevor",592866,FF,613,87.743,2220.742,211.987,-0.184,0.844,6.832,-2.356,4.973,0.069,0.204,0.085,0.111,0.342,0.351
"Williams, Trevor",592866,SI,124,86.663,1935.927,221.944,-1.137,0.387,6.913,-2.437,4.894,0.065,0.153,0.145,0.105,0.456,0.387
"Williams, Trevor",592866,SL,127,80.731,2221.732,146.055,0.493,0.332,6.9,-2.543,4.961,0.0,0.26,0.079,0.11,0.438,0.392
"Williams, Trevor",592866,ST,398,76.809,2226.563,91.99,0.87,0.61,6.903,-2.538,4.937,0.116,0.163,0.171,0.058,0.25,0.286
"Wilson, Bryse",669060,CH,152,85.896,1721.934,238.329,-1.501,0.358,6.455,-2.658,5.717,0.072,0.053,0.211,0.099,0.395,0.358
"Wilson, Bryse",669060,CU,143,80.817,2446.69,57.077,1.25,-0.05,6.57,-2.594,5.702,0.091,0.119,0.14,0.105,0.38,0.287
"Wilson, Bryse",669060,FC,205,88.02,2127.683,193.054,0.145,0.768,6.462,-2.553,5.819,0.083,0.166,0.151,0.107,0.49,0.454
"Wilson, Bryse",669060,FF,151,92.585,2206.493,217.555,-0.682,1.323,6.471,-2.566,5.989,0.093,0.152,0.146,0.079,0.47,0.467
"Wilson, Bryse",669060,SI,203,91.947,2120.693,223.678,-1.407,0.635,6.466,-2.493,5.809,0.03,0.236,0.118,0.123,0.374,0.389
"Wilson, Justin",458677,FC,127,91.454,2372.165,172.717,-0.259,1.103,6.139,1.242,6.346,0.071,0.181,0.142,0.087,0.362,0.329
"Wilson, Justin",458677,FF,389,94.474,2251.344,156.306,0.432,1.576,6.095,1.147,6.407,0.152,0.159,0.108,0.051,0.341,0.344
"Wilson, Justin",458677,SL,281,87.98,2291.651,204.306,-0.178,0.246,6.195,1.227,6.351,0.178,0.085,0.196,0.078,0.25,0.346
"Wilson, Steven",621051,FF,325,93.851,2491.163,202.969,-0.516,1.574,6.709,-2.134,5.933,0.083,0.172,0.098,0.083,0.295,0.341
"Wilson, Steven",621051,ST,568,82.096,2648.327,52.56,1.263,-0.028,6.499,-2.422,5.856,0.121,0.153,0.109,0.063,0.302,0.296
"Winn, Cole",668390,FC,118,91.286,2439.709,189.773,0.232,0.615,6.763,-1.838,5.46,0.127,0.161,0.144,0.136,0.333,0.29
"Winn, Cole",668390,FF,171,96.205,2412.325,211.044,-0.579,1.353,6.875,-1.615,5.465,0.076,0.158,0.076,0.076,0.311,0.289
"Winn, Cole",668390,SI,130,95.347,2363.508,216.213,-1.296,0.709,6.889,-1.788,5.322,0.038,0.2,0.062,0.123,0.388,0.295
"Winn, Cole",668390,SL,119,86.057,2687.642,46.532,0.208,-0.467,6.787,-1.607,5.58,0.151,0.168,0.21,0.059,0.275,0.326
"Wolfram, Grant",664991,SI,211,96.008,2282.147,146.284,1.175,1.016,6.279,2.127,6.219,0.081,0.237,0.118,0.09,0.347,0.33
"Wolfram, Grant",664991,SL,128,86.757,2381.039,255.859,-0.22,0.109,6.27,2.175,6.182,0.148,0.148,0.109,0.062,0.276,0.324
"Woo, Bryan",693433,CH,193,89.607,1826.717,235.817,-1.352,0.386,6.647,-1.388,4.938,0.098,0.047,0.145,0.078,0.28,0.298
"Woo, Bryan",693433,FF,1322,95.733,2296.833,224.928,-0.813,1.241,6.482,-1.424,5.056,0.139,0.131,0.128,0.058,0.263,0.271
"Woo, Bryan",693433,SI,712,95.43,2303.774,223.853,-1.382,0.5,6.52,-1.351,5.021,0.049,0.211,0.111,0.132,0.313,0.324
"Woo, Bryan",693433,SL,299,88.371,2246.538,177.124,0.255,0.415,6.527,-1.406,5.03,0.171,0.127,0.147,0.127,0.315,0.366
"Woo, Bryan",693433,ST,254,84.935,2487.767,71.383,0.931,0.329,6.53,-1.456,4.952,0.213,0.106,0.213,0.028,0.169,0.282
"Woodford, Jake",663765,CH,116,86.516,1313.509,246.681,-0.67,-0.015,6.58,-2.079,5.127,0.078,0.078,0.129,0.103,0.35,0.353
"Woodford, Jake",663765,FF,108,93.061,2168.583,221.963,-0.518,1.094,6.536,-1.998,5.229,0.093,0.111,0.102,0.083,0.33,0.285
"Woodford, Jake",663765,SI,196,93.255,2051.995,230.597,-1.277,0.48,6.601,-2.234,5.004,0.026,0.209,0.153,0.107,0.361,0.368
"Woodford, Jake",663765,ST,143,81.097,2544.406,63.93,1.178,-0.053,6.443,-2.353,4.901,0.063,0.168,0.091,0.084,0.339,0.348
"Woodruff, Brandon",605540,CH,170,83.6,1907.976,223.053,-1.221,0.693,6.534,-1.532,5.863,0.2,0.082,0.194,0.018,0.125,0.177
"Woodruff, Brandon",605540,FC,151,89.475,2372.662,191.424,0.2,1.082,6.428,-1.43,5.978,0.099,0.199,0.079,0.026,0.201,0.179
"Woodruff, Brandon",605540,FF,296,93.065,2343.155,200.889,-0.285,1.465,6.456,-1.347,6.001,0.152,0.169,0.101,0.088,0.219,0.328
"Woodruff, Brandon",605540,SI,299,92.852,2289.702,204.599,-1.075,1.151,6.479,-1.392,5.942,0.067,0.251,0.097,0.094,0.3,0.258
"Woods Richardson, Simeon",680573,CU,245,77.916,2577.787,27.242,0.487,-1.142,6.64,-1.144,6.459,0.049,0.257,0.078,0.078,0.339,0.304
"Woods Richardson, Simeon",680573,FF,856,93.201,2252.514,197.61,-0.448,1.53,6.699,-1.167,6.469,0.092,0.152,0.113,0.085,0.337,0.3
"Woods Richardson, Simeon",680573,FS,187,86.103,1073.225,219.984,-0.787,0.648,6.899,-1.36,6.314,0.176,0.059,0.182,0.07,0.168,0.192
"Woods Richardson, Simeon",680573,SL,510,85.458,2300.118,159.953,0.406,0.482,6.675,-1.339,6.334,0.124,0.145,0.161,0.086,0.261,0.265
"Wrobleski, Justin",680736,FC,154,92.096,2444.013,156.896,-0.056,0.715,5.555,2.337,5.368,0.123,0.195,0.104,0.11,0.39,0.379
"Wrobleski, Justin",680736,FF,349,96.104,2430.06,141.997,0.596,1.359,5.553,2.105,5.51,0.138,0.129,0.138,0.054,0.272,0.424
"Wrobleski, Justin",680736,SI,244,95.131,2139.377,143.766,1.21,0.884,5.606,2.154,5.436,0.037,0.27,0.078,0.09,0.347,0.329
"Wrobleski, Justin",680736,SL,291,87.693,2441.931,264.12,-0.278,-0.003,5.467,2.34,5.457,0.134,0.11,0.165,0.1,0.232,0.294
"Yamamoto, Yoshinobu",808967,CU,599,77.003,2771.641,33.835,1.013,-1.34,6.536,-1.628,5.544,0.149,0.224,0.14,0.055,0.268,0.308
"Yamamoto, Yoshinobu",808967,FC,373,91.184,2444.713,178.777,0.305,0.634,6.45,-1.93,5.386,0.105,0.137,0.158,0.083,0.306,0.31
"Yamamoto, Yoshinobu",808967,FF,1100,95.45,2207.033,214.927,-0.577,1.333,6.478,-1.882,5.435,0.075,0.265,0.061,0.064,0.295,0.314
"Yamamoto, Yoshinobu",808967,FS,830,91.029,1421.245,236.536,-0.931,0.149,6.525,-1.912,5.384,0.2,0.061,0.258,0.084,0.193,0.262
"Yamamoto, Yoshinobu",808967,SI,250,94.846,2249.428,211.256,-1.133,1.01,6.49,-1.816,5.431,0.076,0.136,0.18,0.116,0.369,0.341
"Yarbrough, Ryan",642232,CH,209,77.933,1913.201,81.167,1.453,-0.163,6.286,3.199,4.951,0.182,0.077,0.278,0.033,0.286,0.325
"Yarbrough, Ryan",642232,FC,263,83.2,2105.179,142.783,-0.03,0.658,6.141,3.388,4.939,0.068,0.224,0.057,0.091,0.385,0.333
"Yarbrough, Ryan",642232,FF,141,88.27,1935.085,114.262,1.241,0.889,6.252,3.031,5.477,0.085,0.177,0.071,0.106,0.261,0.298
"Yarbrough, Ryan",642232,SI,207,86.926,1832.43,108.971,1.474,0.413,6.221,3.12,5.199,0.039,0.261,0.087,0.121,0.418,0.415
"Yarbrough, Ryan",642232,ST,197,71.794,2255.523,266.624,-1.034,0.625,6.096,3.436,4.775,0.193,0.137,0.122,0.036,0.198,0.238
"Yates, Kirby",489446,FF,426,92.746,2329.507,231.961,-1.13,1.145,6.085,-2.535,5.157,0.157,0.169,0.092,0.059,0.317,0.297
"Yates, Kirby",489446,FS,315,85.881,1215.743,264.902,-1.012,0.005,6.128,-2.522,5.134,0.162,0.048,0.232,0.086,0.328,0.38
"Yesavage, Trey",702056,FF,272,94.313,2260.588,196.592,-0.374,1.623,6.264,-0.444,7.051,0.062,0.202,0.118,0.077,0.372,0.296
"Yesavage, Trey",702056,FS,186,83.758,1531.226,217.091,-0.979,0.619,6.114,-0.477,7.178,0.274,0.177,0.22,0.043,0.188,0.291
"Yesavage, Trey",702056,SL,221,88.463,2211.633,206.977,-0.313,0.389,6.048,-0.58,7.131,0.195,0.131,0.204,0.109,0.299,0.354
"Young, Brandon",687064,CU,148,76.116,2721.959,36.068,0.959,-1.262,6.409,-0.729,6.094,0.074,0.176,0.149,0.061,0.279,0.315
"Young, Brandon",687064,FF,411,93.754,2210.9,198.689,-0.224,1.496,6.642,-0.661,6.007,0.08,0.2,0.112,0.102,0.298,0.291
"Young, Brandon",687064,FS,167,87.266,1536.575,218.048,-0.86,0.407,6.629,-0.79,5.995,0.174,0.048,0.216,0.12,0.285,0.3
"Zastryzny, Rob",642239,FC,115,86.299,2537.4,225.67,-0.446,0.328,6.592,1.999,5.643,0.148,0.2,0.122,0.087,0.39,0.288
"Zastryzny, Rob",642239,FF,154,91.894,2515.578,158.753,0.28,1.37,6.653,1.943,5.675,0.117,0.149,0.078,0.058,0.318,0.317
"Zeferjahn, Ryan",666171,FC,226,91.001,2394.885,158.717,0.363,0.414,6.398,-1.946,5.986,0.119,0.181,0.071,0.075,0.441,0.354
"Zeferjahn, Ryan",666171,FF,324,97.367,2212.59,209.392,-0.39,1.319,6.602,-1.843,5.804,0.093,0.173,0.102,0.059,0.299,0.314
"Zeferjahn, Ryan",666171,SL,172,88.199,2499.07,109.326,0.531,-0.068,6.471,-1.921,6.018,0.122,0.14,0.105,0.076,0.412,0.394
"Zeferjahn, Ryan",666171,ST,276,83.886,2686.946,68.906,1.272,0.261,6.456,-2.152,5.826,0.167,0.159,0.159,0.04,0.23,0.291
"Zerpa, Angel",672582,FF,225,96.208,2003.627,132.529,0.803,0.963,5.544,2.713,5.389,0.102,0.138,0.156,0.071,0.324,0.383
"Zerpa, Angel",672582,SI,483,96.622,2062.05,125.126,1.37,0.317,5.537,2.826,5.244,0.033,0.282,0.06,0.097,0.309,0.289
"Zerpa, Angel",672582,SL,351,85.139,2608.715,311.541,-0.508,-0.573,5.514,2.68,5.401,0.085,0.179,0.182,0.094,0.307,0.326
"deGrom, Jacob",594798,CH,295,89.835,1665.969,235.773,-1.158,0.172,6.809,-1.265,5.464,0.173,0.041,0.2,0.071,0.294,0.354
"deGrom, Jacob",594798,CU,133,80.892,2781.398,71.353,0.874,-0.439,6.619,-1.331,5.638,0.143,0.308,0.12,0.045,0.24,0.282
"deGrom, Jacob",594798,FF,1203,97.5,2518.609,219.81,-0.742,1.375,6.733,-1.384,5.46,0.104,0.163,0.106,0.087,0.299,0.295
"deGrom, Jacob",594798,SL,983,90.372,2697.956,142.031,0.397,0.198,6.707,-1.415,5.522,0.181,0.135,0.224,0.078,0.273,0.334
